TimeQuest Timing Analyzer report for pongTop
Sat Sep 16 18:48:37 2023
Quartus II Version 9.1 Build 350 03/24/2010 Service Pack 2 SJ Web Edition


---------------------
; Table of Contents ;
---------------------
  1. Legal Notice
  2. TimeQuest Timing Analyzer Summary
  3. Parallel Compilation
  4. Clocks
  5. Slow 1200mV 85C Model Fmax Summary
  6. Slow 1200mV 85C Model Setup Summary
  7. Slow 1200mV 85C Model Hold Summary
  8. Slow 1200mV 85C Model Recovery Summary
  9. Slow 1200mV 85C Model Removal Summary
 10. Slow 1200mV 85C Model Minimum Pulse Width Summary
 11. Slow 1200mV 85C Model Setup: 'clk_in'
 12. Slow 1200mV 85C Model Setup: 'vga_controller:vga_controller_inst|clk_25'
 13. Slow 1200mV 85C Model Hold: 'clk_in'
 14. Slow 1200mV 85C Model Hold: 'vga_controller:vga_controller_inst|clk_25'
 15. Slow 1200mV 85C Model Minimum Pulse Width: 'clk_in'
 16. Slow 1200mV 85C Model Minimum Pulse Width: 'vga_controller:vga_controller_inst|clk_25'
 17. Setup Times
 18. Hold Times
 19. Clock to Output Times
 20. Minimum Clock to Output Times
 21. Propagation Delay
 22. Minimum Propagation Delay
 23. Slow 1200mV 85C Model Metastability Report
 24. Slow 1200mV 0C Model Fmax Summary
 25. Slow 1200mV 0C Model Setup Summary
 26. Slow 1200mV 0C Model Hold Summary
 27. Slow 1200mV 0C Model Recovery Summary
 28. Slow 1200mV 0C Model Removal Summary
 29. Slow 1200mV 0C Model Minimum Pulse Width Summary
 30. Slow 1200mV 0C Model Setup: 'clk_in'
 31. Slow 1200mV 0C Model Setup: 'vga_controller:vga_controller_inst|clk_25'
 32. Slow 1200mV 0C Model Hold: 'clk_in'
 33. Slow 1200mV 0C Model Hold: 'vga_controller:vga_controller_inst|clk_25'
 34. Slow 1200mV 0C Model Minimum Pulse Width: 'clk_in'
 35. Slow 1200mV 0C Model Minimum Pulse Width: 'vga_controller:vga_controller_inst|clk_25'
 36. Setup Times
 37. Hold Times
 38. Clock to Output Times
 39. Minimum Clock to Output Times
 40. Propagation Delay
 41. Minimum Propagation Delay
 42. Slow 1200mV 0C Model Metastability Report
 43. Fast 1200mV 0C Model Setup Summary
 44. Fast 1200mV 0C Model Hold Summary
 45. Fast 1200mV 0C Model Recovery Summary
 46. Fast 1200mV 0C Model Removal Summary
 47. Fast 1200mV 0C Model Minimum Pulse Width Summary
 48. Fast 1200mV 0C Model Setup: 'clk_in'
 49. Fast 1200mV 0C Model Setup: 'vga_controller:vga_controller_inst|clk_25'
 50. Fast 1200mV 0C Model Hold: 'clk_in'
 51. Fast 1200mV 0C Model Hold: 'vga_controller:vga_controller_inst|clk_25'
 52. Fast 1200mV 0C Model Minimum Pulse Width: 'clk_in'
 53. Fast 1200mV 0C Model Minimum Pulse Width: 'vga_controller:vga_controller_inst|clk_25'
 54. Setup Times
 55. Hold Times
 56. Clock to Output Times
 57. Minimum Clock to Output Times
 58. Propagation Delay
 59. Minimum Propagation Delay
 60. Fast 1200mV 0C Model Metastability Report
 61. Multicorner Timing Analysis Summary
 62. Setup Times
 63. Hold Times
 64. Clock to Output Times
 65. Minimum Clock to Output Times
 66. Progagation Delay
 67. Minimum Progagation Delay
 68. Board Trace Model Assignments
 69. Input Transition Times
 70. Slow Corner Signal Integrity Metrics
 71. Fast Corner Signal Integrity Metrics
 72. Setup Transfers
 73. Hold Transfers
 74. Report TCCS
 75. Report RSKM
 76. Unconstrained Paths
 77. TimeQuest Timing Analyzer Messages



----------------
; Legal Notice ;
----------------
Copyright (C) 1991-2010 Altera Corporation
Your use of Altera Corporation's design tools, logic functions 
and other software and tools, and its AMPP partner logic 
functions, and any output files from any of the foregoing 
(including device programming or simulation files), and any 
associated documentation or information are expressly subject 
to the terms and conditions of the Altera Program License 
Subscription Agreement, Altera MegaCore Function License 
Agreement, or other applicable license agreement, including, 
without limitation, that your use is for the sole purpose of 
programming logic devices manufactured by Altera and sold by 
Altera or its authorized distributors.  Please refer to the 
applicable agreement for further details.



+-------------------------------------------------------------------------------------+
; TimeQuest Timing Analyzer Summary                                                   ;
+--------------------+----------------------------------------------------------------+
; Quartus II Version ; Version 9.1 Build 350 03/24/2010 Service Pack 2 SJ Web Edition ;
; Revision Name      ; pongTop                                                        ;
; Device Family      ; Cyclone III                                                    ;
; Device Name        ; EP3C16F484C6                                                   ;
; Timing Models      ; Final                                                          ;
; Delay Model        ; Combined                                                       ;
; Rise/Fall Delays   ; Enabled                                                        ;
+--------------------+----------------------------------------------------------------+


Parallel compilation was disabled, but you have multiple processors available. Enable parallel compilation to reduce compilation time.
+-------------------------------------+
; Parallel Compilation                ;
+----------------------------+--------+
; Processors                 ; Number ;
+----------------------------+--------+
; Number detected on machine ; 2      ;
; Maximum allowed            ; 1      ;
+----------------------------+--------+


+------------------------------------------------------------------------------------------------------------------------------------------------------------------------------------------------------------------------------------------------------+
; Clocks                                                                                                                                                                                                                                               ;
+-------------------------------------------+------+--------+------------+-------+-------+------------+-----------+-------------+-------+--------+-----------+------------+----------+--------+--------+-----------------------------------------------+
; Clock Name                                ; Type ; Period ; Frequency  ; Rise  ; Fall  ; Duty Cycle ; Divide by ; Multiply by ; Phase ; Offset ; Edge List ; Edge Shift ; Inverted ; Master ; Source ; Targets                                       ;
+-------------------------------------------+------+--------+------------+-------+-------+------------+-----------+-------------+-------+--------+-----------+------------+----------+--------+--------+-----------------------------------------------+
; clk_in                                    ; Base ; 1.000  ; 1000.0 MHz ; 0.000 ; 0.500 ;            ;           ;             ;       ;        ;           ;            ;          ;        ;        ; { clk_in }                                    ;
; vga_controller:vga_controller_inst|clk_25 ; Base ; 1.000  ; 1000.0 MHz ; 0.000 ; 0.500 ;            ;           ;             ;       ;        ;           ;            ;          ;        ;        ; { vga_controller:vga_controller_inst|clk_25 } ;
+-------------------------------------------+------+--------+------------+-------+-------+------------+-----------+-------------+-------+--------+-----------+------------+----------+--------+--------+-----------------------------------------------+


+---------------------------------------------------------------------------------+
; Slow 1200mV 85C Model Fmax Summary                                              ;
+------------+-----------------+-------------------------------------------+------+
; Fmax       ; Restricted Fmax ; Clock Name                                ; Note ;
+------------+-----------------+-------------------------------------------+------+
; 148.96 MHz ; 148.96 MHz      ; clk_in                                    ;      ;
; 256.81 MHz ; 256.81 MHz      ; vga_controller:vga_controller_inst|clk_25 ;      ;
+------------+-----------------+-------------------------------------------+------+
This panel reports FMAX for every clock in the design, regardless of the user-specified clock periods.  FMAX is only computed for paths where the source and destination registers or ports are driven by the same clock.  Paths of different clocks, including generated clocks, are ignored.  For paths between a clock and its inversion, FMAX is computed as if the rising and falling edges are scaled along with FMAX, such that the duty cycle (in terms of a percentage) is maintained. Altera recommends that you always use clock constraints and other slack reports for sign-off analysis.


+--------------------------------------------------------------------+
; Slow 1200mV 85C Model Setup Summary                                ;
+-------------------------------------------+--------+---------------+
; Clock                                     ; Slack  ; End Point TNS ;
+-------------------------------------------+--------+---------------+
; clk_in                                    ; -5.713 ; -1316.368     ;
; vga_controller:vga_controller_inst|clk_25 ; -2.894 ; -154.493      ;
+-------------------------------------------+--------+---------------+


+--------------------------------------------------------------------+
; Slow 1200mV 85C Model Hold Summary                                 ;
+-------------------------------------------+--------+---------------+
; Clock                                     ; Slack  ; End Point TNS ;
+-------------------------------------------+--------+---------------+
; clk_in                                    ; -0.006 ; -0.006        ;
; vga_controller:vga_controller_inst|clk_25 ; 0.549  ; 0.000         ;
+-------------------------------------------+--------+---------------+


------------------------------------------
; Slow 1200mV 85C Model Recovery Summary ;
------------------------------------------
No paths to report.


-----------------------------------------
; Slow 1200mV 85C Model Removal Summary ;
-----------------------------------------
No paths to report.


+--------------------------------------------------------------------+
; Slow 1200mV 85C Model Minimum Pulse Width Summary                  ;
+-------------------------------------------+--------+---------------+
; Clock                                     ; Slack  ; End Point TNS ;
+-------------------------------------------+--------+---------------+
; clk_in                                    ; -3.000 ; -374.000      ;
; vga_controller:vga_controller_inst|clk_25 ; -1.000 ; -66.000       ;
+-------------------------------------------+--------+---------------+


+------------------------------------------------------------------------------------------------------------------------------------------------------------------------------------+
; Slow 1200mV 85C Model Setup: 'clk_in'                                                                                                                                              ;
+--------+----------------------------------------------+------------------------------------------------------+--------------+-------------+--------------+------------+------------+
; Slack  ; From Node                                    ; To Node                                              ; Launch Clock ; Latch Clock ; Relationship ; Clock Skew ; Data Delay ;
+--------+----------------------------------------------+------------------------------------------------------+--------------+-------------+--------------+------------+------------+
; -5.713 ; paddle2_ctrl:paddle2_ctrl_inst|count_clk[31] ; paddle2_ctrl:paddle2_ctrl_inst|y_paddle_internal[30] ; clk_in       ; clk_in      ; 1.000        ; -0.078     ; 6.630      ;
; -5.707 ; paddle2_ctrl:paddle2_ctrl_inst|count_clk[31] ; paddle2_ctrl:paddle2_ctrl_inst|y_paddle_internal[31] ; clk_in       ; clk_in      ; 1.000        ; -0.078     ; 6.624      ;
; -5.597 ; paddle2_ctrl:paddle2_ctrl_inst|count_clk[31] ; paddle2_ctrl:paddle2_ctrl_inst|y_paddle_internal[28] ; clk_in       ; clk_in      ; 1.000        ; -0.078     ; 6.514      ;
; -5.591 ; paddle2_ctrl:paddle2_ctrl_inst|count_clk[31] ; paddle2_ctrl:paddle2_ctrl_inst|y_paddle_internal[29] ; clk_in       ; clk_in      ; 1.000        ; -0.078     ; 6.508      ;
; -5.515 ; paddle2_ctrl:paddle2_ctrl_inst|count_clk[26] ; paddle2_ctrl:paddle2_ctrl_inst|y_paddle_internal[30] ; clk_in       ; clk_in      ; 1.000        ; -0.078     ; 6.432      ;
; -5.510 ; paddle2_ctrl:paddle2_ctrl_inst|count_clk[24] ; paddle2_ctrl:paddle2_ctrl_inst|y_paddle_internal[30] ; clk_in       ; clk_in      ; 1.000        ; -0.078     ; 6.427      ;
; -5.509 ; paddle2_ctrl:paddle2_ctrl_inst|count_clk[26] ; paddle2_ctrl:paddle2_ctrl_inst|y_paddle_internal[31] ; clk_in       ; clk_in      ; 1.000        ; -0.078     ; 6.426      ;
; -5.504 ; paddle2_ctrl:paddle2_ctrl_inst|count_clk[24] ; paddle2_ctrl:paddle2_ctrl_inst|y_paddle_internal[31] ; clk_in       ; clk_in      ; 1.000        ; -0.078     ; 6.421      ;
; -5.488 ; paddle2_ctrl:paddle2_ctrl_inst|count_clk[30] ; paddle2_ctrl:paddle2_ctrl_inst|y_paddle_internal[30] ; clk_in       ; clk_in      ; 1.000        ; -0.078     ; 6.405      ;
; -5.482 ; paddle2_ctrl:paddle2_ctrl_inst|count_clk[30] ; paddle2_ctrl:paddle2_ctrl_inst|y_paddle_internal[31] ; clk_in       ; clk_in      ; 1.000        ; -0.078     ; 6.399      ;
; -5.481 ; paddle2_ctrl:paddle2_ctrl_inst|count_clk[31] ; paddle2_ctrl:paddle2_ctrl_inst|y_paddle_internal[26] ; clk_in       ; clk_in      ; 1.000        ; -0.078     ; 6.398      ;
; -5.475 ; paddle2_ctrl:paddle2_ctrl_inst|count_clk[31] ; paddle2_ctrl:paddle2_ctrl_inst|y_paddle_internal[27] ; clk_in       ; clk_in      ; 1.000        ; -0.078     ; 6.392      ;
; -5.444 ; paddle2_ctrl:paddle2_ctrl_inst|count_clk[17] ; paddle2_ctrl:paddle2_ctrl_inst|y_paddle_internal[30] ; clk_in       ; clk_in      ; 1.000        ; -0.078     ; 6.361      ;
; -5.440 ; paddle2_ctrl:paddle2_ctrl_inst|count_clk[18] ; paddle2_ctrl:paddle2_ctrl_inst|y_paddle_internal[30] ; clk_in       ; clk_in      ; 1.000        ; -0.078     ; 6.357      ;
; -5.438 ; paddle2_ctrl:paddle2_ctrl_inst|count_clk[17] ; paddle2_ctrl:paddle2_ctrl_inst|y_paddle_internal[31] ; clk_in       ; clk_in      ; 1.000        ; -0.078     ; 6.355      ;
; -5.434 ; paddle2_ctrl:paddle2_ctrl_inst|count_clk[18] ; paddle2_ctrl:paddle2_ctrl_inst|y_paddle_internal[31] ; clk_in       ; clk_in      ; 1.000        ; -0.078     ; 6.351      ;
; -5.426 ; paddle2_ctrl:paddle2_ctrl_inst|count_clk[29] ; paddle2_ctrl:paddle2_ctrl_inst|y_paddle_internal[30] ; clk_in       ; clk_in      ; 1.000        ; -0.078     ; 6.343      ;
; -5.424 ; paddle2_ctrl:paddle2_ctrl_inst|count_clk[25] ; paddle2_ctrl:paddle2_ctrl_inst|y_paddle_internal[30] ; clk_in       ; clk_in      ; 1.000        ; -0.078     ; 6.341      ;
; -5.420 ; paddle2_ctrl:paddle2_ctrl_inst|count_clk[29] ; paddle2_ctrl:paddle2_ctrl_inst|y_paddle_internal[31] ; clk_in       ; clk_in      ; 1.000        ; -0.078     ; 6.337      ;
; -5.418 ; paddle2_ctrl:paddle2_ctrl_inst|count_clk[25] ; paddle2_ctrl:paddle2_ctrl_inst|y_paddle_internal[31] ; clk_in       ; clk_in      ; 1.000        ; -0.078     ; 6.335      ;
; -5.410 ; paddle2_ctrl:paddle2_ctrl_inst|count_clk[21] ; paddle2_ctrl:paddle2_ctrl_inst|y_paddle_internal[30] ; clk_in       ; clk_in      ; 1.000        ; -0.078     ; 6.327      ;
; -5.404 ; paddle2_ctrl:paddle2_ctrl_inst|count_clk[21] ; paddle2_ctrl:paddle2_ctrl_inst|y_paddle_internal[31] ; clk_in       ; clk_in      ; 1.000        ; -0.078     ; 6.321      ;
; -5.399 ; paddle2_ctrl:paddle2_ctrl_inst|count_clk[26] ; paddle2_ctrl:paddle2_ctrl_inst|y_paddle_internal[28] ; clk_in       ; clk_in      ; 1.000        ; -0.078     ; 6.316      ;
; -5.398 ; paddle2_ctrl:paddle2_ctrl_inst|count_clk[23] ; paddle2_ctrl:paddle2_ctrl_inst|y_paddle_internal[30] ; clk_in       ; clk_in      ; 1.000        ; -0.078     ; 6.315      ;
; -5.394 ; paddle2_ctrl:paddle2_ctrl_inst|count_clk[24] ; paddle2_ctrl:paddle2_ctrl_inst|y_paddle_internal[28] ; clk_in       ; clk_in      ; 1.000        ; -0.078     ; 6.311      ;
; -5.393 ; paddle2_ctrl:paddle2_ctrl_inst|count_clk[26] ; paddle2_ctrl:paddle2_ctrl_inst|y_paddle_internal[29] ; clk_in       ; clk_in      ; 1.000        ; -0.078     ; 6.310      ;
; -5.392 ; paddle2_ctrl:paddle2_ctrl_inst|count_clk[23] ; paddle2_ctrl:paddle2_ctrl_inst|y_paddle_internal[31] ; clk_in       ; clk_in      ; 1.000        ; -0.078     ; 6.309      ;
; -5.388 ; paddle2_ctrl:paddle2_ctrl_inst|count_clk[24] ; paddle2_ctrl:paddle2_ctrl_inst|y_paddle_internal[29] ; clk_in       ; clk_in      ; 1.000        ; -0.078     ; 6.305      ;
; -5.372 ; paddle2_ctrl:paddle2_ctrl_inst|count_clk[30] ; paddle2_ctrl:paddle2_ctrl_inst|y_paddle_internal[28] ; clk_in       ; clk_in      ; 1.000        ; -0.078     ; 6.289      ;
; -5.366 ; paddle2_ctrl:paddle2_ctrl_inst|count_clk[30] ; paddle2_ctrl:paddle2_ctrl_inst|y_paddle_internal[29] ; clk_in       ; clk_in      ; 1.000        ; -0.078     ; 6.283      ;
; -5.365 ; paddle2_ctrl:paddle2_ctrl_inst|count_clk[31] ; paddle2_ctrl:paddle2_ctrl_inst|y_paddle_internal[24] ; clk_in       ; clk_in      ; 1.000        ; -0.078     ; 6.282      ;
; -5.361 ; paddle2_ctrl:paddle2_ctrl_inst|count_clk[16] ; paddle2_ctrl:paddle2_ctrl_inst|y_paddle_internal[30] ; clk_in       ; clk_in      ; 1.000        ; -0.078     ; 6.278      ;
; -5.359 ; paddle2_ctrl:paddle2_ctrl_inst|count_clk[31] ; paddle2_ctrl:paddle2_ctrl_inst|y_paddle_internal[25] ; clk_in       ; clk_in      ; 1.000        ; -0.078     ; 6.276      ;
; -5.355 ; paddle2_ctrl:paddle2_ctrl_inst|count_clk[16] ; paddle2_ctrl:paddle2_ctrl_inst|y_paddle_internal[31] ; clk_in       ; clk_in      ; 1.000        ; -0.078     ; 6.272      ;
; -5.345 ; paddle2_ctrl:paddle2_ctrl_inst|count_clk[6]  ; paddle2_ctrl:paddle2_ctrl_inst|y_paddle_internal[30] ; clk_in       ; clk_in      ; 1.000        ; -0.078     ; 6.262      ;
; -5.343 ; paddle2_ctrl:paddle2_ctrl_inst|count_clk[6]  ; paddle2_ctrl:paddle2_ctrl_inst|y_paddle_internal[31] ; clk_in       ; clk_in      ; 1.000        ; -0.078     ; 6.260      ;
; -5.341 ; paddle2_ctrl:paddle2_ctrl_inst|count_clk[27] ; paddle2_ctrl:paddle2_ctrl_inst|y_paddle_internal[30] ; clk_in       ; clk_in      ; 1.000        ; -0.078     ; 6.258      ;
; -5.335 ; paddle2_ctrl:paddle2_ctrl_inst|count_clk[27] ; paddle2_ctrl:paddle2_ctrl_inst|y_paddle_internal[31] ; clk_in       ; clk_in      ; 1.000        ; -0.078     ; 6.252      ;
; -5.328 ; paddle2_ctrl:paddle2_ctrl_inst|count_clk[17] ; paddle2_ctrl:paddle2_ctrl_inst|y_paddle_internal[28] ; clk_in       ; clk_in      ; 1.000        ; -0.078     ; 6.245      ;
; -5.324 ; paddle2_ctrl:paddle2_ctrl_inst|count_clk[18] ; paddle2_ctrl:paddle2_ctrl_inst|y_paddle_internal[28] ; clk_in       ; clk_in      ; 1.000        ; -0.078     ; 6.241      ;
; -5.322 ; paddle2_ctrl:paddle2_ctrl_inst|count_clk[17] ; paddle2_ctrl:paddle2_ctrl_inst|y_paddle_internal[29] ; clk_in       ; clk_in      ; 1.000        ; -0.078     ; 6.239      ;
; -5.318 ; paddle2_ctrl:paddle2_ctrl_inst|count_clk[18] ; paddle2_ctrl:paddle2_ctrl_inst|y_paddle_internal[29] ; clk_in       ; clk_in      ; 1.000        ; -0.078     ; 6.235      ;
; -5.316 ; paddle2_ctrl:paddle2_ctrl_inst|count_clk[28] ; paddle2_ctrl:paddle2_ctrl_inst|y_paddle_internal[30] ; clk_in       ; clk_in      ; 1.000        ; -0.078     ; 6.233      ;
; -5.310 ; paddle2_ctrl:paddle2_ctrl_inst|count_clk[28] ; paddle2_ctrl:paddle2_ctrl_inst|y_paddle_internal[31] ; clk_in       ; clk_in      ; 1.000        ; -0.078     ; 6.227      ;
; -5.310 ; paddle2_ctrl:paddle2_ctrl_inst|count_clk[29] ; paddle2_ctrl:paddle2_ctrl_inst|y_paddle_internal[28] ; clk_in       ; clk_in      ; 1.000        ; -0.078     ; 6.227      ;
; -5.308 ; paddle2_ctrl:paddle2_ctrl_inst|count_clk[25] ; paddle2_ctrl:paddle2_ctrl_inst|y_paddle_internal[28] ; clk_in       ; clk_in      ; 1.000        ; -0.078     ; 6.225      ;
; -5.304 ; paddle2_ctrl:paddle2_ctrl_inst|count_clk[29] ; paddle2_ctrl:paddle2_ctrl_inst|y_paddle_internal[29] ; clk_in       ; clk_in      ; 1.000        ; -0.078     ; 6.221      ;
; -5.302 ; paddle2_ctrl:paddle2_ctrl_inst|count_clk[25] ; paddle2_ctrl:paddle2_ctrl_inst|y_paddle_internal[29] ; clk_in       ; clk_in      ; 1.000        ; -0.078     ; 6.219      ;
; -5.294 ; paddle2_ctrl:paddle2_ctrl_inst|count_clk[21] ; paddle2_ctrl:paddle2_ctrl_inst|y_paddle_internal[28] ; clk_in       ; clk_in      ; 1.000        ; -0.078     ; 6.211      ;
; -5.288 ; paddle2_ctrl:paddle2_ctrl_inst|count_clk[21] ; paddle2_ctrl:paddle2_ctrl_inst|y_paddle_internal[29] ; clk_in       ; clk_in      ; 1.000        ; -0.078     ; 6.205      ;
; -5.283 ; paddle2_ctrl:paddle2_ctrl_inst|count_clk[26] ; paddle2_ctrl:paddle2_ctrl_inst|y_paddle_internal[26] ; clk_in       ; clk_in      ; 1.000        ; -0.078     ; 6.200      ;
; -5.282 ; paddle2_ctrl:paddle2_ctrl_inst|count_clk[23] ; paddle2_ctrl:paddle2_ctrl_inst|y_paddle_internal[28] ; clk_in       ; clk_in      ; 1.000        ; -0.078     ; 6.199      ;
; -5.278 ; paddle2_ctrl:paddle2_ctrl_inst|count_clk[24] ; paddle2_ctrl:paddle2_ctrl_inst|y_paddle_internal[26] ; clk_in       ; clk_in      ; 1.000        ; -0.078     ; 6.195      ;
; -5.277 ; paddle2_ctrl:paddle2_ctrl_inst|count_clk[26] ; paddle2_ctrl:paddle2_ctrl_inst|y_paddle_internal[27] ; clk_in       ; clk_in      ; 1.000        ; -0.078     ; 6.194      ;
; -5.276 ; paddle2_ctrl:paddle2_ctrl_inst|count_clk[23] ; paddle2_ctrl:paddle2_ctrl_inst|y_paddle_internal[29] ; clk_in       ; clk_in      ; 1.000        ; -0.078     ; 6.193      ;
; -5.274 ; paddle2_ctrl:paddle2_ctrl_inst|count_clk[22] ; paddle2_ctrl:paddle2_ctrl_inst|y_paddle_internal[30] ; clk_in       ; clk_in      ; 1.000        ; -0.078     ; 6.191      ;
; -5.274 ; paddle2_ctrl:paddle2_ctrl_inst|count_clk[15] ; paddle2_ctrl:paddle2_ctrl_inst|y_paddle_internal[30] ; clk_in       ; clk_in      ; 1.000        ; -0.078     ; 6.191      ;
; -5.272 ; paddle2_ctrl:paddle2_ctrl_inst|count_clk[24] ; paddle2_ctrl:paddle2_ctrl_inst|y_paddle_internal[27] ; clk_in       ; clk_in      ; 1.000        ; -0.078     ; 6.189      ;
; -5.269 ; paddle2_ctrl:paddle2_ctrl_inst|count_clk[4]  ; paddle2_ctrl:paddle2_ctrl_inst|y_paddle_internal[31] ; clk_in       ; clk_in      ; 1.000        ; -0.078     ; 6.186      ;
; -5.268 ; paddle2_ctrl:paddle2_ctrl_inst|count_clk[22] ; paddle2_ctrl:paddle2_ctrl_inst|y_paddle_internal[31] ; clk_in       ; clk_in      ; 1.000        ; -0.078     ; 6.185      ;
; -5.268 ; paddle2_ctrl:paddle2_ctrl_inst|count_clk[15] ; paddle2_ctrl:paddle2_ctrl_inst|y_paddle_internal[31] ; clk_in       ; clk_in      ; 1.000        ; -0.078     ; 6.185      ;
; -5.264 ; paddle2_ctrl:paddle2_ctrl_inst|count_clk[4]  ; paddle2_ctrl:paddle2_ctrl_inst|y_paddle_internal[30] ; clk_in       ; clk_in      ; 1.000        ; -0.078     ; 6.181      ;
; -5.260 ; paddle2_ctrl:paddle2_ctrl_inst|count_clk[9]  ; paddle2_ctrl:paddle2_ctrl_inst|y_paddle_internal[30] ; clk_in       ; clk_in      ; 1.000        ; -0.078     ; 6.177      ;
; -5.256 ; paddle2_ctrl:paddle2_ctrl_inst|count_clk[30] ; paddle2_ctrl:paddle2_ctrl_inst|y_paddle_internal[26] ; clk_in       ; clk_in      ; 1.000        ; -0.078     ; 6.173      ;
; -5.254 ; paddle2_ctrl:paddle2_ctrl_inst|count_clk[9]  ; paddle2_ctrl:paddle2_ctrl_inst|y_paddle_internal[31] ; clk_in       ; clk_in      ; 1.000        ; -0.078     ; 6.171      ;
; -5.250 ; paddle2_ctrl:paddle2_ctrl_inst|count_clk[30] ; paddle2_ctrl:paddle2_ctrl_inst|y_paddle_internal[27] ; clk_in       ; clk_in      ; 1.000        ; -0.078     ; 6.167      ;
; -5.249 ; paddle2_ctrl:paddle2_ctrl_inst|count_clk[31] ; paddle2_ctrl:paddle2_ctrl_inst|y_paddle_internal[22] ; clk_in       ; clk_in      ; 1.000        ; -0.078     ; 6.166      ;
; -5.245 ; paddle2_ctrl:paddle2_ctrl_inst|count_clk[16] ; paddle2_ctrl:paddle2_ctrl_inst|y_paddle_internal[28] ; clk_in       ; clk_in      ; 1.000        ; -0.078     ; 6.162      ;
; -5.243 ; paddle2_ctrl:paddle2_ctrl_inst|count_clk[31] ; paddle2_ctrl:paddle2_ctrl_inst|y_paddle_internal[23] ; clk_in       ; clk_in      ; 1.000        ; -0.078     ; 6.160      ;
; -5.239 ; paddle2_ctrl:paddle2_ctrl_inst|count_clk[16] ; paddle2_ctrl:paddle2_ctrl_inst|y_paddle_internal[29] ; clk_in       ; clk_in      ; 1.000        ; -0.078     ; 6.156      ;
; -5.232 ; paddle2_ctrl:paddle2_ctrl_inst|count_clk[31] ; paddle1_ctrl:paddle1_ctrl_inst|y_paddle_internal[30] ; clk_in       ; clk_in      ; 1.000        ; -0.075     ; 6.152      ;
; -5.229 ; paddle2_ctrl:paddle2_ctrl_inst|count_clk[6]  ; paddle2_ctrl:paddle2_ctrl_inst|y_paddle_internal[28] ; clk_in       ; clk_in      ; 1.000        ; -0.078     ; 6.146      ;
; -5.227 ; paddle2_ctrl:paddle2_ctrl_inst|count_clk[6]  ; paddle2_ctrl:paddle2_ctrl_inst|y_paddle_internal[29] ; clk_in       ; clk_in      ; 1.000        ; -0.078     ; 6.144      ;
; -5.226 ; paddle2_ctrl:paddle2_ctrl_inst|count_clk[31] ; paddle1_ctrl:paddle1_ctrl_inst|y_paddle_internal[31] ; clk_in       ; clk_in      ; 1.000        ; -0.075     ; 6.146      ;
; -5.225 ; paddle2_ctrl:paddle2_ctrl_inst|count_clk[19] ; paddle2_ctrl:paddle2_ctrl_inst|y_paddle_internal[30] ; clk_in       ; clk_in      ; 1.000        ; -0.078     ; 6.142      ;
; -5.225 ; paddle2_ctrl:paddle2_ctrl_inst|count_clk[27] ; paddle2_ctrl:paddle2_ctrl_inst|y_paddle_internal[28] ; clk_in       ; clk_in      ; 1.000        ; -0.078     ; 6.142      ;
; -5.219 ; paddle2_ctrl:paddle2_ctrl_inst|count_clk[19] ; paddle2_ctrl:paddle2_ctrl_inst|y_paddle_internal[31] ; clk_in       ; clk_in      ; 1.000        ; -0.078     ; 6.136      ;
; -5.219 ; paddle2_ctrl:paddle2_ctrl_inst|count_clk[27] ; paddle2_ctrl:paddle2_ctrl_inst|y_paddle_internal[29] ; clk_in       ; clk_in      ; 1.000        ; -0.078     ; 6.136      ;
; -5.215 ; paddle2_ctrl:paddle2_ctrl_inst|count_clk[20] ; paddle2_ctrl:paddle2_ctrl_inst|y_paddle_internal[30] ; clk_in       ; clk_in      ; 1.000        ; -0.078     ; 6.132      ;
; -5.212 ; paddle2_ctrl:paddle2_ctrl_inst|count_clk[17] ; paddle2_ctrl:paddle2_ctrl_inst|y_paddle_internal[26] ; clk_in       ; clk_in      ; 1.000        ; -0.078     ; 6.129      ;
; -5.209 ; paddle2_ctrl:paddle2_ctrl_inst|count_clk[20] ; paddle2_ctrl:paddle2_ctrl_inst|y_paddle_internal[31] ; clk_in       ; clk_in      ; 1.000        ; -0.078     ; 6.126      ;
; -5.208 ; paddle2_ctrl:paddle2_ctrl_inst|count_clk[18] ; paddle2_ctrl:paddle2_ctrl_inst|y_paddle_internal[26] ; clk_in       ; clk_in      ; 1.000        ; -0.078     ; 6.125      ;
; -5.206 ; paddle2_ctrl:paddle2_ctrl_inst|count_clk[17] ; paddle2_ctrl:paddle2_ctrl_inst|y_paddle_internal[27] ; clk_in       ; clk_in      ; 1.000        ; -0.078     ; 6.123      ;
; -5.202 ; paddle2_ctrl:paddle2_ctrl_inst|count_clk[18] ; paddle2_ctrl:paddle2_ctrl_inst|y_paddle_internal[27] ; clk_in       ; clk_in      ; 1.000        ; -0.078     ; 6.119      ;
; -5.200 ; paddle2_ctrl:paddle2_ctrl_inst|count_clk[28] ; paddle2_ctrl:paddle2_ctrl_inst|y_paddle_internal[28] ; clk_in       ; clk_in      ; 1.000        ; -0.078     ; 6.117      ;
; -5.194 ; paddle2_ctrl:paddle2_ctrl_inst|count_clk[28] ; paddle2_ctrl:paddle2_ctrl_inst|y_paddle_internal[29] ; clk_in       ; clk_in      ; 1.000        ; -0.078     ; 6.111      ;
; -5.194 ; paddle2_ctrl:paddle2_ctrl_inst|count_clk[29] ; paddle2_ctrl:paddle2_ctrl_inst|y_paddle_internal[26] ; clk_in       ; clk_in      ; 1.000        ; -0.078     ; 6.111      ;
; -5.192 ; paddle2_ctrl:paddle2_ctrl_inst|count_clk[25] ; paddle2_ctrl:paddle2_ctrl_inst|y_paddle_internal[26] ; clk_in       ; clk_in      ; 1.000        ; -0.078     ; 6.109      ;
; -5.188 ; paddle2_ctrl:paddle2_ctrl_inst|count_clk[29] ; paddle2_ctrl:paddle2_ctrl_inst|y_paddle_internal[27] ; clk_in       ; clk_in      ; 1.000        ; -0.078     ; 6.105      ;
; -5.187 ; paddle2_ctrl:paddle2_ctrl_inst|count_clk[7]  ; paddle2_ctrl:paddle2_ctrl_inst|y_paddle_internal[30] ; clk_in       ; clk_in      ; 1.000        ; -0.078     ; 6.104      ;
; -5.186 ; paddle2_ctrl:paddle2_ctrl_inst|count_clk[25] ; paddle2_ctrl:paddle2_ctrl_inst|y_paddle_internal[27] ; clk_in       ; clk_in      ; 1.000        ; -0.078     ; 6.103      ;
; -5.182 ; paddle2_ctrl:paddle2_ctrl_inst|count_clk[5]  ; paddle2_ctrl:paddle2_ctrl_inst|y_paddle_internal[30] ; clk_in       ; clk_in      ; 1.000        ; -0.078     ; 6.099      ;
; -5.181 ; paddle2_ctrl:paddle2_ctrl_inst|count_clk[7]  ; paddle2_ctrl:paddle2_ctrl_inst|y_paddle_internal[31] ; clk_in       ; clk_in      ; 1.000        ; -0.078     ; 6.098      ;
; -5.178 ; paddle2_ctrl:paddle2_ctrl_inst|count_clk[21] ; paddle2_ctrl:paddle2_ctrl_inst|y_paddle_internal[26] ; clk_in       ; clk_in      ; 1.000        ; -0.078     ; 6.095      ;
; -5.176 ; paddle2_ctrl:paddle2_ctrl_inst|count_clk[5]  ; paddle2_ctrl:paddle2_ctrl_inst|y_paddle_internal[31] ; clk_in       ; clk_in      ; 1.000        ; -0.078     ; 6.093      ;
; -5.172 ; paddle2_ctrl:paddle2_ctrl_inst|count_clk[21] ; paddle2_ctrl:paddle2_ctrl_inst|y_paddle_internal[27] ; clk_in       ; clk_in      ; 1.000        ; -0.078     ; 6.089      ;
; -5.167 ; paddle2_ctrl:paddle2_ctrl_inst|count_clk[26] ; paddle2_ctrl:paddle2_ctrl_inst|y_paddle_internal[24] ; clk_in       ; clk_in      ; 1.000        ; -0.078     ; 6.084      ;
; -5.166 ; paddle2_ctrl:paddle2_ctrl_inst|count_clk[23] ; paddle2_ctrl:paddle2_ctrl_inst|y_paddle_internal[26] ; clk_in       ; clk_in      ; 1.000        ; -0.078     ; 6.083      ;
; -5.162 ; paddle2_ctrl:paddle2_ctrl_inst|count_clk[24] ; paddle2_ctrl:paddle2_ctrl_inst|y_paddle_internal[24] ; clk_in       ; clk_in      ; 1.000        ; -0.078     ; 6.079      ;
; -5.161 ; paddle2_ctrl:paddle2_ctrl_inst|count_clk[26] ; paddle2_ctrl:paddle2_ctrl_inst|y_paddle_internal[25] ; clk_in       ; clk_in      ; 1.000        ; -0.078     ; 6.078      ;
+--------+----------------------------------------------+------------------------------------------------------+--------------+-------------+--------------+------------+------------+


+---------------------------------------------------------------------------------------------------------------------------------------------------------------------------------------------------------------------------------------------------------+
; Slow 1200mV 85C Model Setup: 'vga_controller:vga_controller_inst|clk_25'                                                                                                                                                                                ;
+--------+-------------------------------------------------------+-------------------------------------------------------+-------------------------------------------+-------------------------------------------+--------------+------------+------------+
; Slack  ; From Node                                             ; To Node                                               ; Launch Clock                              ; Latch Clock                               ; Relationship ; Clock Skew ; Data Delay ;
+--------+-------------------------------------------------------+-------------------------------------------------------+-------------------------------------------+-------------------------------------------+--------------+------------+------------+
; -2.894 ; vga_controller:vga_controller_inst|h_pos_internal[10] ; vga_controller:vga_controller_inst|v_pos_internal[1]  ; vga_controller:vga_controller_inst|clk_25 ; vga_controller:vga_controller_inst|clk_25 ; 1.000        ; -0.062     ; 3.827      ;
; -2.894 ; vga_controller:vga_controller_inst|h_pos_internal[10] ; vga_controller:vga_controller_inst|v_pos_internal[3]  ; vga_controller:vga_controller_inst|clk_25 ; vga_controller:vga_controller_inst|clk_25 ; 1.000        ; -0.062     ; 3.827      ;
; -2.894 ; vga_controller:vga_controller_inst|h_pos_internal[10] ; vga_controller:vga_controller_inst|v_pos_internal[2]  ; vga_controller:vga_controller_inst|clk_25 ; vga_controller:vga_controller_inst|clk_25 ; 1.000        ; -0.062     ; 3.827      ;
; -2.856 ; vga_controller:vga_controller_inst|h_pos_internal[10] ; vga_controller:vga_controller_inst|v_pos_internal[21] ; vga_controller:vga_controller_inst|clk_25 ; vga_controller:vga_controller_inst|clk_25 ; 1.000        ; -0.062     ; 3.789      ;
; -2.856 ; vga_controller:vga_controller_inst|h_pos_internal[10] ; vga_controller:vga_controller_inst|v_pos_internal[20] ; vga_controller:vga_controller_inst|clk_25 ; vga_controller:vga_controller_inst|clk_25 ; 1.000        ; -0.062     ; 3.789      ;
; -2.856 ; vga_controller:vga_controller_inst|h_pos_internal[10] ; vga_controller:vga_controller_inst|v_pos_internal[19] ; vga_controller:vga_controller_inst|clk_25 ; vga_controller:vga_controller_inst|clk_25 ; 1.000        ; -0.062     ; 3.789      ;
; -2.856 ; vga_controller:vga_controller_inst|h_pos_internal[10] ; vga_controller:vga_controller_inst|v_pos_internal[18] ; vga_controller:vga_controller_inst|clk_25 ; vga_controller:vga_controller_inst|clk_25 ; 1.000        ; -0.062     ; 3.789      ;
; -2.856 ; vga_controller:vga_controller_inst|h_pos_internal[10] ; vga_controller:vga_controller_inst|v_pos_internal[25] ; vga_controller:vga_controller_inst|clk_25 ; vga_controller:vga_controller_inst|clk_25 ; 1.000        ; -0.062     ; 3.789      ;
; -2.856 ; vga_controller:vga_controller_inst|h_pos_internal[10] ; vga_controller:vga_controller_inst|v_pos_internal[22] ; vga_controller:vga_controller_inst|clk_25 ; vga_controller:vga_controller_inst|clk_25 ; 1.000        ; -0.062     ; 3.789      ;
; -2.856 ; vga_controller:vga_controller_inst|h_pos_internal[10] ; vga_controller:vga_controller_inst|v_pos_internal[23] ; vga_controller:vga_controller_inst|clk_25 ; vga_controller:vga_controller_inst|clk_25 ; 1.000        ; -0.062     ; 3.789      ;
; -2.856 ; vga_controller:vga_controller_inst|h_pos_internal[10] ; vga_controller:vga_controller_inst|v_pos_internal[24] ; vga_controller:vga_controller_inst|clk_25 ; vga_controller:vga_controller_inst|clk_25 ; 1.000        ; -0.062     ; 3.789      ;
; -2.856 ; vga_controller:vga_controller_inst|h_pos_internal[10] ; vga_controller:vga_controller_inst|v_pos_internal[31] ; vga_controller:vga_controller_inst|clk_25 ; vga_controller:vga_controller_inst|clk_25 ; 1.000        ; -0.062     ; 3.789      ;
; -2.856 ; vga_controller:vga_controller_inst|h_pos_internal[10] ; vga_controller:vga_controller_inst|v_pos_internal[30] ; vga_controller:vga_controller_inst|clk_25 ; vga_controller:vga_controller_inst|clk_25 ; 1.000        ; -0.062     ; 3.789      ;
; -2.856 ; vga_controller:vga_controller_inst|h_pos_internal[10] ; vga_controller:vga_controller_inst|v_pos_internal[16] ; vga_controller:vga_controller_inst|clk_25 ; vga_controller:vga_controller_inst|clk_25 ; 1.000        ; -0.062     ; 3.789      ;
; -2.856 ; vga_controller:vga_controller_inst|h_pos_internal[10] ; vga_controller:vga_controller_inst|v_pos_internal[17] ; vga_controller:vga_controller_inst|clk_25 ; vga_controller:vga_controller_inst|clk_25 ; 1.000        ; -0.062     ; 3.789      ;
; -2.856 ; vga_controller:vga_controller_inst|h_pos_internal[10] ; vga_controller:vga_controller_inst|v_pos_internal[26] ; vga_controller:vga_controller_inst|clk_25 ; vga_controller:vga_controller_inst|clk_25 ; 1.000        ; -0.062     ; 3.789      ;
; -2.856 ; vga_controller:vga_controller_inst|h_pos_internal[10] ; vga_controller:vga_controller_inst|v_pos_internal[29] ; vga_controller:vga_controller_inst|clk_25 ; vga_controller:vga_controller_inst|clk_25 ; 1.000        ; -0.062     ; 3.789      ;
; -2.856 ; vga_controller:vga_controller_inst|h_pos_internal[10] ; vga_controller:vga_controller_inst|v_pos_internal[28] ; vga_controller:vga_controller_inst|clk_25 ; vga_controller:vga_controller_inst|clk_25 ; 1.000        ; -0.062     ; 3.789      ;
; -2.856 ; vga_controller:vga_controller_inst|h_pos_internal[10] ; vga_controller:vga_controller_inst|v_pos_internal[27] ; vga_controller:vga_controller_inst|clk_25 ; vga_controller:vga_controller_inst|clk_25 ; 1.000        ; -0.062     ; 3.789      ;
; -2.852 ; vga_controller:vga_controller_inst|h_pos_internal[10] ; vga_controller:vga_controller_inst|v_pos_internal[0]  ; vga_controller:vga_controller_inst|clk_25 ; vga_controller:vga_controller_inst|clk_25 ; 1.000        ; -0.063     ; 3.784      ;
; -2.852 ; vga_controller:vga_controller_inst|h_pos_internal[10] ; vga_controller:vga_controller_inst|v_pos_internal[7]  ; vga_controller:vga_controller_inst|clk_25 ; vga_controller:vga_controller_inst|clk_25 ; 1.000        ; -0.063     ; 3.784      ;
; -2.852 ; vga_controller:vga_controller_inst|h_pos_internal[10] ; vga_controller:vga_controller_inst|v_pos_internal[4]  ; vga_controller:vga_controller_inst|clk_25 ; vga_controller:vga_controller_inst|clk_25 ; 1.000        ; -0.063     ; 3.784      ;
; -2.852 ; vga_controller:vga_controller_inst|h_pos_internal[10] ; vga_controller:vga_controller_inst|v_pos_internal[6]  ; vga_controller:vga_controller_inst|clk_25 ; vga_controller:vga_controller_inst|clk_25 ; 1.000        ; -0.063     ; 3.784      ;
; -2.852 ; vga_controller:vga_controller_inst|h_pos_internal[10] ; vga_controller:vga_controller_inst|v_pos_internal[5]  ; vga_controller:vga_controller_inst|clk_25 ; vga_controller:vga_controller_inst|clk_25 ; 1.000        ; -0.063     ; 3.784      ;
; -2.852 ; vga_controller:vga_controller_inst|h_pos_internal[10] ; vga_controller:vga_controller_inst|v_pos_internal[8]  ; vga_controller:vga_controller_inst|clk_25 ; vga_controller:vga_controller_inst|clk_25 ; 1.000        ; -0.063     ; 3.784      ;
; -2.852 ; vga_controller:vga_controller_inst|h_pos_internal[10] ; vga_controller:vga_controller_inst|v_pos_internal[13] ; vga_controller:vga_controller_inst|clk_25 ; vga_controller:vga_controller_inst|clk_25 ; 1.000        ; -0.063     ; 3.784      ;
; -2.852 ; vga_controller:vga_controller_inst|h_pos_internal[10] ; vga_controller:vga_controller_inst|v_pos_internal[12] ; vga_controller:vga_controller_inst|clk_25 ; vga_controller:vga_controller_inst|clk_25 ; 1.000        ; -0.063     ; 3.784      ;
; -2.852 ; vga_controller:vga_controller_inst|h_pos_internal[10] ; vga_controller:vga_controller_inst|v_pos_internal[14] ; vga_controller:vga_controller_inst|clk_25 ; vga_controller:vga_controller_inst|clk_25 ; 1.000        ; -0.063     ; 3.784      ;
; -2.852 ; vga_controller:vga_controller_inst|h_pos_internal[10] ; vga_controller:vga_controller_inst|v_pos_internal[15] ; vga_controller:vga_controller_inst|clk_25 ; vga_controller:vga_controller_inst|clk_25 ; 1.000        ; -0.063     ; 3.784      ;
; -2.852 ; vga_controller:vga_controller_inst|h_pos_internal[10] ; vga_controller:vga_controller_inst|v_pos_internal[10] ; vga_controller:vga_controller_inst|clk_25 ; vga_controller:vga_controller_inst|clk_25 ; 1.000        ; -0.063     ; 3.784      ;
; -2.852 ; vga_controller:vga_controller_inst|h_pos_internal[10] ; vga_controller:vga_controller_inst|v_pos_internal[11] ; vga_controller:vga_controller_inst|clk_25 ; vga_controller:vga_controller_inst|clk_25 ; 1.000        ; -0.063     ; 3.784      ;
; -2.796 ; vga_controller:vga_controller_inst|h_pos_internal[11] ; vga_controller:vga_controller_inst|v_pos_internal[1]  ; vga_controller:vga_controller_inst|clk_25 ; vga_controller:vga_controller_inst|clk_25 ; 1.000        ; -0.062     ; 3.729      ;
; -2.796 ; vga_controller:vga_controller_inst|h_pos_internal[11] ; vga_controller:vga_controller_inst|v_pos_internal[3]  ; vga_controller:vga_controller_inst|clk_25 ; vga_controller:vga_controller_inst|clk_25 ; 1.000        ; -0.062     ; 3.729      ;
; -2.796 ; vga_controller:vga_controller_inst|h_pos_internal[11] ; vga_controller:vga_controller_inst|v_pos_internal[2]  ; vga_controller:vga_controller_inst|clk_25 ; vga_controller:vga_controller_inst|clk_25 ; 1.000        ; -0.062     ; 3.729      ;
; -2.766 ; vga_controller:vga_controller_inst|h_pos_internal[11] ; vga_controller:vga_controller_inst|v_pos_internal[21] ; vga_controller:vga_controller_inst|clk_25 ; vga_controller:vga_controller_inst|clk_25 ; 1.000        ; -0.062     ; 3.699      ;
; -2.766 ; vga_controller:vga_controller_inst|h_pos_internal[11] ; vga_controller:vga_controller_inst|v_pos_internal[20] ; vga_controller:vga_controller_inst|clk_25 ; vga_controller:vga_controller_inst|clk_25 ; 1.000        ; -0.062     ; 3.699      ;
; -2.766 ; vga_controller:vga_controller_inst|h_pos_internal[11] ; vga_controller:vga_controller_inst|v_pos_internal[19] ; vga_controller:vga_controller_inst|clk_25 ; vga_controller:vga_controller_inst|clk_25 ; 1.000        ; -0.062     ; 3.699      ;
; -2.766 ; vga_controller:vga_controller_inst|h_pos_internal[11] ; vga_controller:vga_controller_inst|v_pos_internal[18] ; vga_controller:vga_controller_inst|clk_25 ; vga_controller:vga_controller_inst|clk_25 ; 1.000        ; -0.062     ; 3.699      ;
; -2.766 ; vga_controller:vga_controller_inst|h_pos_internal[11] ; vga_controller:vga_controller_inst|v_pos_internal[25] ; vga_controller:vga_controller_inst|clk_25 ; vga_controller:vga_controller_inst|clk_25 ; 1.000        ; -0.062     ; 3.699      ;
; -2.766 ; vga_controller:vga_controller_inst|h_pos_internal[11] ; vga_controller:vga_controller_inst|v_pos_internal[22] ; vga_controller:vga_controller_inst|clk_25 ; vga_controller:vga_controller_inst|clk_25 ; 1.000        ; -0.062     ; 3.699      ;
; -2.766 ; vga_controller:vga_controller_inst|h_pos_internal[11] ; vga_controller:vga_controller_inst|v_pos_internal[23] ; vga_controller:vga_controller_inst|clk_25 ; vga_controller:vga_controller_inst|clk_25 ; 1.000        ; -0.062     ; 3.699      ;
; -2.766 ; vga_controller:vga_controller_inst|h_pos_internal[11] ; vga_controller:vga_controller_inst|v_pos_internal[24] ; vga_controller:vga_controller_inst|clk_25 ; vga_controller:vga_controller_inst|clk_25 ; 1.000        ; -0.062     ; 3.699      ;
; -2.766 ; vga_controller:vga_controller_inst|h_pos_internal[11] ; vga_controller:vga_controller_inst|v_pos_internal[31] ; vga_controller:vga_controller_inst|clk_25 ; vga_controller:vga_controller_inst|clk_25 ; 1.000        ; -0.062     ; 3.699      ;
; -2.766 ; vga_controller:vga_controller_inst|h_pos_internal[11] ; vga_controller:vga_controller_inst|v_pos_internal[30] ; vga_controller:vga_controller_inst|clk_25 ; vga_controller:vga_controller_inst|clk_25 ; 1.000        ; -0.062     ; 3.699      ;
; -2.766 ; vga_controller:vga_controller_inst|h_pos_internal[11] ; vga_controller:vga_controller_inst|v_pos_internal[16] ; vga_controller:vga_controller_inst|clk_25 ; vga_controller:vga_controller_inst|clk_25 ; 1.000        ; -0.062     ; 3.699      ;
; -2.766 ; vga_controller:vga_controller_inst|h_pos_internal[11] ; vga_controller:vga_controller_inst|v_pos_internal[17] ; vga_controller:vga_controller_inst|clk_25 ; vga_controller:vga_controller_inst|clk_25 ; 1.000        ; -0.062     ; 3.699      ;
; -2.766 ; vga_controller:vga_controller_inst|h_pos_internal[11] ; vga_controller:vga_controller_inst|v_pos_internal[26] ; vga_controller:vga_controller_inst|clk_25 ; vga_controller:vga_controller_inst|clk_25 ; 1.000        ; -0.062     ; 3.699      ;
; -2.766 ; vga_controller:vga_controller_inst|h_pos_internal[11] ; vga_controller:vga_controller_inst|v_pos_internal[29] ; vga_controller:vga_controller_inst|clk_25 ; vga_controller:vga_controller_inst|clk_25 ; 1.000        ; -0.062     ; 3.699      ;
; -2.766 ; vga_controller:vga_controller_inst|h_pos_internal[11] ; vga_controller:vga_controller_inst|v_pos_internal[28] ; vga_controller:vga_controller_inst|clk_25 ; vga_controller:vga_controller_inst|clk_25 ; 1.000        ; -0.062     ; 3.699      ;
; -2.766 ; vga_controller:vga_controller_inst|h_pos_internal[11] ; vga_controller:vga_controller_inst|v_pos_internal[27] ; vga_controller:vga_controller_inst|clk_25 ; vga_controller:vga_controller_inst|clk_25 ; 1.000        ; -0.062     ; 3.699      ;
; -2.756 ; vga_controller:vga_controller_inst|h_pos_internal[11] ; vga_controller:vga_controller_inst|v_pos_internal[0]  ; vga_controller:vga_controller_inst|clk_25 ; vga_controller:vga_controller_inst|clk_25 ; 1.000        ; -0.063     ; 3.688      ;
; -2.756 ; vga_controller:vga_controller_inst|h_pos_internal[11] ; vga_controller:vga_controller_inst|v_pos_internal[7]  ; vga_controller:vga_controller_inst|clk_25 ; vga_controller:vga_controller_inst|clk_25 ; 1.000        ; -0.063     ; 3.688      ;
; -2.756 ; vga_controller:vga_controller_inst|h_pos_internal[11] ; vga_controller:vga_controller_inst|v_pos_internal[4]  ; vga_controller:vga_controller_inst|clk_25 ; vga_controller:vga_controller_inst|clk_25 ; 1.000        ; -0.063     ; 3.688      ;
; -2.756 ; vga_controller:vga_controller_inst|h_pos_internal[11] ; vga_controller:vga_controller_inst|v_pos_internal[6]  ; vga_controller:vga_controller_inst|clk_25 ; vga_controller:vga_controller_inst|clk_25 ; 1.000        ; -0.063     ; 3.688      ;
; -2.756 ; vga_controller:vga_controller_inst|h_pos_internal[11] ; vga_controller:vga_controller_inst|v_pos_internal[5]  ; vga_controller:vga_controller_inst|clk_25 ; vga_controller:vga_controller_inst|clk_25 ; 1.000        ; -0.063     ; 3.688      ;
; -2.756 ; vga_controller:vga_controller_inst|h_pos_internal[11] ; vga_controller:vga_controller_inst|v_pos_internal[8]  ; vga_controller:vga_controller_inst|clk_25 ; vga_controller:vga_controller_inst|clk_25 ; 1.000        ; -0.063     ; 3.688      ;
; -2.756 ; vga_controller:vga_controller_inst|h_pos_internal[11] ; vga_controller:vga_controller_inst|v_pos_internal[13] ; vga_controller:vga_controller_inst|clk_25 ; vga_controller:vga_controller_inst|clk_25 ; 1.000        ; -0.063     ; 3.688      ;
; -2.756 ; vga_controller:vga_controller_inst|h_pos_internal[11] ; vga_controller:vga_controller_inst|v_pos_internal[12] ; vga_controller:vga_controller_inst|clk_25 ; vga_controller:vga_controller_inst|clk_25 ; 1.000        ; -0.063     ; 3.688      ;
; -2.756 ; vga_controller:vga_controller_inst|h_pos_internal[11] ; vga_controller:vga_controller_inst|v_pos_internal[14] ; vga_controller:vga_controller_inst|clk_25 ; vga_controller:vga_controller_inst|clk_25 ; 1.000        ; -0.063     ; 3.688      ;
; -2.756 ; vga_controller:vga_controller_inst|h_pos_internal[11] ; vga_controller:vga_controller_inst|v_pos_internal[15] ; vga_controller:vga_controller_inst|clk_25 ; vga_controller:vga_controller_inst|clk_25 ; 1.000        ; -0.063     ; 3.688      ;
; -2.756 ; vga_controller:vga_controller_inst|h_pos_internal[11] ; vga_controller:vga_controller_inst|v_pos_internal[10] ; vga_controller:vga_controller_inst|clk_25 ; vga_controller:vga_controller_inst|clk_25 ; 1.000        ; -0.063     ; 3.688      ;
; -2.756 ; vga_controller:vga_controller_inst|h_pos_internal[11] ; vga_controller:vga_controller_inst|v_pos_internal[11] ; vga_controller:vga_controller_inst|clk_25 ; vga_controller:vga_controller_inst|clk_25 ; 1.000        ; -0.063     ; 3.688      ;
; -2.737 ; vga_controller:vga_controller_inst|h_pos_internal[30] ; vga_controller:vga_controller_inst|v_pos_internal[1]  ; vga_controller:vga_controller_inst|clk_25 ; vga_controller:vga_controller_inst|clk_25 ; 1.000        ; -0.063     ; 3.669      ;
; -2.737 ; vga_controller:vga_controller_inst|h_pos_internal[30] ; vga_controller:vga_controller_inst|v_pos_internal[3]  ; vga_controller:vga_controller_inst|clk_25 ; vga_controller:vga_controller_inst|clk_25 ; 1.000        ; -0.063     ; 3.669      ;
; -2.737 ; vga_controller:vga_controller_inst|h_pos_internal[30] ; vga_controller:vga_controller_inst|v_pos_internal[2]  ; vga_controller:vga_controller_inst|clk_25 ; vga_controller:vga_controller_inst|clk_25 ; 1.000        ; -0.063     ; 3.669      ;
; -2.695 ; vga_controller:vga_controller_inst|h_pos_internal[30] ; vga_controller:vga_controller_inst|v_pos_internal[0]  ; vga_controller:vga_controller_inst|clk_25 ; vga_controller:vga_controller_inst|clk_25 ; 1.000        ; -0.064     ; 3.626      ;
; -2.695 ; vga_controller:vga_controller_inst|h_pos_internal[30] ; vga_controller:vga_controller_inst|v_pos_internal[7]  ; vga_controller:vga_controller_inst|clk_25 ; vga_controller:vga_controller_inst|clk_25 ; 1.000        ; -0.064     ; 3.626      ;
; -2.695 ; vga_controller:vga_controller_inst|h_pos_internal[30] ; vga_controller:vga_controller_inst|v_pos_internal[4]  ; vga_controller:vga_controller_inst|clk_25 ; vga_controller:vga_controller_inst|clk_25 ; 1.000        ; -0.064     ; 3.626      ;
; -2.695 ; vga_controller:vga_controller_inst|h_pos_internal[30] ; vga_controller:vga_controller_inst|v_pos_internal[6]  ; vga_controller:vga_controller_inst|clk_25 ; vga_controller:vga_controller_inst|clk_25 ; 1.000        ; -0.064     ; 3.626      ;
; -2.695 ; vga_controller:vga_controller_inst|h_pos_internal[30] ; vga_controller:vga_controller_inst|v_pos_internal[5]  ; vga_controller:vga_controller_inst|clk_25 ; vga_controller:vga_controller_inst|clk_25 ; 1.000        ; -0.064     ; 3.626      ;
; -2.695 ; vga_controller:vga_controller_inst|h_pos_internal[30] ; vga_controller:vga_controller_inst|v_pos_internal[8]  ; vga_controller:vga_controller_inst|clk_25 ; vga_controller:vga_controller_inst|clk_25 ; 1.000        ; -0.064     ; 3.626      ;
; -2.695 ; vga_controller:vga_controller_inst|h_pos_internal[30] ; vga_controller:vga_controller_inst|v_pos_internal[13] ; vga_controller:vga_controller_inst|clk_25 ; vga_controller:vga_controller_inst|clk_25 ; 1.000        ; -0.064     ; 3.626      ;
; -2.695 ; vga_controller:vga_controller_inst|h_pos_internal[30] ; vga_controller:vga_controller_inst|v_pos_internal[12] ; vga_controller:vga_controller_inst|clk_25 ; vga_controller:vga_controller_inst|clk_25 ; 1.000        ; -0.064     ; 3.626      ;
; -2.695 ; vga_controller:vga_controller_inst|h_pos_internal[30] ; vga_controller:vga_controller_inst|v_pos_internal[14] ; vga_controller:vga_controller_inst|clk_25 ; vga_controller:vga_controller_inst|clk_25 ; 1.000        ; -0.064     ; 3.626      ;
; -2.695 ; vga_controller:vga_controller_inst|h_pos_internal[30] ; vga_controller:vga_controller_inst|v_pos_internal[15] ; vga_controller:vga_controller_inst|clk_25 ; vga_controller:vga_controller_inst|clk_25 ; 1.000        ; -0.064     ; 3.626      ;
; -2.695 ; vga_controller:vga_controller_inst|h_pos_internal[30] ; vga_controller:vga_controller_inst|v_pos_internal[10] ; vga_controller:vga_controller_inst|clk_25 ; vga_controller:vga_controller_inst|clk_25 ; 1.000        ; -0.064     ; 3.626      ;
; -2.695 ; vga_controller:vga_controller_inst|h_pos_internal[30] ; vga_controller:vga_controller_inst|v_pos_internal[11] ; vga_controller:vga_controller_inst|clk_25 ; vga_controller:vga_controller_inst|clk_25 ; 1.000        ; -0.064     ; 3.626      ;
; -2.694 ; vga_controller:vga_controller_inst|h_pos_internal[30] ; vga_controller:vga_controller_inst|v_pos_internal[21] ; vga_controller:vga_controller_inst|clk_25 ; vga_controller:vga_controller_inst|clk_25 ; 1.000        ; -0.063     ; 3.626      ;
; -2.694 ; vga_controller:vga_controller_inst|h_pos_internal[30] ; vga_controller:vga_controller_inst|v_pos_internal[20] ; vga_controller:vga_controller_inst|clk_25 ; vga_controller:vga_controller_inst|clk_25 ; 1.000        ; -0.063     ; 3.626      ;
; -2.694 ; vga_controller:vga_controller_inst|h_pos_internal[30] ; vga_controller:vga_controller_inst|v_pos_internal[19] ; vga_controller:vga_controller_inst|clk_25 ; vga_controller:vga_controller_inst|clk_25 ; 1.000        ; -0.063     ; 3.626      ;
; -2.694 ; vga_controller:vga_controller_inst|h_pos_internal[30] ; vga_controller:vga_controller_inst|v_pos_internal[18] ; vga_controller:vga_controller_inst|clk_25 ; vga_controller:vga_controller_inst|clk_25 ; 1.000        ; -0.063     ; 3.626      ;
; -2.694 ; vga_controller:vga_controller_inst|h_pos_internal[30] ; vga_controller:vga_controller_inst|v_pos_internal[25] ; vga_controller:vga_controller_inst|clk_25 ; vga_controller:vga_controller_inst|clk_25 ; 1.000        ; -0.063     ; 3.626      ;
; -2.694 ; vga_controller:vga_controller_inst|h_pos_internal[30] ; vga_controller:vga_controller_inst|v_pos_internal[22] ; vga_controller:vga_controller_inst|clk_25 ; vga_controller:vga_controller_inst|clk_25 ; 1.000        ; -0.063     ; 3.626      ;
; -2.694 ; vga_controller:vga_controller_inst|h_pos_internal[30] ; vga_controller:vga_controller_inst|v_pos_internal[23] ; vga_controller:vga_controller_inst|clk_25 ; vga_controller:vga_controller_inst|clk_25 ; 1.000        ; -0.063     ; 3.626      ;
; -2.694 ; vga_controller:vga_controller_inst|h_pos_internal[30] ; vga_controller:vga_controller_inst|v_pos_internal[24] ; vga_controller:vga_controller_inst|clk_25 ; vga_controller:vga_controller_inst|clk_25 ; 1.000        ; -0.063     ; 3.626      ;
; -2.694 ; vga_controller:vga_controller_inst|h_pos_internal[30] ; vga_controller:vga_controller_inst|v_pos_internal[31] ; vga_controller:vga_controller_inst|clk_25 ; vga_controller:vga_controller_inst|clk_25 ; 1.000        ; -0.063     ; 3.626      ;
; -2.694 ; vga_controller:vga_controller_inst|h_pos_internal[30] ; vga_controller:vga_controller_inst|v_pos_internal[30] ; vga_controller:vga_controller_inst|clk_25 ; vga_controller:vga_controller_inst|clk_25 ; 1.000        ; -0.063     ; 3.626      ;
; -2.694 ; vga_controller:vga_controller_inst|h_pos_internal[30] ; vga_controller:vga_controller_inst|v_pos_internal[16] ; vga_controller:vga_controller_inst|clk_25 ; vga_controller:vga_controller_inst|clk_25 ; 1.000        ; -0.063     ; 3.626      ;
; -2.694 ; vga_controller:vga_controller_inst|h_pos_internal[30] ; vga_controller:vga_controller_inst|v_pos_internal[17] ; vga_controller:vga_controller_inst|clk_25 ; vga_controller:vga_controller_inst|clk_25 ; 1.000        ; -0.063     ; 3.626      ;
; -2.694 ; vga_controller:vga_controller_inst|h_pos_internal[30] ; vga_controller:vga_controller_inst|v_pos_internal[26] ; vga_controller:vga_controller_inst|clk_25 ; vga_controller:vga_controller_inst|clk_25 ; 1.000        ; -0.063     ; 3.626      ;
; -2.694 ; vga_controller:vga_controller_inst|h_pos_internal[30] ; vga_controller:vga_controller_inst|v_pos_internal[29] ; vga_controller:vga_controller_inst|clk_25 ; vga_controller:vga_controller_inst|clk_25 ; 1.000        ; -0.063     ; 3.626      ;
; -2.694 ; vga_controller:vga_controller_inst|h_pos_internal[30] ; vga_controller:vga_controller_inst|v_pos_internal[28] ; vga_controller:vga_controller_inst|clk_25 ; vga_controller:vga_controller_inst|clk_25 ; 1.000        ; -0.063     ; 3.626      ;
; -2.694 ; vga_controller:vga_controller_inst|h_pos_internal[30] ; vga_controller:vga_controller_inst|v_pos_internal[27] ; vga_controller:vga_controller_inst|clk_25 ; vga_controller:vga_controller_inst|clk_25 ; 1.000        ; -0.063     ; 3.626      ;
; -2.614 ; vga_controller:vga_controller_inst|h_pos_internal[0]  ; vga_controller:vga_controller_inst|h_pos_internal[31] ; vga_controller:vga_controller_inst|clk_25 ; vga_controller:vga_controller_inst|clk_25 ; 1.000        ; -0.060     ; 3.549      ;
; -2.529 ; vga_controller:vga_controller_inst|h_pos_internal[0]  ; vga_controller:vga_controller_inst|h_pos_internal[30] ; vga_controller:vga_controller_inst|clk_25 ; vga_controller:vga_controller_inst|clk_25 ; 1.000        ; -0.060     ; 3.464      ;
; -2.524 ; vga_controller:vga_controller_inst|h_pos_internal[31] ; vga_controller:vga_controller_inst|v_pos_internal[1]  ; vga_controller:vga_controller_inst|clk_25 ; vga_controller:vga_controller_inst|clk_25 ; 1.000        ; -0.063     ; 3.456      ;
; -2.524 ; vga_controller:vga_controller_inst|h_pos_internal[31] ; vga_controller:vga_controller_inst|v_pos_internal[3]  ; vga_controller:vga_controller_inst|clk_25 ; vga_controller:vga_controller_inst|clk_25 ; 1.000        ; -0.063     ; 3.456      ;
; -2.524 ; vga_controller:vga_controller_inst|h_pos_internal[31] ; vga_controller:vga_controller_inst|v_pos_internal[2]  ; vga_controller:vga_controller_inst|clk_25 ; vga_controller:vga_controller_inst|clk_25 ; 1.000        ; -0.063     ; 3.456      ;
; -2.512 ; vga_controller:vga_controller_inst|h_pos_internal[10] ; vga_controller:vga_controller_inst|v_pos_internal[9]  ; vga_controller:vga_controller_inst|clk_25 ; vga_controller:vga_controller_inst|clk_25 ; 1.000        ; -0.060     ; 3.447      ;
; -2.500 ; vga_controller:vga_controller_inst|h_pos_internal[15] ; vga_controller:vga_controller_inst|v_pos_internal[1]  ; vga_controller:vga_controller_inst|clk_25 ; vga_controller:vga_controller_inst|clk_25 ; 1.000        ; -0.062     ; 3.433      ;
+--------+-------------------------------------------------------+-------------------------------------------------------+-------------------------------------------+-------------------------------------------+--------------+------------+------------+


+-----------------------------------------------------------------------------------------------------------------------------------------------------------------------------------------------------------------------+
; Slow 1200mV 85C Model Hold: 'clk_in'                                                                                                                                                                                  ;
+--------+-----------------------------------------------------+-----------------------------------------------------+-------------------------------------------+-------------+--------------+------------+------------+
; Slack  ; From Node                                           ; To Node                                             ; Launch Clock                              ; Latch Clock ; Relationship ; Clock Skew ; Data Delay ;
+--------+-----------------------------------------------------+-----------------------------------------------------+-------------------------------------------+-------------+--------------+------------+------------+
; -0.006 ; vga_controller:vga_controller_inst|clk_25           ; vga_controller:vga_controller_inst|clk_25           ; vga_controller:vga_controller_inst|clk_25 ; clk_in      ; 0.000        ; 2.420      ; 2.800      ;
; 0.338  ; debounce_pb:debounce_paddleup2|button_state         ; debounce_pb:debounce_paddleup2|button_state         ; clk_in                                    ; clk_in      ; 0.000        ; 0.062      ; 0.577      ;
; 0.338  ; gameCtrl_FSM:gameCtrl_FSM_inst|fsm.gameRunning      ; gameCtrl_FSM:gameCtrl_FSM_inst|fsm.gameRunning      ; clk_in                                    ; clk_in      ; 0.000        ; 0.062      ; 0.577      ;
; 0.338  ; gameCtrl_FSM:gameCtrl_FSM_inst|fsm.idle             ; gameCtrl_FSM:gameCtrl_FSM_inst|fsm.idle             ; clk_in                                    ; clk_in      ; 0.000        ; 0.062      ; 0.577      ;
; 0.338  ; gameCtrl_FSM:gameCtrl_FSM_inst|fsm.scoreP2          ; gameCtrl_FSM:gameCtrl_FSM_inst|fsm.scoreP2          ; clk_in                                    ; clk_in      ; 0.000        ; 0.062      ; 0.577      ;
; 0.338  ; gameCtrl_FSM:gameCtrl_FSM_inst|P1score_internal[25] ; gameCtrl_FSM:gameCtrl_FSM_inst|P1score_internal[25] ; clk_in                                    ; clk_in      ; 0.000        ; 0.062      ; 0.577      ;
; 0.338  ; gameCtrl_FSM:gameCtrl_FSM_inst|P2score_internal[25] ; gameCtrl_FSM:gameCtrl_FSM_inst|P2score_internal[25] ; clk_in                                    ; clk_in      ; 0.000        ; 0.062      ; 0.577      ;
; 0.339  ; debounce_pb:debounce_startGame|button_state         ; debounce_pb:debounce_startGame|button_state         ; clk_in                                    ; clk_in      ; 0.000        ; 0.061      ; 0.577      ;
; 0.339  ; uart_receiver:uart_receiver_inst|output_byte[2]     ; uart_receiver:uart_receiver_inst|output_byte[2]     ; clk_in                                    ; clk_in      ; 0.000        ; 0.061      ; 0.577      ;
; 0.339  ; uart_receiver:uart_receiver_inst|output_byte[1]     ; uart_receiver:uart_receiver_inst|output_byte[1]     ; clk_in                                    ; clk_in      ; 0.000        ; 0.061      ; 0.577      ;
; 0.339  ; uart_receiver:uart_receiver_inst|output_byte[3]     ; uart_receiver:uart_receiver_inst|output_byte[3]     ; clk_in                                    ; clk_in      ; 0.000        ; 0.061      ; 0.577      ;
; 0.339  ; uart_receiver:uart_receiver_inst|output_byte[7]     ; uart_receiver:uart_receiver_inst|output_byte[7]     ; clk_in                                    ; clk_in      ; 0.000        ; 0.061      ; 0.577      ;
; 0.339  ; uart_receiver:uart_receiver_inst|output_byte[5]     ; uart_receiver:uart_receiver_inst|output_byte[5]     ; clk_in                                    ; clk_in      ; 0.000        ; 0.061      ; 0.577      ;
; 0.339  ; uart_receiver:uart_receiver_inst|output_byte[0]     ; uart_receiver:uart_receiver_inst|output_byte[0]     ; clk_in                                    ; clk_in      ; 0.000        ; 0.061      ; 0.577      ;
; 0.339  ; uart_receiver:uart_receiver_inst|output_byte[4]     ; uart_receiver:uart_receiver_inst|output_byte[4]     ; clk_in                                    ; clk_in      ; 0.000        ; 0.061      ; 0.577      ;
; 0.339  ; uart_receiver:uart_receiver_inst|output_byte[6]     ; uart_receiver:uart_receiver_inst|output_byte[6]     ; clk_in                                    ; clk_in      ; 0.000        ; 0.061      ; 0.577      ;
; 0.339  ; uart_receiver:uart_receiver_inst|fsm_state[1]       ; uart_receiver:uart_receiver_inst|fsm_state[1]       ; clk_in                                    ; clk_in      ; 0.000        ; 0.061      ; 0.577      ;
; 0.339  ; gameCtrl_FSM:gameCtrl_FSM_inst|P1score_internal[31] ; gameCtrl_FSM:gameCtrl_FSM_inst|P1score_internal[31] ; clk_in                                    ; clk_in      ; 0.000        ; 0.061      ; 0.577      ;
; 0.339  ; gameCtrl_FSM:gameCtrl_FSM_inst|P1score_internal[22] ; gameCtrl_FSM:gameCtrl_FSM_inst|P1score_internal[22] ; clk_in                                    ; clk_in      ; 0.000        ; 0.061      ; 0.577      ;
; 0.339  ; gameCtrl_FSM:gameCtrl_FSM_inst|P1score_internal[23] ; gameCtrl_FSM:gameCtrl_FSM_inst|P1score_internal[23] ; clk_in                                    ; clk_in      ; 0.000        ; 0.061      ; 0.577      ;
; 0.339  ; gameCtrl_FSM:gameCtrl_FSM_inst|P1score_internal[30] ; gameCtrl_FSM:gameCtrl_FSM_inst|P1score_internal[30] ; clk_in                                    ; clk_in      ; 0.000        ; 0.061      ; 0.577      ;
; 0.339  ; gameCtrl_FSM:gameCtrl_FSM_inst|P1score_internal[28] ; gameCtrl_FSM:gameCtrl_FSM_inst|P1score_internal[28] ; clk_in                                    ; clk_in      ; 0.000        ; 0.061      ; 0.577      ;
; 0.339  ; gameCtrl_FSM:gameCtrl_FSM_inst|P1score_internal[29] ; gameCtrl_FSM:gameCtrl_FSM_inst|P1score_internal[29] ; clk_in                                    ; clk_in      ; 0.000        ; 0.061      ; 0.577      ;
; 0.339  ; gameCtrl_FSM:gameCtrl_FSM_inst|P1score_internal[16] ; gameCtrl_FSM:gameCtrl_FSM_inst|P1score_internal[16] ; clk_in                                    ; clk_in      ; 0.000        ; 0.061      ; 0.577      ;
; 0.339  ; gameCtrl_FSM:gameCtrl_FSM_inst|P1score_internal[19] ; gameCtrl_FSM:gameCtrl_FSM_inst|P1score_internal[19] ; clk_in                                    ; clk_in      ; 0.000        ; 0.061      ; 0.577      ;
; 0.339  ; gameCtrl_FSM:gameCtrl_FSM_inst|P1score_internal[18] ; gameCtrl_FSM:gameCtrl_FSM_inst|P1score_internal[18] ; clk_in                                    ; clk_in      ; 0.000        ; 0.061      ; 0.577      ;
; 0.339  ; debounce_pb:debounce_paddledwn2|button_state        ; debounce_pb:debounce_paddledwn2|button_state        ; clk_in                                    ; clk_in      ; 0.000        ; 0.061      ; 0.577      ;
; 0.339  ; gameCtrl_FSM:gameCtrl_FSM_inst|P2score_internal[31] ; gameCtrl_FSM:gameCtrl_FSM_inst|P2score_internal[31] ; clk_in                                    ; clk_in      ; 0.000        ; 0.061      ; 0.577      ;
; 0.339  ; gameCtrl_FSM:gameCtrl_FSM_inst|P2score_internal[22] ; gameCtrl_FSM:gameCtrl_FSM_inst|P2score_internal[22] ; clk_in                                    ; clk_in      ; 0.000        ; 0.061      ; 0.577      ;
; 0.339  ; gameCtrl_FSM:gameCtrl_FSM_inst|P2score_internal[23] ; gameCtrl_FSM:gameCtrl_FSM_inst|P2score_internal[23] ; clk_in                                    ; clk_in      ; 0.000        ; 0.061      ; 0.577      ;
; 0.339  ; gameCtrl_FSM:gameCtrl_FSM_inst|P2score_internal[28] ; gameCtrl_FSM:gameCtrl_FSM_inst|P2score_internal[28] ; clk_in                                    ; clk_in      ; 0.000        ; 0.061      ; 0.577      ;
; 0.339  ; gameCtrl_FSM:gameCtrl_FSM_inst|P2score_internal[30] ; gameCtrl_FSM:gameCtrl_FSM_inst|P2score_internal[30] ; clk_in                                    ; clk_in      ; 0.000        ; 0.061      ; 0.577      ;
; 0.339  ; gameCtrl_FSM:gameCtrl_FSM_inst|P2score_internal[29] ; gameCtrl_FSM:gameCtrl_FSM_inst|P2score_internal[29] ; clk_in                                    ; clk_in      ; 0.000        ; 0.061      ; 0.577      ;
; 0.339  ; gameCtrl_FSM:gameCtrl_FSM_inst|P1score_internal[4]  ; gameCtrl_FSM:gameCtrl_FSM_inst|P1score_internal[4]  ; clk_in                                    ; clk_in      ; 0.000        ; 0.061      ; 0.577      ;
; 0.339  ; gameCtrl_FSM:gameCtrl_FSM_inst|P1score_internal[7]  ; gameCtrl_FSM:gameCtrl_FSM_inst|P1score_internal[7]  ; clk_in                                    ; clk_in      ; 0.000        ; 0.061      ; 0.577      ;
; 0.339  ; gameCtrl_FSM:gameCtrl_FSM_inst|P1score_internal[6]  ; gameCtrl_FSM:gameCtrl_FSM_inst|P1score_internal[6]  ; clk_in                                    ; clk_in      ; 0.000        ; 0.061      ; 0.577      ;
; 0.339  ; gameCtrl_FSM:gameCtrl_FSM_inst|P1score_internal[3]  ; gameCtrl_FSM:gameCtrl_FSM_inst|P1score_internal[3]  ; clk_in                                    ; clk_in      ; 0.000        ; 0.061      ; 0.577      ;
; 0.339  ; gameCtrl_FSM:gameCtrl_FSM_inst|P1score_internal[0]  ; gameCtrl_FSM:gameCtrl_FSM_inst|P1score_internal[0]  ; clk_in                                    ; clk_in      ; 0.000        ; 0.061      ; 0.577      ;
; 0.339  ; gameCtrl_FSM:gameCtrl_FSM_inst|P1score_internal[1]  ; gameCtrl_FSM:gameCtrl_FSM_inst|P1score_internal[1]  ; clk_in                                    ; clk_in      ; 0.000        ; 0.061      ; 0.577      ;
; 0.339  ; gameCtrl_FSM:gameCtrl_FSM_inst|P1score_internal[2]  ; gameCtrl_FSM:gameCtrl_FSM_inst|P1score_internal[2]  ; clk_in                                    ; clk_in      ; 0.000        ; 0.061      ; 0.577      ;
; 0.339  ; gameCtrl_FSM:gameCtrl_FSM_inst|P1score_internal[27] ; gameCtrl_FSM:gameCtrl_FSM_inst|P1score_internal[27] ; clk_in                                    ; clk_in      ; 0.000        ; 0.061      ; 0.577      ;
; 0.339  ; gameCtrl_FSM:gameCtrl_FSM_inst|P2score_internal[17] ; gameCtrl_FSM:gameCtrl_FSM_inst|P2score_internal[17] ; clk_in                                    ; clk_in      ; 0.000        ; 0.061      ; 0.577      ;
; 0.339  ; gameCtrl_FSM:gameCtrl_FSM_inst|P2score_internal[19] ; gameCtrl_FSM:gameCtrl_FSM_inst|P2score_internal[19] ; clk_in                                    ; clk_in      ; 0.000        ; 0.061      ; 0.577      ;
; 0.339  ; gameCtrl_FSM:gameCtrl_FSM_inst|P2score_internal[18] ; gameCtrl_FSM:gameCtrl_FSM_inst|P2score_internal[18] ; clk_in                                    ; clk_in      ; 0.000        ; 0.061      ; 0.577      ;
; 0.339  ; gameCtrl_FSM:gameCtrl_FSM_inst|P2score_internal[16] ; gameCtrl_FSM:gameCtrl_FSM_inst|P2score_internal[16] ; clk_in                                    ; clk_in      ; 0.000        ; 0.061      ; 0.577      ;
; 0.339  ; gameCtrl_FSM:gameCtrl_FSM_inst|P2score_internal[20] ; gameCtrl_FSM:gameCtrl_FSM_inst|P2score_internal[20] ; clk_in                                    ; clk_in      ; 0.000        ; 0.061      ; 0.577      ;
; 0.339  ; gameCtrl_FSM:gameCtrl_FSM_inst|P2score_internal[21] ; gameCtrl_FSM:gameCtrl_FSM_inst|P2score_internal[21] ; clk_in                                    ; clk_in      ; 0.000        ; 0.061      ; 0.577      ;
; 0.339  ; gameCtrl_FSM:gameCtrl_FSM_inst|P2score_internal[27] ; gameCtrl_FSM:gameCtrl_FSM_inst|P2score_internal[27] ; clk_in                                    ; clk_in      ; 0.000        ; 0.061      ; 0.577      ;
; 0.339  ; gameCtrl_FSM:gameCtrl_FSM_inst|P2score_internal[24] ; gameCtrl_FSM:gameCtrl_FSM_inst|P2score_internal[24] ; clk_in                                    ; clk_in      ; 0.000        ; 0.061      ; 0.577      ;
; 0.339  ; gameCtrl_FSM:gameCtrl_FSM_inst|P2score_internal[26] ; gameCtrl_FSM:gameCtrl_FSM_inst|P2score_internal[26] ; clk_in                                    ; clk_in      ; 0.000        ; 0.061      ; 0.577      ;
; 0.339  ; gameCtrl_FSM:gameCtrl_FSM_inst|P2score_internal[5]  ; gameCtrl_FSM:gameCtrl_FSM_inst|P2score_internal[5]  ; clk_in                                    ; clk_in      ; 0.000        ; 0.061      ; 0.577      ;
; 0.339  ; gameCtrl_FSM:gameCtrl_FSM_inst|P2score_internal[7]  ; gameCtrl_FSM:gameCtrl_FSM_inst|P2score_internal[7]  ; clk_in                                    ; clk_in      ; 0.000        ; 0.061      ; 0.577      ;
; 0.339  ; gameCtrl_FSM:gameCtrl_FSM_inst|P2score_internal[4]  ; gameCtrl_FSM:gameCtrl_FSM_inst|P2score_internal[4]  ; clk_in                                    ; clk_in      ; 0.000        ; 0.061      ; 0.577      ;
; 0.339  ; gameCtrl_FSM:gameCtrl_FSM_inst|P2score_internal[6]  ; gameCtrl_FSM:gameCtrl_FSM_inst|P2score_internal[6]  ; clk_in                                    ; clk_in      ; 0.000        ; 0.061      ; 0.577      ;
; 0.339  ; gameCtrl_FSM:gameCtrl_FSM_inst|P2score_internal[9]  ; gameCtrl_FSM:gameCtrl_FSM_inst|P2score_internal[9]  ; clk_in                                    ; clk_in      ; 0.000        ; 0.061      ; 0.577      ;
; 0.339  ; gameCtrl_FSM:gameCtrl_FSM_inst|P2score_internal[11] ; gameCtrl_FSM:gameCtrl_FSM_inst|P2score_internal[11] ; clk_in                                    ; clk_in      ; 0.000        ; 0.061      ; 0.577      ;
; 0.339  ; gameCtrl_FSM:gameCtrl_FSM_inst|P2score_internal[10] ; gameCtrl_FSM:gameCtrl_FSM_inst|P2score_internal[10] ; clk_in                                    ; clk_in      ; 0.000        ; 0.061      ; 0.577      ;
; 0.339  ; gameCtrl_FSM:gameCtrl_FSM_inst|P2score_internal[8]  ; gameCtrl_FSM:gameCtrl_FSM_inst|P2score_internal[8]  ; clk_in                                    ; clk_in      ; 0.000        ; 0.061      ; 0.577      ;
; 0.339  ; gameCtrl_FSM:gameCtrl_FSM_inst|P2score_internal[13] ; gameCtrl_FSM:gameCtrl_FSM_inst|P2score_internal[13] ; clk_in                                    ; clk_in      ; 0.000        ; 0.061      ; 0.577      ;
; 0.339  ; gameCtrl_FSM:gameCtrl_FSM_inst|P2score_internal[14] ; gameCtrl_FSM:gameCtrl_FSM_inst|P2score_internal[14] ; clk_in                                    ; clk_in      ; 0.000        ; 0.061      ; 0.577      ;
; 0.339  ; gameCtrl_FSM:gameCtrl_FSM_inst|P2score_internal[15] ; gameCtrl_FSM:gameCtrl_FSM_inst|P2score_internal[15] ; clk_in                                    ; clk_in      ; 0.000        ; 0.061      ; 0.577      ;
; 0.339  ; gameCtrl_FSM:gameCtrl_FSM_inst|P2score_internal[12] ; gameCtrl_FSM:gameCtrl_FSM_inst|P2score_internal[12] ; clk_in                                    ; clk_in      ; 0.000        ; 0.061      ; 0.577      ;
; 0.339  ; gameCtrl_FSM:gameCtrl_FSM_inst|P2score_internal[3]  ; gameCtrl_FSM:gameCtrl_FSM_inst|P2score_internal[3]  ; clk_in                                    ; clk_in      ; 0.000        ; 0.061      ; 0.577      ;
; 0.339  ; gameCtrl_FSM:gameCtrl_FSM_inst|P2score_internal[0]  ; gameCtrl_FSM:gameCtrl_FSM_inst|P2score_internal[0]  ; clk_in                                    ; clk_in      ; 0.000        ; 0.061      ; 0.577      ;
; 0.339  ; gameCtrl_FSM:gameCtrl_FSM_inst|P2score_internal[1]  ; gameCtrl_FSM:gameCtrl_FSM_inst|P2score_internal[1]  ; clk_in                                    ; clk_in      ; 0.000        ; 0.061      ; 0.577      ;
; 0.339  ; gameCtrl_FSM:gameCtrl_FSM_inst|P2score_internal[2]  ; gameCtrl_FSM:gameCtrl_FSM_inst|P2score_internal[2]  ; clk_in                                    ; clk_in      ; 0.000        ; 0.061      ; 0.577      ;
; 0.340  ; gameCtrl_FSM:gameCtrl_FSM_inst|P1score_internal[5]  ; gameCtrl_FSM:gameCtrl_FSM_inst|P1score_internal[5]  ; clk_in                                    ; clk_in      ; 0.000        ; 0.060      ; 0.577      ;
; 0.340  ; gameCtrl_FSM:gameCtrl_FSM_inst|P1score_internal[13] ; gameCtrl_FSM:gameCtrl_FSM_inst|P1score_internal[13] ; clk_in                                    ; clk_in      ; 0.000        ; 0.060      ; 0.577      ;
; 0.340  ; gameCtrl_FSM:gameCtrl_FSM_inst|P1score_internal[15] ; gameCtrl_FSM:gameCtrl_FSM_inst|P1score_internal[15] ; clk_in                                    ; clk_in      ; 0.000        ; 0.060      ; 0.577      ;
; 0.340  ; gameCtrl_FSM:gameCtrl_FSM_inst|P1score_internal[12] ; gameCtrl_FSM:gameCtrl_FSM_inst|P1score_internal[12] ; clk_in                                    ; clk_in      ; 0.000        ; 0.060      ; 0.577      ;
; 0.340  ; gameCtrl_FSM:gameCtrl_FSM_inst|P1score_internal[14] ; gameCtrl_FSM:gameCtrl_FSM_inst|P1score_internal[14] ; clk_in                                    ; clk_in      ; 0.000        ; 0.060      ; 0.577      ;
; 0.340  ; gameCtrl_FSM:gameCtrl_FSM_inst|P1score_internal[9]  ; gameCtrl_FSM:gameCtrl_FSM_inst|P1score_internal[9]  ; clk_in                                    ; clk_in      ; 0.000        ; 0.060      ; 0.577      ;
; 0.340  ; gameCtrl_FSM:gameCtrl_FSM_inst|P1score_internal[11] ; gameCtrl_FSM:gameCtrl_FSM_inst|P1score_internal[11] ; clk_in                                    ; clk_in      ; 0.000        ; 0.060      ; 0.577      ;
; 0.340  ; gameCtrl_FSM:gameCtrl_FSM_inst|P1score_internal[10] ; gameCtrl_FSM:gameCtrl_FSM_inst|P1score_internal[10] ; clk_in                                    ; clk_in      ; 0.000        ; 0.060      ; 0.577      ;
; 0.340  ; gameCtrl_FSM:gameCtrl_FSM_inst|P1score_internal[8]  ; gameCtrl_FSM:gameCtrl_FSM_inst|P1score_internal[8]  ; clk_in                                    ; clk_in      ; 0.000        ; 0.060      ; 0.577      ;
; 0.340  ; gameCtrl_FSM:gameCtrl_FSM_inst|P1score_internal[21] ; gameCtrl_FSM:gameCtrl_FSM_inst|P1score_internal[21] ; clk_in                                    ; clk_in      ; 0.000        ; 0.060      ; 0.577      ;
; 0.340  ; gameCtrl_FSM:gameCtrl_FSM_inst|P1score_internal[20] ; gameCtrl_FSM:gameCtrl_FSM_inst|P1score_internal[20] ; clk_in                                    ; clk_in      ; 0.000        ; 0.060      ; 0.577      ;
; 0.340  ; gameCtrl_FSM:gameCtrl_FSM_inst|P1score_internal[17] ; gameCtrl_FSM:gameCtrl_FSM_inst|P1score_internal[17] ; clk_in                                    ; clk_in      ; 0.000        ; 0.060      ; 0.577      ;
; 0.340  ; gameCtrl_FSM:gameCtrl_FSM_inst|P1score_internal[26] ; gameCtrl_FSM:gameCtrl_FSM_inst|P1score_internal[26] ; clk_in                                    ; clk_in      ; 0.000        ; 0.060      ; 0.577      ;
; 0.340  ; gameCtrl_FSM:gameCtrl_FSM_inst|P1score_internal[24] ; gameCtrl_FSM:gameCtrl_FSM_inst|P1score_internal[24] ; clk_in                                    ; clk_in      ; 0.000        ; 0.060      ; 0.577      ;
; 0.342  ; uart_receiver:uart_receiver_inst|fsm_state[2]       ; uart_receiver:uart_receiver_inst|fsm_state[2]       ; clk_in                                    ; clk_in      ; 0.000        ; 0.061      ; 0.580      ;
; 0.371  ; debounce_pb:debounce_paddledwn2|clk_counter[18]     ; debounce_pb:debounce_paddledwn2|clk_counter[18]     ; clk_in                                    ; clk_in      ; 0.000        ; 0.062      ; 0.610      ;
; 0.372  ; debounce_pb:debounce_startGame|clk_counter[18]      ; debounce_pb:debounce_startGame|clk_counter[18]      ; clk_in                                    ; clk_in      ; 0.000        ; 0.061      ; 0.610      ;
; 0.372  ; debounce_pb:debounce_paddleup2|clk_counter[18]      ; debounce_pb:debounce_paddleup2|clk_counter[18]      ; clk_in                                    ; clk_in      ; 0.000        ; 0.061      ; 0.610      ;
; 0.379  ; uart_receiver:uart_receiver_inst|fsm_state[2]       ; uart_receiver:uart_receiver_inst|valid_data         ; clk_in                                    ; clk_in      ; 0.000        ; 0.061      ; 0.617      ;
; 0.379  ; uart_receiver:uart_receiver_inst|fsm_state[2]       ; uart_receiver:uart_receiver_inst|fsm_state[0]       ; clk_in                                    ; clk_in      ; 0.000        ; 0.061      ; 0.617      ;
; 0.409  ; gameCtrl_FSM:gameCtrl_FSM_inst|P1score_internal[2]  ; displayScore_SSD:displayScore_SSD_p1|hex_value[1]   ; clk_in                                    ; clk_in      ; 0.000        ; 0.061      ; 0.647      ;
; 0.411  ; gameCtrl_FSM:gameCtrl_FSM_inst|P1score_internal[2]  ; displayScore_SSD:displayScore_SSD_p1|hex_value[5]   ; clk_in                                    ; clk_in      ; 0.000        ; 0.061      ; 0.649      ;
; 0.412  ; gameCtrl_FSM:gameCtrl_FSM_inst|P1score_internal[2]  ; displayScore_SSD:displayScore_SSD_p1|hex_value[4]   ; clk_in                                    ; clk_in      ; 0.000        ; 0.061      ; 0.650      ;
; 0.413  ; gameCtrl_FSM:gameCtrl_FSM_inst|P1score_internal[2]  ; displayScore_SSD:displayScore_SSD_p1|hex_value[3]   ; clk_in                                    ; clk_in      ; 0.000        ; 0.061      ; 0.651      ;
; 0.414  ; gameCtrl_FSM:gameCtrl_FSM_inst|P1score_internal[2]  ; displayScore_SSD:displayScore_SSD_p1|hex_value[2]   ; clk_in                                    ; clk_in      ; 0.000        ; 0.061      ; 0.652      ;
; 0.417  ; gameCtrl_FSM:gameCtrl_FSM_inst|P1score_internal[2]  ; displayScore_SSD:displayScore_SSD_p1|hex_value[0]   ; clk_in                                    ; clk_in      ; 0.000        ; 0.061      ; 0.655      ;
; 0.506  ; ball_ctrl:ball_ctrl_inst|ball_y_internal[1]         ; ball_ctrl:ball_ctrl_inst|ball_y_p[1]                ; clk_in                                    ; clk_in      ; 0.000        ; 0.061      ; 0.744      ;
; 0.507  ; ball_ctrl:ball_ctrl_inst|ball_y_internal[3]         ; ball_ctrl:ball_ctrl_inst|ball_y_p[3]                ; clk_in                                    ; clk_in      ; 0.000        ; 0.061      ; 0.745      ;
; 0.514  ; gameCtrl_FSM:gameCtrl_FSM_inst|P2score_internal[0]  ; displayScore_SSD:displayScore_SSD_p2|hex_value[5]   ; clk_in                                    ; clk_in      ; 0.000        ; 0.061      ; 0.752      ;
; 0.519  ; gameCtrl_FSM:gameCtrl_FSM_inst|P1score_internal[1]  ; displayScore_SSD:displayScore_SSD_p1|hex_value[3]   ; clk_in                                    ; clk_in      ; 0.000        ; 0.061      ; 0.757      ;
; 0.522  ; gameCtrl_FSM:gameCtrl_FSM_inst|P1score_internal[1]  ; displayScore_SSD:displayScore_SSD_p1|hex_value[4]   ; clk_in                                    ; clk_in      ; 0.000        ; 0.061      ; 0.760      ;
; 0.522  ; gameCtrl_FSM:gameCtrl_FSM_inst|P1score_internal[1]  ; displayScore_SSD:displayScore_SSD_p1|hex_value[2]   ; clk_in                                    ; clk_in      ; 0.000        ; 0.061      ; 0.760      ;
; 0.522  ; gameCtrl_FSM:gameCtrl_FSM_inst|P1score_internal[1]  ; displayScore_SSD:displayScore_SSD_p1|hex_value[0]   ; clk_in                                    ; clk_in      ; 0.000        ; 0.061      ; 0.760      ;
; 0.524  ; gameCtrl_FSM:gameCtrl_FSM_inst|P1score_internal[1]  ; displayScore_SSD:displayScore_SSD_p1|hex_value[5]   ; clk_in                                    ; clk_in      ; 0.000        ; 0.061      ; 0.762      ;
+--------+-----------------------------------------------------+-----------------------------------------------------+-------------------------------------------+-------------+--------------+------------+------------+


+--------------------------------------------------------------------------------------------------------------------------------------------------------------------------------------------------------------------------------------------------------+
; Slow 1200mV 85C Model Hold: 'vga_controller:vga_controller_inst|clk_25'                                                                                                                                                                                ;
+-------+-------------------------------------------------------+-------------------------------------------------------+-------------------------------------------+-------------------------------------------+--------------+------------+------------+
; Slack ; From Node                                             ; To Node                                               ; Launch Clock                              ; Latch Clock                               ; Relationship ; Clock Skew ; Data Delay ;
+-------+-------------------------------------------------------+-------------------------------------------------------+-------------------------------------------+-------------------------------------------+--------------+------------+------------+
; 0.549 ; vga_controller:vga_controller_inst|h_pos_internal[13] ; vga_controller:vga_controller_inst|h_pos_internal[13] ; vga_controller:vga_controller_inst|clk_25 ; vga_controller:vga_controller_inst|clk_25 ; 0.000        ; 0.061      ; 0.787      ;
; 0.549 ; vga_controller:vga_controller_inst|h_pos_internal[15] ; vga_controller:vga_controller_inst|h_pos_internal[15] ; vga_controller:vga_controller_inst|clk_25 ; vga_controller:vga_controller_inst|clk_25 ; 0.000        ; 0.061      ; 0.787      ;
; 0.550 ; vga_controller:vga_controller_inst|h_pos_internal[19] ; vga_controller:vga_controller_inst|h_pos_internal[19] ; vga_controller:vga_controller_inst|clk_25 ; vga_controller:vga_controller_inst|clk_25 ; 0.000        ; 0.061      ; 0.788      ;
; 0.550 ; vga_controller:vga_controller_inst|h_pos_internal[11] ; vga_controller:vga_controller_inst|h_pos_internal[11] ; vga_controller:vga_controller_inst|clk_25 ; vga_controller:vga_controller_inst|clk_25 ; 0.000        ; 0.061      ; 0.788      ;
; 0.550 ; vga_controller:vga_controller_inst|h_pos_internal[29] ; vga_controller:vga_controller_inst|h_pos_internal[29] ; vga_controller:vga_controller_inst|clk_25 ; vga_controller:vga_controller_inst|clk_25 ; 0.000        ; 0.061      ; 0.788      ;
; 0.550 ; vga_controller:vga_controller_inst|v_pos_internal[13] ; vga_controller:vga_controller_inst|v_pos_internal[13] ; vga_controller:vga_controller_inst|clk_25 ; vga_controller:vga_controller_inst|clk_25 ; 0.000        ; 0.060      ; 0.787      ;
; 0.550 ; vga_controller:vga_controller_inst|v_pos_internal[15] ; vga_controller:vga_controller_inst|v_pos_internal[15] ; vga_controller:vga_controller_inst|clk_25 ; vga_controller:vga_controller_inst|clk_25 ; 0.000        ; 0.060      ; 0.787      ;
; 0.551 ; vga_controller:vga_controller_inst|h_pos_internal[21] ; vga_controller:vga_controller_inst|h_pos_internal[21] ; vga_controller:vga_controller_inst|clk_25 ; vga_controller:vga_controller_inst|clk_25 ; 0.000        ; 0.061      ; 0.789      ;
; 0.551 ; vga_controller:vga_controller_inst|h_pos_internal[27] ; vga_controller:vga_controller_inst|h_pos_internal[27] ; vga_controller:vga_controller_inst|clk_25 ; vga_controller:vga_controller_inst|clk_25 ; 0.000        ; 0.061      ; 0.789      ;
; 0.551 ; vga_controller:vga_controller_inst|h_pos_internal[31] ; vga_controller:vga_controller_inst|h_pos_internal[31] ; vga_controller:vga_controller_inst|clk_25 ; vga_controller:vga_controller_inst|clk_25 ; 0.000        ; 0.061      ; 0.789      ;
; 0.551 ; vga_controller:vga_controller_inst|h_pos_internal[17] ; vga_controller:vga_controller_inst|h_pos_internal[17] ; vga_controller:vga_controller_inst|clk_25 ; vga_controller:vga_controller_inst|clk_25 ; 0.000        ; 0.061      ; 0.789      ;
; 0.551 ; vga_controller:vga_controller_inst|v_pos_internal[19] ; vga_controller:vga_controller_inst|v_pos_internal[19] ; vga_controller:vga_controller_inst|clk_25 ; vga_controller:vga_controller_inst|clk_25 ; 0.000        ; 0.060      ; 0.788      ;
; 0.551 ; vga_controller:vga_controller_inst|v_pos_internal[29] ; vga_controller:vga_controller_inst|v_pos_internal[29] ; vga_controller:vga_controller_inst|clk_25 ; vga_controller:vga_controller_inst|clk_25 ; 0.000        ; 0.060      ; 0.788      ;
; 0.551 ; vga_controller:vga_controller_inst|v_pos_internal[11] ; vga_controller:vga_controller_inst|v_pos_internal[11] ; vga_controller:vga_controller_inst|clk_25 ; vga_controller:vga_controller_inst|clk_25 ; 0.000        ; 0.060      ; 0.788      ;
; 0.552 ; vga_controller:vga_controller_inst|h_pos_internal[22] ; vga_controller:vga_controller_inst|h_pos_internal[22] ; vga_controller:vga_controller_inst|clk_25 ; vga_controller:vga_controller_inst|clk_25 ; 0.000        ; 0.061      ; 0.790      ;
; 0.552 ; vga_controller:vga_controller_inst|h_pos_internal[16] ; vga_controller:vga_controller_inst|h_pos_internal[16] ; vga_controller:vga_controller_inst|clk_25 ; vga_controller:vga_controller_inst|clk_25 ; 0.000        ; 0.061      ; 0.790      ;
; 0.552 ; vga_controller:vga_controller_inst|v_pos_internal[6]  ; vga_controller:vga_controller_inst|v_pos_internal[6]  ; vga_controller:vga_controller_inst|clk_25 ; vga_controller:vga_controller_inst|clk_25 ; 0.000        ; 0.060      ; 0.789      ;
; 0.552 ; vga_controller:vga_controller_inst|v_pos_internal[21] ; vga_controller:vga_controller_inst|v_pos_internal[21] ; vga_controller:vga_controller_inst|clk_25 ; vga_controller:vga_controller_inst|clk_25 ; 0.000        ; 0.060      ; 0.789      ;
; 0.552 ; vga_controller:vga_controller_inst|v_pos_internal[31] ; vga_controller:vga_controller_inst|v_pos_internal[31] ; vga_controller:vga_controller_inst|clk_25 ; vga_controller:vga_controller_inst|clk_25 ; 0.000        ; 0.060      ; 0.789      ;
; 0.552 ; vga_controller:vga_controller_inst|v_pos_internal[17] ; vga_controller:vga_controller_inst|v_pos_internal[17] ; vga_controller:vga_controller_inst|clk_25 ; vga_controller:vga_controller_inst|clk_25 ; 0.000        ; 0.060      ; 0.789      ;
; 0.552 ; vga_controller:vga_controller_inst|v_pos_internal[27] ; vga_controller:vga_controller_inst|v_pos_internal[27] ; vga_controller:vga_controller_inst|clk_25 ; vga_controller:vga_controller_inst|clk_25 ; 0.000        ; 0.060      ; 0.789      ;
; 0.553 ; vga_controller:vga_controller_inst|h_pos_internal[18] ; vga_controller:vga_controller_inst|h_pos_internal[18] ; vga_controller:vga_controller_inst|clk_25 ; vga_controller:vga_controller_inst|clk_25 ; 0.000        ; 0.061      ; 0.791      ;
; 0.553 ; vga_controller:vga_controller_inst|h_pos_internal[23] ; vga_controller:vga_controller_inst|h_pos_internal[23] ; vga_controller:vga_controller_inst|clk_25 ; vga_controller:vga_controller_inst|clk_25 ; 0.000        ; 0.061      ; 0.791      ;
; 0.553 ; vga_controller:vga_controller_inst|h_pos_internal[25] ; vga_controller:vga_controller_inst|h_pos_internal[25] ; vga_controller:vga_controller_inst|clk_25 ; vga_controller:vga_controller_inst|clk_25 ; 0.000        ; 0.061      ; 0.791      ;
; 0.553 ; vga_controller:vga_controller_inst|h_pos_internal[14] ; vga_controller:vga_controller_inst|h_pos_internal[14] ; vga_controller:vga_controller_inst|clk_25 ; vga_controller:vga_controller_inst|clk_25 ; 0.000        ; 0.061      ; 0.791      ;
; 0.553 ; vga_controller:vga_controller_inst|v_pos_internal[22] ; vga_controller:vga_controller_inst|v_pos_internal[22] ; vga_controller:vga_controller_inst|clk_25 ; vga_controller:vga_controller_inst|clk_25 ; 0.000        ; 0.060      ; 0.790      ;
; 0.553 ; vga_controller:vga_controller_inst|v_pos_internal[16] ; vga_controller:vga_controller_inst|v_pos_internal[16] ; vga_controller:vga_controller_inst|clk_25 ; vga_controller:vga_controller_inst|clk_25 ; 0.000        ; 0.060      ; 0.790      ;
; 0.554 ; vga_controller:vga_controller_inst|h_pos_internal[12] ; vga_controller:vga_controller_inst|h_pos_internal[12] ; vga_controller:vga_controller_inst|clk_25 ; vga_controller:vga_controller_inst|clk_25 ; 0.000        ; 0.061      ; 0.792      ;
; 0.554 ; vga_controller:vga_controller_inst|h_pos_internal[30] ; vga_controller:vga_controller_inst|h_pos_internal[30] ; vga_controller:vga_controller_inst|clk_25 ; vga_controller:vga_controller_inst|clk_25 ; 0.000        ; 0.061      ; 0.792      ;
; 0.554 ; vga_controller:vga_controller_inst|v_pos_internal[18] ; vga_controller:vga_controller_inst|v_pos_internal[18] ; vga_controller:vga_controller_inst|clk_25 ; vga_controller:vga_controller_inst|clk_25 ; 0.000        ; 0.060      ; 0.791      ;
; 0.554 ; vga_controller:vga_controller_inst|v_pos_internal[25] ; vga_controller:vga_controller_inst|v_pos_internal[25] ; vga_controller:vga_controller_inst|clk_25 ; vga_controller:vga_controller_inst|clk_25 ; 0.000        ; 0.060      ; 0.791      ;
; 0.554 ; vga_controller:vga_controller_inst|v_pos_internal[23] ; vga_controller:vga_controller_inst|v_pos_internal[23] ; vga_controller:vga_controller_inst|clk_25 ; vga_controller:vga_controller_inst|clk_25 ; 0.000        ; 0.060      ; 0.791      ;
; 0.554 ; vga_controller:vga_controller_inst|v_pos_internal[14] ; vga_controller:vga_controller_inst|v_pos_internal[14] ; vga_controller:vga_controller_inst|clk_25 ; vga_controller:vga_controller_inst|clk_25 ; 0.000        ; 0.060      ; 0.791      ;
; 0.555 ; vga_controller:vga_controller_inst|h_pos_internal[20] ; vga_controller:vga_controller_inst|h_pos_internal[20] ; vga_controller:vga_controller_inst|clk_25 ; vga_controller:vga_controller_inst|clk_25 ; 0.000        ; 0.061      ; 0.793      ;
; 0.555 ; vga_controller:vga_controller_inst|h_pos_internal[24] ; vga_controller:vga_controller_inst|h_pos_internal[24] ; vga_controller:vga_controller_inst|clk_25 ; vga_controller:vga_controller_inst|clk_25 ; 0.000        ; 0.061      ; 0.793      ;
; 0.555 ; vga_controller:vga_controller_inst|h_pos_internal[26] ; vga_controller:vga_controller_inst|h_pos_internal[26] ; vga_controller:vga_controller_inst|clk_25 ; vga_controller:vga_controller_inst|clk_25 ; 0.000        ; 0.061      ; 0.793      ;
; 0.555 ; vga_controller:vga_controller_inst|h_pos_internal[28] ; vga_controller:vga_controller_inst|h_pos_internal[28] ; vga_controller:vga_controller_inst|clk_25 ; vga_controller:vga_controller_inst|clk_25 ; 0.000        ; 0.061      ; 0.793      ;
; 0.555 ; vga_controller:vga_controller_inst|v_pos_internal[8]  ; vga_controller:vga_controller_inst|v_pos_internal[8]  ; vga_controller:vga_controller_inst|clk_25 ; vga_controller:vga_controller_inst|clk_25 ; 0.000        ; 0.060      ; 0.792      ;
; 0.555 ; vga_controller:vga_controller_inst|v_pos_internal[12] ; vga_controller:vga_controller_inst|v_pos_internal[12] ; vga_controller:vga_controller_inst|clk_25 ; vga_controller:vga_controller_inst|clk_25 ; 0.000        ; 0.060      ; 0.792      ;
; 0.555 ; vga_controller:vga_controller_inst|v_pos_internal[30] ; vga_controller:vga_controller_inst|v_pos_internal[30] ; vga_controller:vga_controller_inst|clk_25 ; vga_controller:vga_controller_inst|clk_25 ; 0.000        ; 0.060      ; 0.792      ;
; 0.555 ; vga_controller:vga_controller_inst|v_pos_internal[10] ; vga_controller:vga_controller_inst|v_pos_internal[10] ; vga_controller:vga_controller_inst|clk_25 ; vga_controller:vga_controller_inst|clk_25 ; 0.000        ; 0.060      ; 0.792      ;
; 0.556 ; vga_controller:vga_controller_inst|v_pos_internal[20] ; vga_controller:vga_controller_inst|v_pos_internal[20] ; vga_controller:vga_controller_inst|clk_25 ; vga_controller:vga_controller_inst|clk_25 ; 0.000        ; 0.060      ; 0.793      ;
; 0.556 ; vga_controller:vga_controller_inst|v_pos_internal[24] ; vga_controller:vga_controller_inst|v_pos_internal[24] ; vga_controller:vga_controller_inst|clk_25 ; vga_controller:vga_controller_inst|clk_25 ; 0.000        ; 0.060      ; 0.793      ;
; 0.556 ; vga_controller:vga_controller_inst|v_pos_internal[26] ; vga_controller:vga_controller_inst|v_pos_internal[26] ; vga_controller:vga_controller_inst|clk_25 ; vga_controller:vga_controller_inst|clk_25 ; 0.000        ; 0.060      ; 0.793      ;
; 0.556 ; vga_controller:vga_controller_inst|v_pos_internal[28] ; vga_controller:vga_controller_inst|v_pos_internal[28] ; vga_controller:vga_controller_inst|clk_25 ; vga_controller:vga_controller_inst|clk_25 ; 0.000        ; 0.060      ; 0.793      ;
; 0.568 ; vga_controller:vga_controller_inst|h_pos_internal[3]  ; vga_controller:vga_controller_inst|h_pos_internal[3]  ; vga_controller:vga_controller_inst|clk_25 ; vga_controller:vga_controller_inst|clk_25 ; 0.000        ; 0.061      ; 0.806      ;
; 0.569 ; vga_controller:vga_controller_inst|h_pos_internal[1]  ; vga_controller:vga_controller_inst|h_pos_internal[1]  ; vga_controller:vga_controller_inst|clk_25 ; vga_controller:vga_controller_inst|clk_25 ; 0.000        ; 0.061      ; 0.807      ;
; 0.570 ; vga_controller:vga_controller_inst|h_pos_internal[6]  ; vga_controller:vga_controller_inst|h_pos_internal[6]  ; vga_controller:vga_controller_inst|clk_25 ; vga_controller:vga_controller_inst|clk_25 ; 0.000        ; 0.061      ; 0.808      ;
; 0.570 ; vga_controller:vga_controller_inst|v_pos_internal[5]  ; vga_controller:vga_controller_inst|v_pos_internal[5]  ; vga_controller:vga_controller_inst|clk_25 ; vga_controller:vga_controller_inst|clk_25 ; 0.000        ; 0.060      ; 0.807      ;
; 0.571 ; vga_controller:vga_controller_inst|h_pos_internal[7]  ; vga_controller:vga_controller_inst|h_pos_internal[7]  ; vga_controller:vga_controller_inst|clk_25 ; vga_controller:vga_controller_inst|clk_25 ; 0.000        ; 0.061      ; 0.809      ;
; 0.572 ; vga_controller:vga_controller_inst|h_pos_internal[2]  ; vga_controller:vga_controller_inst|h_pos_internal[2]  ; vga_controller:vga_controller_inst|clk_25 ; vga_controller:vga_controller_inst|clk_25 ; 0.000        ; 0.061      ; 0.810      ;
; 0.572 ; vga_controller:vga_controller_inst|v_pos_internal[7]  ; vga_controller:vga_controller_inst|v_pos_internal[7]  ; vga_controller:vga_controller_inst|clk_25 ; vga_controller:vga_controller_inst|clk_25 ; 0.000        ; 0.060      ; 0.809      ;
; 0.573 ; vga_controller:vga_controller_inst|h_pos_internal[4]  ; vga_controller:vga_controller_inst|h_pos_internal[4]  ; vga_controller:vga_controller_inst|clk_25 ; vga_controller:vga_controller_inst|clk_25 ; 0.000        ; 0.061      ; 0.811      ;
; 0.573 ; vga_controller:vga_controller_inst|h_pos_internal[10] ; vga_controller:vga_controller_inst|h_pos_internal[10] ; vga_controller:vga_controller_inst|clk_25 ; vga_controller:vga_controller_inst|clk_25 ; 0.000        ; 0.061      ; 0.811      ;
; 0.574 ; vga_controller:vga_controller_inst|v_pos_internal[4]  ; vga_controller:vga_controller_inst|v_pos_internal[4]  ; vga_controller:vga_controller_inst|clk_25 ; vga_controller:vga_controller_inst|clk_25 ; 0.000        ; 0.060      ; 0.811      ;
; 0.592 ; vga_controller:vga_controller_inst|v_pos_internal[0]  ; vga_controller:vga_controller_inst|v_pos_internal[0]  ; vga_controller:vga_controller_inst|clk_25 ; vga_controller:vga_controller_inst|clk_25 ; 0.000        ; 0.060      ; 0.829      ;
; 0.701 ; vga_controller:vga_controller_inst|h_pos_internal[8]  ; vga_controller:vga_controller_inst|Hsync              ; vga_controller:vga_controller_inst|clk_25 ; vga_controller:vga_controller_inst|clk_25 ; 0.000        ; 0.059      ; 0.937      ;
; 0.823 ; vga_controller:vga_controller_inst|h_pos_internal[15] ; vga_controller:vga_controller_inst|h_pos_internal[16] ; vga_controller:vga_controller_inst|clk_25 ; vga_controller:vga_controller_inst|clk_25 ; 0.000        ; 0.062      ; 1.062      ;
; 0.824 ; vga_controller:vga_controller_inst|h_pos_internal[13] ; vga_controller:vga_controller_inst|h_pos_internal[14] ; vga_controller:vga_controller_inst|clk_25 ; vga_controller:vga_controller_inst|clk_25 ; 0.000        ; 0.061      ; 1.062      ;
; 0.824 ; vga_controller:vga_controller_inst|v_pos_internal[15] ; vga_controller:vga_controller_inst|v_pos_internal[16] ; vga_controller:vga_controller_inst|clk_25 ; vga_controller:vga_controller_inst|clk_25 ; 0.000        ; 0.061      ; 1.062      ;
; 0.825 ; vga_controller:vga_controller_inst|h_pos_internal[17] ; vga_controller:vga_controller_inst|h_pos_internal[18] ; vga_controller:vga_controller_inst|clk_25 ; vga_controller:vga_controller_inst|clk_25 ; 0.000        ; 0.061      ; 1.063      ;
; 0.825 ; vga_controller:vga_controller_inst|h_pos_internal[11] ; vga_controller:vga_controller_inst|h_pos_internal[12] ; vga_controller:vga_controller_inst|clk_25 ; vga_controller:vga_controller_inst|clk_25 ; 0.000        ; 0.061      ; 1.063      ;
; 0.825 ; vga_controller:vga_controller_inst|h_pos_internal[29] ; vga_controller:vga_controller_inst|h_pos_internal[30] ; vga_controller:vga_controller_inst|clk_25 ; vga_controller:vga_controller_inst|clk_25 ; 0.000        ; 0.061      ; 1.063      ;
; 0.825 ; vga_controller:vga_controller_inst|v_pos_internal[13] ; vga_controller:vga_controller_inst|v_pos_internal[14] ; vga_controller:vga_controller_inst|clk_25 ; vga_controller:vga_controller_inst|clk_25 ; 0.000        ; 0.060      ; 1.062      ;
; 0.825 ; vga_controller:vga_controller_inst|h_pos_internal[19] ; vga_controller:vga_controller_inst|h_pos_internal[20] ; vga_controller:vga_controller_inst|clk_25 ; vga_controller:vga_controller_inst|clk_25 ; 0.000        ; 0.061      ; 1.063      ;
; 0.826 ; vga_controller:vga_controller_inst|h_pos_internal[21] ; vga_controller:vga_controller_inst|h_pos_internal[22] ; vga_controller:vga_controller_inst|clk_25 ; vga_controller:vga_controller_inst|clk_25 ; 0.000        ; 0.061      ; 1.064      ;
; 0.826 ; vga_controller:vga_controller_inst|v_pos_internal[17] ; vga_controller:vga_controller_inst|v_pos_internal[18] ; vga_controller:vga_controller_inst|clk_25 ; vga_controller:vga_controller_inst|clk_25 ; 0.000        ; 0.060      ; 1.063      ;
; 0.826 ; vga_controller:vga_controller_inst|h_pos_internal[27] ; vga_controller:vga_controller_inst|h_pos_internal[28] ; vga_controller:vga_controller_inst|clk_25 ; vga_controller:vga_controller_inst|clk_25 ; 0.000        ; 0.061      ; 1.064      ;
; 0.826 ; vga_controller:vga_controller_inst|v_pos_internal[11] ; vga_controller:vga_controller_inst|v_pos_internal[12] ; vga_controller:vga_controller_inst|clk_25 ; vga_controller:vga_controller_inst|clk_25 ; 0.000        ; 0.060      ; 1.063      ;
; 0.826 ; vga_controller:vga_controller_inst|v_pos_internal[29] ; vga_controller:vga_controller_inst|v_pos_internal[30] ; vga_controller:vga_controller_inst|clk_25 ; vga_controller:vga_controller_inst|clk_25 ; 0.000        ; 0.060      ; 1.063      ;
; 0.826 ; vga_controller:vga_controller_inst|v_pos_internal[19] ; vga_controller:vga_controller_inst|v_pos_internal[20] ; vga_controller:vga_controller_inst|clk_25 ; vga_controller:vga_controller_inst|clk_25 ; 0.000        ; 0.060      ; 1.063      ;
; 0.827 ; vga_controller:vga_controller_inst|v_pos_internal[21] ; vga_controller:vga_controller_inst|v_pos_internal[22] ; vga_controller:vga_controller_inst|clk_25 ; vga_controller:vga_controller_inst|clk_25 ; 0.000        ; 0.060      ; 1.064      ;
; 0.827 ; vga_controller:vga_controller_inst|h_pos_internal[23] ; vga_controller:vga_controller_inst|h_pos_internal[24] ; vga_controller:vga_controller_inst|clk_25 ; vga_controller:vga_controller_inst|clk_25 ; 0.000        ; 0.061      ; 1.065      ;
; 0.827 ; vga_controller:vga_controller_inst|h_pos_internal[25] ; vga_controller:vga_controller_inst|h_pos_internal[26] ; vga_controller:vga_controller_inst|clk_25 ; vga_controller:vga_controller_inst|clk_25 ; 0.000        ; 0.061      ; 1.065      ;
; 0.827 ; vga_controller:vga_controller_inst|v_pos_internal[27] ; vga_controller:vga_controller_inst|v_pos_internal[28] ; vga_controller:vga_controller_inst|clk_25 ; vga_controller:vga_controller_inst|clk_25 ; 0.000        ; 0.060      ; 1.064      ;
; 0.828 ; vga_controller:vga_controller_inst|v_pos_internal[23] ; vga_controller:vga_controller_inst|v_pos_internal[24] ; vga_controller:vga_controller_inst|clk_25 ; vga_controller:vga_controller_inst|clk_25 ; 0.000        ; 0.060      ; 1.065      ;
; 0.828 ; vga_controller:vga_controller_inst|v_pos_internal[25] ; vga_controller:vga_controller_inst|v_pos_internal[26] ; vga_controller:vga_controller_inst|clk_25 ; vga_controller:vga_controller_inst|clk_25 ; 0.000        ; 0.060      ; 1.065      ;
; 0.839 ; vga_controller:vga_controller_inst|h_pos_internal[16] ; vga_controller:vga_controller_inst|h_pos_internal[17] ; vga_controller:vga_controller_inst|clk_25 ; vga_controller:vga_controller_inst|clk_25 ; 0.000        ; 0.061      ; 1.077      ;
; 0.840 ; vga_controller:vga_controller_inst|h_pos_internal[14] ; vga_controller:vga_controller_inst|h_pos_internal[15] ; vga_controller:vga_controller_inst|clk_25 ; vga_controller:vga_controller_inst|clk_25 ; 0.000        ; 0.061      ; 1.078      ;
; 0.840 ; vga_controller:vga_controller_inst|h_pos_internal[18] ; vga_controller:vga_controller_inst|h_pos_internal[19] ; vga_controller:vga_controller_inst|clk_25 ; vga_controller:vga_controller_inst|clk_25 ; 0.000        ; 0.061      ; 1.078      ;
; 0.840 ; vga_controller:vga_controller_inst|v_pos_internal[16] ; vga_controller:vga_controller_inst|v_pos_internal[17] ; vga_controller:vga_controller_inst|clk_25 ; vga_controller:vga_controller_inst|clk_25 ; 0.000        ; 0.060      ; 1.077      ;
; 0.840 ; vga_controller:vga_controller_inst|h_pos_internal[22] ; vga_controller:vga_controller_inst|h_pos_internal[23] ; vga_controller:vga_controller_inst|clk_25 ; vga_controller:vga_controller_inst|clk_25 ; 0.000        ; 0.061      ; 1.078      ;
; 0.840 ; vga_controller:vga_controller_inst|v_pos_internal[6]  ; vga_controller:vga_controller_inst|v_pos_internal[7]  ; vga_controller:vga_controller_inst|clk_25 ; vga_controller:vga_controller_inst|clk_25 ; 0.000        ; 0.060      ; 1.077      ;
; 0.841 ; vga_controller:vga_controller_inst|h_pos_internal[12] ; vga_controller:vga_controller_inst|h_pos_internal[13] ; vga_controller:vga_controller_inst|clk_25 ; vga_controller:vga_controller_inst|clk_25 ; 0.000        ; 0.061      ; 1.079      ;
; 0.841 ; vga_controller:vga_controller_inst|v_pos_internal[14] ; vga_controller:vga_controller_inst|v_pos_internal[15] ; vga_controller:vga_controller_inst|clk_25 ; vga_controller:vga_controller_inst|clk_25 ; 0.000        ; 0.060      ; 1.078      ;
; 0.841 ; vga_controller:vga_controller_inst|h_pos_internal[30] ; vga_controller:vga_controller_inst|h_pos_internal[31] ; vga_controller:vga_controller_inst|clk_25 ; vga_controller:vga_controller_inst|clk_25 ; 0.000        ; 0.061      ; 1.079      ;
; 0.841 ; vga_controller:vga_controller_inst|v_pos_internal[18] ; vga_controller:vga_controller_inst|v_pos_internal[19] ; vga_controller:vga_controller_inst|clk_25 ; vga_controller:vga_controller_inst|clk_25 ; 0.000        ; 0.060      ; 1.078      ;
; 0.841 ; vga_controller:vga_controller_inst|v_pos_internal[22] ; vga_controller:vga_controller_inst|v_pos_internal[23] ; vga_controller:vga_controller_inst|clk_25 ; vga_controller:vga_controller_inst|clk_25 ; 0.000        ; 0.060      ; 1.078      ;
; 0.841 ; vga_controller:vga_controller_inst|h_pos_internal[14] ; vga_controller:vga_controller_inst|h_pos_internal[16] ; vga_controller:vga_controller_inst|clk_25 ; vga_controller:vga_controller_inst|clk_25 ; 0.000        ; 0.062      ; 1.080      ;
; 0.841 ; vga_controller:vga_controller_inst|h_pos_internal[16] ; vga_controller:vga_controller_inst|h_pos_internal[18] ; vga_controller:vga_controller_inst|clk_25 ; vga_controller:vga_controller_inst|clk_25 ; 0.000        ; 0.061      ; 1.079      ;
; 0.842 ; vga_controller:vga_controller_inst|v_pos_internal[6]  ; vga_controller:vga_controller_inst|v_pos_internal[8]  ; vga_controller:vga_controller_inst|clk_25 ; vga_controller:vga_controller_inst|clk_25 ; 0.000        ; 0.060      ; 1.079      ;
; 0.842 ; vga_controller:vga_controller_inst|h_pos_internal[28] ; vga_controller:vga_controller_inst|h_pos_internal[29] ; vga_controller:vga_controller_inst|clk_25 ; vga_controller:vga_controller_inst|clk_25 ; 0.000        ; 0.061      ; 1.080      ;
; 0.842 ; vga_controller:vga_controller_inst|v_pos_internal[12] ; vga_controller:vga_controller_inst|v_pos_internal[13] ; vga_controller:vga_controller_inst|clk_25 ; vga_controller:vga_controller_inst|clk_25 ; 0.000        ; 0.060      ; 1.079      ;
; 0.842 ; vga_controller:vga_controller_inst|h_pos_internal[20] ; vga_controller:vga_controller_inst|h_pos_internal[21] ; vga_controller:vga_controller_inst|clk_25 ; vga_controller:vga_controller_inst|clk_25 ; 0.000        ; 0.061      ; 1.080      ;
; 0.842 ; vga_controller:vga_controller_inst|h_pos_internal[26] ; vga_controller:vga_controller_inst|h_pos_internal[27] ; vga_controller:vga_controller_inst|clk_25 ; vga_controller:vga_controller_inst|clk_25 ; 0.000        ; 0.061      ; 1.080      ;
; 0.842 ; vga_controller:vga_controller_inst|v_pos_internal[10] ; vga_controller:vga_controller_inst|v_pos_internal[11] ; vga_controller:vga_controller_inst|clk_25 ; vga_controller:vga_controller_inst|clk_25 ; 0.000        ; 0.060      ; 1.079      ;
; 0.842 ; vga_controller:vga_controller_inst|v_pos_internal[30] ; vga_controller:vga_controller_inst|v_pos_internal[31] ; vga_controller:vga_controller_inst|clk_25 ; vga_controller:vga_controller_inst|clk_25 ; 0.000        ; 0.060      ; 1.079      ;
; 0.842 ; vga_controller:vga_controller_inst|h_pos_internal[24] ; vga_controller:vga_controller_inst|h_pos_internal[25] ; vga_controller:vga_controller_inst|clk_25 ; vga_controller:vga_controller_inst|clk_25 ; 0.000        ; 0.061      ; 1.080      ;
; 0.842 ; vga_controller:vga_controller_inst|v_pos_internal[14] ; vga_controller:vga_controller_inst|v_pos_internal[16] ; vga_controller:vga_controller_inst|clk_25 ; vga_controller:vga_controller_inst|clk_25 ; 0.000        ; 0.061      ; 1.080      ;
; 0.842 ; vga_controller:vga_controller_inst|h_pos_internal[18] ; vga_controller:vga_controller_inst|h_pos_internal[20] ; vga_controller:vga_controller_inst|clk_25 ; vga_controller:vga_controller_inst|clk_25 ; 0.000        ; 0.061      ; 1.080      ;
+-------+-------------------------------------------------------+-------------------------------------------------------+-------------------------------------------+-------------------------------------------+--------------+------------+------------+


+-----------------------------------------------------------------------------------------------------------------------------+
; Slow 1200mV 85C Model Minimum Pulse Width: 'clk_in'                                                                         ;
+--------+--------------+----------------+------------+--------+------------+-------------------------------------------------+
; Slack  ; Actual Width ; Required Width ; Type       ; Clock  ; Clock Edge ; Target                                          ;
+--------+--------------+----------------+------------+--------+------------+-------------------------------------------------+
; -3.000 ; 1.000        ; 4.000          ; Port Rate  ; clk_in ; Rise       ; clk_in                                          ;
; -1.000 ; 1.000        ; 2.000          ; Min Period ; clk_in ; Rise       ; ball_ctrl:ball_ctrl_inst|ball_x_internal[1]     ;
; -1.000 ; 1.000        ; 2.000          ; Min Period ; clk_in ; Rise       ; ball_ctrl:ball_ctrl_inst|ball_x_internal[2]     ;
; -1.000 ; 1.000        ; 2.000          ; Min Period ; clk_in ; Rise       ; ball_ctrl:ball_ctrl_inst|ball_x_internal[3]     ;
; -1.000 ; 1.000        ; 2.000          ; Min Period ; clk_in ; Rise       ; ball_ctrl:ball_ctrl_inst|ball_x_internal[4]     ;
; -1.000 ; 1.000        ; 2.000          ; Min Period ; clk_in ; Rise       ; ball_ctrl:ball_ctrl_inst|ball_x_internal[5]     ;
; -1.000 ; 1.000        ; 2.000          ; Min Period ; clk_in ; Rise       ; ball_ctrl:ball_ctrl_inst|ball_x_p[1]            ;
; -1.000 ; 1.000        ; 2.000          ; Min Period ; clk_in ; Rise       ; ball_ctrl:ball_ctrl_inst|ball_x_p[2]            ;
; -1.000 ; 1.000        ; 2.000          ; Min Period ; clk_in ; Rise       ; ball_ctrl:ball_ctrl_inst|ball_x_p[3]            ;
; -1.000 ; 1.000        ; 2.000          ; Min Period ; clk_in ; Rise       ; ball_ctrl:ball_ctrl_inst|ball_x_p[4]            ;
; -1.000 ; 1.000        ; 2.000          ; Min Period ; clk_in ; Rise       ; ball_ctrl:ball_ctrl_inst|ball_x_p[5]            ;
; -1.000 ; 1.000        ; 2.000          ; Min Period ; clk_in ; Rise       ; ball_ctrl:ball_ctrl_inst|ball_y_internal[0]     ;
; -1.000 ; 1.000        ; 2.000          ; Min Period ; clk_in ; Rise       ; ball_ctrl:ball_ctrl_inst|ball_y_internal[1]     ;
; -1.000 ; 1.000        ; 2.000          ; Min Period ; clk_in ; Rise       ; ball_ctrl:ball_ctrl_inst|ball_y_internal[2]     ;
; -1.000 ; 1.000        ; 2.000          ; Min Period ; clk_in ; Rise       ; ball_ctrl:ball_ctrl_inst|ball_y_internal[3]     ;
; -1.000 ; 1.000        ; 2.000          ; Min Period ; clk_in ; Rise       ; ball_ctrl:ball_ctrl_inst|ball_y_internal[4]     ;
; -1.000 ; 1.000        ; 2.000          ; Min Period ; clk_in ; Rise       ; ball_ctrl:ball_ctrl_inst|ball_y_internal[5]     ;
; -1.000 ; 1.000        ; 2.000          ; Min Period ; clk_in ; Rise       ; ball_ctrl:ball_ctrl_inst|ball_y_p[0]            ;
; -1.000 ; 1.000        ; 2.000          ; Min Period ; clk_in ; Rise       ; ball_ctrl:ball_ctrl_inst|ball_y_p[1]            ;
; -1.000 ; 1.000        ; 2.000          ; Min Period ; clk_in ; Rise       ; ball_ctrl:ball_ctrl_inst|ball_y_p[2]            ;
; -1.000 ; 1.000        ; 2.000          ; Min Period ; clk_in ; Rise       ; ball_ctrl:ball_ctrl_inst|ball_y_p[3]            ;
; -1.000 ; 1.000        ; 2.000          ; Min Period ; clk_in ; Rise       ; ball_ctrl:ball_ctrl_inst|ball_y_p[4]            ;
; -1.000 ; 1.000        ; 2.000          ; Min Period ; clk_in ; Rise       ; ball_ctrl:ball_ctrl_inst|ball_y_p[5]            ;
; -1.000 ; 1.000        ; 2.000          ; Min Period ; clk_in ; Rise       ; ball_ctrl:ball_ctrl_inst|count_clk[0]           ;
; -1.000 ; 1.000        ; 2.000          ; Min Period ; clk_in ; Rise       ; ball_ctrl:ball_ctrl_inst|count_clk[10]          ;
; -1.000 ; 1.000        ; 2.000          ; Min Period ; clk_in ; Rise       ; ball_ctrl:ball_ctrl_inst|count_clk[11]          ;
; -1.000 ; 1.000        ; 2.000          ; Min Period ; clk_in ; Rise       ; ball_ctrl:ball_ctrl_inst|count_clk[12]          ;
; -1.000 ; 1.000        ; 2.000          ; Min Period ; clk_in ; Rise       ; ball_ctrl:ball_ctrl_inst|count_clk[13]          ;
; -1.000 ; 1.000        ; 2.000          ; Min Period ; clk_in ; Rise       ; ball_ctrl:ball_ctrl_inst|count_clk[14]          ;
; -1.000 ; 1.000        ; 2.000          ; Min Period ; clk_in ; Rise       ; ball_ctrl:ball_ctrl_inst|count_clk[15]          ;
; -1.000 ; 1.000        ; 2.000          ; Min Period ; clk_in ; Rise       ; ball_ctrl:ball_ctrl_inst|count_clk[16]          ;
; -1.000 ; 1.000        ; 2.000          ; Min Period ; clk_in ; Rise       ; ball_ctrl:ball_ctrl_inst|count_clk[17]          ;
; -1.000 ; 1.000        ; 2.000          ; Min Period ; clk_in ; Rise       ; ball_ctrl:ball_ctrl_inst|count_clk[18]          ;
; -1.000 ; 1.000        ; 2.000          ; Min Period ; clk_in ; Rise       ; ball_ctrl:ball_ctrl_inst|count_clk[19]          ;
; -1.000 ; 1.000        ; 2.000          ; Min Period ; clk_in ; Rise       ; ball_ctrl:ball_ctrl_inst|count_clk[1]           ;
; -1.000 ; 1.000        ; 2.000          ; Min Period ; clk_in ; Rise       ; ball_ctrl:ball_ctrl_inst|count_clk[20]          ;
; -1.000 ; 1.000        ; 2.000          ; Min Period ; clk_in ; Rise       ; ball_ctrl:ball_ctrl_inst|count_clk[21]          ;
; -1.000 ; 1.000        ; 2.000          ; Min Period ; clk_in ; Rise       ; ball_ctrl:ball_ctrl_inst|count_clk[22]          ;
; -1.000 ; 1.000        ; 2.000          ; Min Period ; clk_in ; Rise       ; ball_ctrl:ball_ctrl_inst|count_clk[23]          ;
; -1.000 ; 1.000        ; 2.000          ; Min Period ; clk_in ; Rise       ; ball_ctrl:ball_ctrl_inst|count_clk[24]          ;
; -1.000 ; 1.000        ; 2.000          ; Min Period ; clk_in ; Rise       ; ball_ctrl:ball_ctrl_inst|count_clk[25]          ;
; -1.000 ; 1.000        ; 2.000          ; Min Period ; clk_in ; Rise       ; ball_ctrl:ball_ctrl_inst|count_clk[26]          ;
; -1.000 ; 1.000        ; 2.000          ; Min Period ; clk_in ; Rise       ; ball_ctrl:ball_ctrl_inst|count_clk[27]          ;
; -1.000 ; 1.000        ; 2.000          ; Min Period ; clk_in ; Rise       ; ball_ctrl:ball_ctrl_inst|count_clk[28]          ;
; -1.000 ; 1.000        ; 2.000          ; Min Period ; clk_in ; Rise       ; ball_ctrl:ball_ctrl_inst|count_clk[29]          ;
; -1.000 ; 1.000        ; 2.000          ; Min Period ; clk_in ; Rise       ; ball_ctrl:ball_ctrl_inst|count_clk[2]           ;
; -1.000 ; 1.000        ; 2.000          ; Min Period ; clk_in ; Rise       ; ball_ctrl:ball_ctrl_inst|count_clk[30]          ;
; -1.000 ; 1.000        ; 2.000          ; Min Period ; clk_in ; Rise       ; ball_ctrl:ball_ctrl_inst|count_clk[31]          ;
; -1.000 ; 1.000        ; 2.000          ; Min Period ; clk_in ; Rise       ; ball_ctrl:ball_ctrl_inst|count_clk[3]           ;
; -1.000 ; 1.000        ; 2.000          ; Min Period ; clk_in ; Rise       ; ball_ctrl:ball_ctrl_inst|count_clk[4]           ;
; -1.000 ; 1.000        ; 2.000          ; Min Period ; clk_in ; Rise       ; ball_ctrl:ball_ctrl_inst|count_clk[5]           ;
; -1.000 ; 1.000        ; 2.000          ; Min Period ; clk_in ; Rise       ; ball_ctrl:ball_ctrl_inst|count_clk[6]           ;
; -1.000 ; 1.000        ; 2.000          ; Min Period ; clk_in ; Rise       ; ball_ctrl:ball_ctrl_inst|count_clk[7]           ;
; -1.000 ; 1.000        ; 2.000          ; Min Period ; clk_in ; Rise       ; ball_ctrl:ball_ctrl_inst|count_clk[8]           ;
; -1.000 ; 1.000        ; 2.000          ; Min Period ; clk_in ; Rise       ; ball_ctrl:ball_ctrl_inst|count_clk[9]           ;
; -1.000 ; 1.000        ; 2.000          ; Min Period ; clk_in ; Rise       ; ball_ctrl:ball_ctrl_inst|disp_ball              ;
; -1.000 ; 1.000        ; 2.000          ; Min Period ; clk_in ; Rise       ; debounce_pb:debounce_paddledwn2|button_state    ;
; -1.000 ; 1.000        ; 2.000          ; Min Period ; clk_in ; Rise       ; debounce_pb:debounce_paddledwn2|clk_counter[0]  ;
; -1.000 ; 1.000        ; 2.000          ; Min Period ; clk_in ; Rise       ; debounce_pb:debounce_paddledwn2|clk_counter[10] ;
; -1.000 ; 1.000        ; 2.000          ; Min Period ; clk_in ; Rise       ; debounce_pb:debounce_paddledwn2|clk_counter[11] ;
; -1.000 ; 1.000        ; 2.000          ; Min Period ; clk_in ; Rise       ; debounce_pb:debounce_paddledwn2|clk_counter[12] ;
; -1.000 ; 1.000        ; 2.000          ; Min Period ; clk_in ; Rise       ; debounce_pb:debounce_paddledwn2|clk_counter[13] ;
; -1.000 ; 1.000        ; 2.000          ; Min Period ; clk_in ; Rise       ; debounce_pb:debounce_paddledwn2|clk_counter[14] ;
; -1.000 ; 1.000        ; 2.000          ; Min Period ; clk_in ; Rise       ; debounce_pb:debounce_paddledwn2|clk_counter[15] ;
; -1.000 ; 1.000        ; 2.000          ; Min Period ; clk_in ; Rise       ; debounce_pb:debounce_paddledwn2|clk_counter[16] ;
; -1.000 ; 1.000        ; 2.000          ; Min Period ; clk_in ; Rise       ; debounce_pb:debounce_paddledwn2|clk_counter[17] ;
; -1.000 ; 1.000        ; 2.000          ; Min Period ; clk_in ; Rise       ; debounce_pb:debounce_paddledwn2|clk_counter[18] ;
; -1.000 ; 1.000        ; 2.000          ; Min Period ; clk_in ; Rise       ; debounce_pb:debounce_paddledwn2|clk_counter[1]  ;
; -1.000 ; 1.000        ; 2.000          ; Min Period ; clk_in ; Rise       ; debounce_pb:debounce_paddledwn2|clk_counter[2]  ;
; -1.000 ; 1.000        ; 2.000          ; Min Period ; clk_in ; Rise       ; debounce_pb:debounce_paddledwn2|clk_counter[3]  ;
; -1.000 ; 1.000        ; 2.000          ; Min Period ; clk_in ; Rise       ; debounce_pb:debounce_paddledwn2|clk_counter[4]  ;
; -1.000 ; 1.000        ; 2.000          ; Min Period ; clk_in ; Rise       ; debounce_pb:debounce_paddledwn2|clk_counter[5]  ;
; -1.000 ; 1.000        ; 2.000          ; Min Period ; clk_in ; Rise       ; debounce_pb:debounce_paddledwn2|clk_counter[6]  ;
; -1.000 ; 1.000        ; 2.000          ; Min Period ; clk_in ; Rise       ; debounce_pb:debounce_paddledwn2|clk_counter[7]  ;
; -1.000 ; 1.000        ; 2.000          ; Min Period ; clk_in ; Rise       ; debounce_pb:debounce_paddledwn2|clk_counter[8]  ;
; -1.000 ; 1.000        ; 2.000          ; Min Period ; clk_in ; Rise       ; debounce_pb:debounce_paddledwn2|clk_counter[9]  ;
; -1.000 ; 1.000        ; 2.000          ; Min Period ; clk_in ; Rise       ; debounce_pb:debounce_paddleup2|button_state     ;
; -1.000 ; 1.000        ; 2.000          ; Min Period ; clk_in ; Rise       ; debounce_pb:debounce_paddleup2|clk_counter[0]   ;
; -1.000 ; 1.000        ; 2.000          ; Min Period ; clk_in ; Rise       ; debounce_pb:debounce_paddleup2|clk_counter[10]  ;
; -1.000 ; 1.000        ; 2.000          ; Min Period ; clk_in ; Rise       ; debounce_pb:debounce_paddleup2|clk_counter[11]  ;
; -1.000 ; 1.000        ; 2.000          ; Min Period ; clk_in ; Rise       ; debounce_pb:debounce_paddleup2|clk_counter[12]  ;
; -1.000 ; 1.000        ; 2.000          ; Min Period ; clk_in ; Rise       ; debounce_pb:debounce_paddleup2|clk_counter[13]  ;
; -1.000 ; 1.000        ; 2.000          ; Min Period ; clk_in ; Rise       ; debounce_pb:debounce_paddleup2|clk_counter[14]  ;
; -1.000 ; 1.000        ; 2.000          ; Min Period ; clk_in ; Rise       ; debounce_pb:debounce_paddleup2|clk_counter[15]  ;
; -1.000 ; 1.000        ; 2.000          ; Min Period ; clk_in ; Rise       ; debounce_pb:debounce_paddleup2|clk_counter[16]  ;
; -1.000 ; 1.000        ; 2.000          ; Min Period ; clk_in ; Rise       ; debounce_pb:debounce_paddleup2|clk_counter[17]  ;
; -1.000 ; 1.000        ; 2.000          ; Min Period ; clk_in ; Rise       ; debounce_pb:debounce_paddleup2|clk_counter[18]  ;
; -1.000 ; 1.000        ; 2.000          ; Min Period ; clk_in ; Rise       ; debounce_pb:debounce_paddleup2|clk_counter[1]   ;
; -1.000 ; 1.000        ; 2.000          ; Min Period ; clk_in ; Rise       ; debounce_pb:debounce_paddleup2|clk_counter[2]   ;
; -1.000 ; 1.000        ; 2.000          ; Min Period ; clk_in ; Rise       ; debounce_pb:debounce_paddleup2|clk_counter[3]   ;
; -1.000 ; 1.000        ; 2.000          ; Min Period ; clk_in ; Rise       ; debounce_pb:debounce_paddleup2|clk_counter[4]   ;
; -1.000 ; 1.000        ; 2.000          ; Min Period ; clk_in ; Rise       ; debounce_pb:debounce_paddleup2|clk_counter[5]   ;
; -1.000 ; 1.000        ; 2.000          ; Min Period ; clk_in ; Rise       ; debounce_pb:debounce_paddleup2|clk_counter[6]   ;
; -1.000 ; 1.000        ; 2.000          ; Min Period ; clk_in ; Rise       ; debounce_pb:debounce_paddleup2|clk_counter[7]   ;
; -1.000 ; 1.000        ; 2.000          ; Min Period ; clk_in ; Rise       ; debounce_pb:debounce_paddleup2|clk_counter[8]   ;
; -1.000 ; 1.000        ; 2.000          ; Min Period ; clk_in ; Rise       ; debounce_pb:debounce_paddleup2|clk_counter[9]   ;
; -1.000 ; 1.000        ; 2.000          ; Min Period ; clk_in ; Rise       ; debounce_pb:debounce_startGame|button_state     ;
; -1.000 ; 1.000        ; 2.000          ; Min Period ; clk_in ; Rise       ; debounce_pb:debounce_startGame|clk_counter[0]   ;
; -1.000 ; 1.000        ; 2.000          ; Min Period ; clk_in ; Rise       ; debounce_pb:debounce_startGame|clk_counter[10]  ;
; -1.000 ; 1.000        ; 2.000          ; Min Period ; clk_in ; Rise       ; debounce_pb:debounce_startGame|clk_counter[11]  ;
+--------+--------------+----------------+------------+--------+------------+-------------------------------------------------+


+---------------------------------------------------------------------------------------------------------------------------------------------------------------------------+
; Slow 1200mV 85C Model Minimum Pulse Width: 'vga_controller:vga_controller_inst|clk_25'                                                                                    ;
+--------+--------------+----------------+-----------------+-------------------------------------------+------------+-------------------------------------------------------+
; Slack  ; Actual Width ; Required Width ; Type            ; Clock                                     ; Clock Edge ; Target                                                ;
+--------+--------------+----------------+-----------------+-------------------------------------------+------------+-------------------------------------------------------+
; -1.000 ; 1.000        ; 2.000          ; Min Period      ; vga_controller:vga_controller_inst|clk_25 ; Rise       ; vga_controller:vga_controller_inst|Hsync              ;
; -1.000 ; 1.000        ; 2.000          ; Min Period      ; vga_controller:vga_controller_inst|clk_25 ; Rise       ; vga_controller:vga_controller_inst|Vsync              ;
; -1.000 ; 1.000        ; 2.000          ; Min Period      ; vga_controller:vga_controller_inst|clk_25 ; Rise       ; vga_controller:vga_controller_inst|h_pos_internal[0]  ;
; -1.000 ; 1.000        ; 2.000          ; Min Period      ; vga_controller:vga_controller_inst|clk_25 ; Rise       ; vga_controller:vga_controller_inst|h_pos_internal[10] ;
; -1.000 ; 1.000        ; 2.000          ; Min Period      ; vga_controller:vga_controller_inst|clk_25 ; Rise       ; vga_controller:vga_controller_inst|h_pos_internal[11] ;
; -1.000 ; 1.000        ; 2.000          ; Min Period      ; vga_controller:vga_controller_inst|clk_25 ; Rise       ; vga_controller:vga_controller_inst|h_pos_internal[12] ;
; -1.000 ; 1.000        ; 2.000          ; Min Period      ; vga_controller:vga_controller_inst|clk_25 ; Rise       ; vga_controller:vga_controller_inst|h_pos_internal[13] ;
; -1.000 ; 1.000        ; 2.000          ; Min Period      ; vga_controller:vga_controller_inst|clk_25 ; Rise       ; vga_controller:vga_controller_inst|h_pos_internal[14] ;
; -1.000 ; 1.000        ; 2.000          ; Min Period      ; vga_controller:vga_controller_inst|clk_25 ; Rise       ; vga_controller:vga_controller_inst|h_pos_internal[15] ;
; -1.000 ; 1.000        ; 2.000          ; Min Period      ; vga_controller:vga_controller_inst|clk_25 ; Rise       ; vga_controller:vga_controller_inst|h_pos_internal[16] ;
; -1.000 ; 1.000        ; 2.000          ; Min Period      ; vga_controller:vga_controller_inst|clk_25 ; Rise       ; vga_controller:vga_controller_inst|h_pos_internal[17] ;
; -1.000 ; 1.000        ; 2.000          ; Min Period      ; vga_controller:vga_controller_inst|clk_25 ; Rise       ; vga_controller:vga_controller_inst|h_pos_internal[18] ;
; -1.000 ; 1.000        ; 2.000          ; Min Period      ; vga_controller:vga_controller_inst|clk_25 ; Rise       ; vga_controller:vga_controller_inst|h_pos_internal[19] ;
; -1.000 ; 1.000        ; 2.000          ; Min Period      ; vga_controller:vga_controller_inst|clk_25 ; Rise       ; vga_controller:vga_controller_inst|h_pos_internal[1]  ;
; -1.000 ; 1.000        ; 2.000          ; Min Period      ; vga_controller:vga_controller_inst|clk_25 ; Rise       ; vga_controller:vga_controller_inst|h_pos_internal[20] ;
; -1.000 ; 1.000        ; 2.000          ; Min Period      ; vga_controller:vga_controller_inst|clk_25 ; Rise       ; vga_controller:vga_controller_inst|h_pos_internal[21] ;
; -1.000 ; 1.000        ; 2.000          ; Min Period      ; vga_controller:vga_controller_inst|clk_25 ; Rise       ; vga_controller:vga_controller_inst|h_pos_internal[22] ;
; -1.000 ; 1.000        ; 2.000          ; Min Period      ; vga_controller:vga_controller_inst|clk_25 ; Rise       ; vga_controller:vga_controller_inst|h_pos_internal[23] ;
; -1.000 ; 1.000        ; 2.000          ; Min Period      ; vga_controller:vga_controller_inst|clk_25 ; Rise       ; vga_controller:vga_controller_inst|h_pos_internal[24] ;
; -1.000 ; 1.000        ; 2.000          ; Min Period      ; vga_controller:vga_controller_inst|clk_25 ; Rise       ; vga_controller:vga_controller_inst|h_pos_internal[25] ;
; -1.000 ; 1.000        ; 2.000          ; Min Period      ; vga_controller:vga_controller_inst|clk_25 ; Rise       ; vga_controller:vga_controller_inst|h_pos_internal[26] ;
; -1.000 ; 1.000        ; 2.000          ; Min Period      ; vga_controller:vga_controller_inst|clk_25 ; Rise       ; vga_controller:vga_controller_inst|h_pos_internal[27] ;
; -1.000 ; 1.000        ; 2.000          ; Min Period      ; vga_controller:vga_controller_inst|clk_25 ; Rise       ; vga_controller:vga_controller_inst|h_pos_internal[28] ;
; -1.000 ; 1.000        ; 2.000          ; Min Period      ; vga_controller:vga_controller_inst|clk_25 ; Rise       ; vga_controller:vga_controller_inst|h_pos_internal[29] ;
; -1.000 ; 1.000        ; 2.000          ; Min Period      ; vga_controller:vga_controller_inst|clk_25 ; Rise       ; vga_controller:vga_controller_inst|h_pos_internal[2]  ;
; -1.000 ; 1.000        ; 2.000          ; Min Period      ; vga_controller:vga_controller_inst|clk_25 ; Rise       ; vga_controller:vga_controller_inst|h_pos_internal[30] ;
; -1.000 ; 1.000        ; 2.000          ; Min Period      ; vga_controller:vga_controller_inst|clk_25 ; Rise       ; vga_controller:vga_controller_inst|h_pos_internal[31] ;
; -1.000 ; 1.000        ; 2.000          ; Min Period      ; vga_controller:vga_controller_inst|clk_25 ; Rise       ; vga_controller:vga_controller_inst|h_pos_internal[3]  ;
; -1.000 ; 1.000        ; 2.000          ; Min Period      ; vga_controller:vga_controller_inst|clk_25 ; Rise       ; vga_controller:vga_controller_inst|h_pos_internal[4]  ;
; -1.000 ; 1.000        ; 2.000          ; Min Period      ; vga_controller:vga_controller_inst|clk_25 ; Rise       ; vga_controller:vga_controller_inst|h_pos_internal[5]  ;
; -1.000 ; 1.000        ; 2.000          ; Min Period      ; vga_controller:vga_controller_inst|clk_25 ; Rise       ; vga_controller:vga_controller_inst|h_pos_internal[6]  ;
; -1.000 ; 1.000        ; 2.000          ; Min Period      ; vga_controller:vga_controller_inst|clk_25 ; Rise       ; vga_controller:vga_controller_inst|h_pos_internal[7]  ;
; -1.000 ; 1.000        ; 2.000          ; Min Period      ; vga_controller:vga_controller_inst|clk_25 ; Rise       ; vga_controller:vga_controller_inst|h_pos_internal[8]  ;
; -1.000 ; 1.000        ; 2.000          ; Min Period      ; vga_controller:vga_controller_inst|clk_25 ; Rise       ; vga_controller:vga_controller_inst|h_pos_internal[9]  ;
; -1.000 ; 1.000        ; 2.000          ; Min Period      ; vga_controller:vga_controller_inst|clk_25 ; Rise       ; vga_controller:vga_controller_inst|v_pos_internal[0]  ;
; -1.000 ; 1.000        ; 2.000          ; Min Period      ; vga_controller:vga_controller_inst|clk_25 ; Rise       ; vga_controller:vga_controller_inst|v_pos_internal[10] ;
; -1.000 ; 1.000        ; 2.000          ; Min Period      ; vga_controller:vga_controller_inst|clk_25 ; Rise       ; vga_controller:vga_controller_inst|v_pos_internal[11] ;
; -1.000 ; 1.000        ; 2.000          ; Min Period      ; vga_controller:vga_controller_inst|clk_25 ; Rise       ; vga_controller:vga_controller_inst|v_pos_internal[12] ;
; -1.000 ; 1.000        ; 2.000          ; Min Period      ; vga_controller:vga_controller_inst|clk_25 ; Rise       ; vga_controller:vga_controller_inst|v_pos_internal[13] ;
; -1.000 ; 1.000        ; 2.000          ; Min Period      ; vga_controller:vga_controller_inst|clk_25 ; Rise       ; vga_controller:vga_controller_inst|v_pos_internal[14] ;
; -1.000 ; 1.000        ; 2.000          ; Min Period      ; vga_controller:vga_controller_inst|clk_25 ; Rise       ; vga_controller:vga_controller_inst|v_pos_internal[15] ;
; -1.000 ; 1.000        ; 2.000          ; Min Period      ; vga_controller:vga_controller_inst|clk_25 ; Rise       ; vga_controller:vga_controller_inst|v_pos_internal[16] ;
; -1.000 ; 1.000        ; 2.000          ; Min Period      ; vga_controller:vga_controller_inst|clk_25 ; Rise       ; vga_controller:vga_controller_inst|v_pos_internal[17] ;
; -1.000 ; 1.000        ; 2.000          ; Min Period      ; vga_controller:vga_controller_inst|clk_25 ; Rise       ; vga_controller:vga_controller_inst|v_pos_internal[18] ;
; -1.000 ; 1.000        ; 2.000          ; Min Period      ; vga_controller:vga_controller_inst|clk_25 ; Rise       ; vga_controller:vga_controller_inst|v_pos_internal[19] ;
; -1.000 ; 1.000        ; 2.000          ; Min Period      ; vga_controller:vga_controller_inst|clk_25 ; Rise       ; vga_controller:vga_controller_inst|v_pos_internal[1]  ;
; -1.000 ; 1.000        ; 2.000          ; Min Period      ; vga_controller:vga_controller_inst|clk_25 ; Rise       ; vga_controller:vga_controller_inst|v_pos_internal[20] ;
; -1.000 ; 1.000        ; 2.000          ; Min Period      ; vga_controller:vga_controller_inst|clk_25 ; Rise       ; vga_controller:vga_controller_inst|v_pos_internal[21] ;
; -1.000 ; 1.000        ; 2.000          ; Min Period      ; vga_controller:vga_controller_inst|clk_25 ; Rise       ; vga_controller:vga_controller_inst|v_pos_internal[22] ;
; -1.000 ; 1.000        ; 2.000          ; Min Period      ; vga_controller:vga_controller_inst|clk_25 ; Rise       ; vga_controller:vga_controller_inst|v_pos_internal[23] ;
; -1.000 ; 1.000        ; 2.000          ; Min Period      ; vga_controller:vga_controller_inst|clk_25 ; Rise       ; vga_controller:vga_controller_inst|v_pos_internal[24] ;
; -1.000 ; 1.000        ; 2.000          ; Min Period      ; vga_controller:vga_controller_inst|clk_25 ; Rise       ; vga_controller:vga_controller_inst|v_pos_internal[25] ;
; -1.000 ; 1.000        ; 2.000          ; Min Period      ; vga_controller:vga_controller_inst|clk_25 ; Rise       ; vga_controller:vga_controller_inst|v_pos_internal[26] ;
; -1.000 ; 1.000        ; 2.000          ; Min Period      ; vga_controller:vga_controller_inst|clk_25 ; Rise       ; vga_controller:vga_controller_inst|v_pos_internal[27] ;
; -1.000 ; 1.000        ; 2.000          ; Min Period      ; vga_controller:vga_controller_inst|clk_25 ; Rise       ; vga_controller:vga_controller_inst|v_pos_internal[28] ;
; -1.000 ; 1.000        ; 2.000          ; Min Period      ; vga_controller:vga_controller_inst|clk_25 ; Rise       ; vga_controller:vga_controller_inst|v_pos_internal[29] ;
; -1.000 ; 1.000        ; 2.000          ; Min Period      ; vga_controller:vga_controller_inst|clk_25 ; Rise       ; vga_controller:vga_controller_inst|v_pos_internal[2]  ;
; -1.000 ; 1.000        ; 2.000          ; Min Period      ; vga_controller:vga_controller_inst|clk_25 ; Rise       ; vga_controller:vga_controller_inst|v_pos_internal[30] ;
; -1.000 ; 1.000        ; 2.000          ; Min Period      ; vga_controller:vga_controller_inst|clk_25 ; Rise       ; vga_controller:vga_controller_inst|v_pos_internal[31] ;
; -1.000 ; 1.000        ; 2.000          ; Min Period      ; vga_controller:vga_controller_inst|clk_25 ; Rise       ; vga_controller:vga_controller_inst|v_pos_internal[3]  ;
; -1.000 ; 1.000        ; 2.000          ; Min Period      ; vga_controller:vga_controller_inst|clk_25 ; Rise       ; vga_controller:vga_controller_inst|v_pos_internal[4]  ;
; -1.000 ; 1.000        ; 2.000          ; Min Period      ; vga_controller:vga_controller_inst|clk_25 ; Rise       ; vga_controller:vga_controller_inst|v_pos_internal[5]  ;
; -1.000 ; 1.000        ; 2.000          ; Min Period      ; vga_controller:vga_controller_inst|clk_25 ; Rise       ; vga_controller:vga_controller_inst|v_pos_internal[6]  ;
; -1.000 ; 1.000        ; 2.000          ; Min Period      ; vga_controller:vga_controller_inst|clk_25 ; Rise       ; vga_controller:vga_controller_inst|v_pos_internal[7]  ;
; -1.000 ; 1.000        ; 2.000          ; Min Period      ; vga_controller:vga_controller_inst|clk_25 ; Rise       ; vga_controller:vga_controller_inst|v_pos_internal[8]  ;
; -1.000 ; 1.000        ; 2.000          ; Min Period      ; vga_controller:vga_controller_inst|clk_25 ; Rise       ; vga_controller:vga_controller_inst|v_pos_internal[9]  ;
; 0.279  ; 0.463        ; 0.184          ; Low Pulse Width ; vga_controller:vga_controller_inst|clk_25 ; Rise       ; vga_controller:vga_controller_inst|Hsync              ;
; 0.279  ; 0.463        ; 0.184          ; Low Pulse Width ; vga_controller:vga_controller_inst|clk_25 ; Rise       ; vga_controller:vga_controller_inst|Vsync              ;
; 0.279  ; 0.463        ; 0.184          ; Low Pulse Width ; vga_controller:vga_controller_inst|clk_25 ; Rise       ; vga_controller:vga_controller_inst|h_pos_internal[0]  ;
; 0.279  ; 0.463        ; 0.184          ; Low Pulse Width ; vga_controller:vga_controller_inst|clk_25 ; Rise       ; vga_controller:vga_controller_inst|h_pos_internal[10] ;
; 0.279  ; 0.463        ; 0.184          ; Low Pulse Width ; vga_controller:vga_controller_inst|clk_25 ; Rise       ; vga_controller:vga_controller_inst|h_pos_internal[11] ;
; 0.279  ; 0.463        ; 0.184          ; Low Pulse Width ; vga_controller:vga_controller_inst|clk_25 ; Rise       ; vga_controller:vga_controller_inst|h_pos_internal[12] ;
; 0.279  ; 0.463        ; 0.184          ; Low Pulse Width ; vga_controller:vga_controller_inst|clk_25 ; Rise       ; vga_controller:vga_controller_inst|h_pos_internal[13] ;
; 0.279  ; 0.463        ; 0.184          ; Low Pulse Width ; vga_controller:vga_controller_inst|clk_25 ; Rise       ; vga_controller:vga_controller_inst|h_pos_internal[14] ;
; 0.279  ; 0.463        ; 0.184          ; Low Pulse Width ; vga_controller:vga_controller_inst|clk_25 ; Rise       ; vga_controller:vga_controller_inst|h_pos_internal[15] ;
; 0.279  ; 0.463        ; 0.184          ; Low Pulse Width ; vga_controller:vga_controller_inst|clk_25 ; Rise       ; vga_controller:vga_controller_inst|h_pos_internal[16] ;
; 0.279  ; 0.463        ; 0.184          ; Low Pulse Width ; vga_controller:vga_controller_inst|clk_25 ; Rise       ; vga_controller:vga_controller_inst|h_pos_internal[17] ;
; 0.279  ; 0.463        ; 0.184          ; Low Pulse Width ; vga_controller:vga_controller_inst|clk_25 ; Rise       ; vga_controller:vga_controller_inst|h_pos_internal[18] ;
; 0.279  ; 0.463        ; 0.184          ; Low Pulse Width ; vga_controller:vga_controller_inst|clk_25 ; Rise       ; vga_controller:vga_controller_inst|h_pos_internal[19] ;
; 0.279  ; 0.463        ; 0.184          ; Low Pulse Width ; vga_controller:vga_controller_inst|clk_25 ; Rise       ; vga_controller:vga_controller_inst|h_pos_internal[1]  ;
; 0.279  ; 0.463        ; 0.184          ; Low Pulse Width ; vga_controller:vga_controller_inst|clk_25 ; Rise       ; vga_controller:vga_controller_inst|h_pos_internal[20] ;
; 0.279  ; 0.463        ; 0.184          ; Low Pulse Width ; vga_controller:vga_controller_inst|clk_25 ; Rise       ; vga_controller:vga_controller_inst|h_pos_internal[21] ;
; 0.279  ; 0.463        ; 0.184          ; Low Pulse Width ; vga_controller:vga_controller_inst|clk_25 ; Rise       ; vga_controller:vga_controller_inst|h_pos_internal[22] ;
; 0.279  ; 0.463        ; 0.184          ; Low Pulse Width ; vga_controller:vga_controller_inst|clk_25 ; Rise       ; vga_controller:vga_controller_inst|h_pos_internal[23] ;
; 0.279  ; 0.463        ; 0.184          ; Low Pulse Width ; vga_controller:vga_controller_inst|clk_25 ; Rise       ; vga_controller:vga_controller_inst|h_pos_internal[24] ;
; 0.279  ; 0.463        ; 0.184          ; Low Pulse Width ; vga_controller:vga_controller_inst|clk_25 ; Rise       ; vga_controller:vga_controller_inst|h_pos_internal[25] ;
; 0.279  ; 0.463        ; 0.184          ; Low Pulse Width ; vga_controller:vga_controller_inst|clk_25 ; Rise       ; vga_controller:vga_controller_inst|h_pos_internal[26] ;
; 0.279  ; 0.463        ; 0.184          ; Low Pulse Width ; vga_controller:vga_controller_inst|clk_25 ; Rise       ; vga_controller:vga_controller_inst|h_pos_internal[27] ;
; 0.279  ; 0.463        ; 0.184          ; Low Pulse Width ; vga_controller:vga_controller_inst|clk_25 ; Rise       ; vga_controller:vga_controller_inst|h_pos_internal[28] ;
; 0.279  ; 0.463        ; 0.184          ; Low Pulse Width ; vga_controller:vga_controller_inst|clk_25 ; Rise       ; vga_controller:vga_controller_inst|h_pos_internal[29] ;
; 0.279  ; 0.463        ; 0.184          ; Low Pulse Width ; vga_controller:vga_controller_inst|clk_25 ; Rise       ; vga_controller:vga_controller_inst|h_pos_internal[2]  ;
; 0.279  ; 0.463        ; 0.184          ; Low Pulse Width ; vga_controller:vga_controller_inst|clk_25 ; Rise       ; vga_controller:vga_controller_inst|h_pos_internal[30] ;
; 0.279  ; 0.463        ; 0.184          ; Low Pulse Width ; vga_controller:vga_controller_inst|clk_25 ; Rise       ; vga_controller:vga_controller_inst|h_pos_internal[31] ;
; 0.279  ; 0.463        ; 0.184          ; Low Pulse Width ; vga_controller:vga_controller_inst|clk_25 ; Rise       ; vga_controller:vga_controller_inst|h_pos_internal[3]  ;
; 0.279  ; 0.463        ; 0.184          ; Low Pulse Width ; vga_controller:vga_controller_inst|clk_25 ; Rise       ; vga_controller:vga_controller_inst|h_pos_internal[4]  ;
; 0.279  ; 0.463        ; 0.184          ; Low Pulse Width ; vga_controller:vga_controller_inst|clk_25 ; Rise       ; vga_controller:vga_controller_inst|h_pos_internal[5]  ;
; 0.279  ; 0.463        ; 0.184          ; Low Pulse Width ; vga_controller:vga_controller_inst|clk_25 ; Rise       ; vga_controller:vga_controller_inst|h_pos_internal[6]  ;
; 0.279  ; 0.463        ; 0.184          ; Low Pulse Width ; vga_controller:vga_controller_inst|clk_25 ; Rise       ; vga_controller:vga_controller_inst|h_pos_internal[7]  ;
; 0.279  ; 0.463        ; 0.184          ; Low Pulse Width ; vga_controller:vga_controller_inst|clk_25 ; Rise       ; vga_controller:vga_controller_inst|h_pos_internal[8]  ;
; 0.279  ; 0.463        ; 0.184          ; Low Pulse Width ; vga_controller:vga_controller_inst|clk_25 ; Rise       ; vga_controller:vga_controller_inst|h_pos_internal[9]  ;
+--------+--------------+----------------+-----------------+-------------------------------------------+------------+-------------------------------------------------------+


+------------------------------------------------------------------------+
; Setup Times                                                            ;
+------------+------------+-------+-------+------------+-----------------+
; Data Port  ; Clock Port ; Rise  ; Fall  ; Clock Edge ; Clock Reference ;
+------------+------------+-------+-------+------------+-----------------+
; Rst        ; clk_in     ; 4.363 ; 4.820 ; Rise       ; clk_in          ;
; i_serial   ; clk_in     ; 4.228 ; 4.722 ; Rise       ; clk_in          ;
; paddledwn2 ; clk_in     ; 3.570 ; 4.095 ; Rise       ; clk_in          ;
; paddleup2  ; clk_in     ; 3.200 ; 3.673 ; Rise       ; clk_in          ;
; startGame  ; clk_in     ; 3.507 ; 3.971 ; Rise       ; clk_in          ;
+------------+------------+-------+-------+------------+-----------------+


+--------------------------------------------------------------------------+
; Hold Times                                                               ;
+------------+------------+--------+--------+------------+-----------------+
; Data Port  ; Clock Port ; Rise   ; Fall   ; Clock Edge ; Clock Reference ;
+------------+------------+--------+--------+------------+-----------------+
; Rst        ; clk_in     ; -1.613 ; -2.088 ; Rise       ; clk_in          ;
; i_serial   ; clk_in     ; -1.815 ; -2.314 ; Rise       ; clk_in          ;
; paddledwn2 ; clk_in     ; -2.228 ; -2.751 ; Rise       ; clk_in          ;
; paddleup2  ; clk_in     ; -1.747 ; -2.203 ; Rise       ; clk_in          ;
; startGame  ; clk_in     ; -2.015 ; -2.461 ; Rise       ; clk_in          ;
+------------+------------+--------+--------+------------+-----------------+


+---------------------------------------------------------------------------------------------------------------------------------+
; Clock to Output Times                                                                                                           ;
+------------+-------------------------------------------+-------+-------+------------+-------------------------------------------+
; Data Port  ; Clock Port                                ; Rise  ; Fall  ; Clock Edge ; Clock Reference                           ;
+------------+-------------------------------------------+-------+-------+------------+-------------------------------------------+
; dout_b[*]  ; clk_in                                    ; 8.327 ; 8.382 ; Rise       ; clk_in                                    ;
;  dout_b[0] ; clk_in                                    ; 8.297 ; 8.336 ; Rise       ; clk_in                                    ;
;  dout_b[1] ; clk_in                                    ; 8.297 ; 8.336 ; Rise       ; clk_in                                    ;
;  dout_b[2] ; clk_in                                    ; 8.297 ; 8.336 ; Rise       ; clk_in                                    ;
;  dout_b[3] ; clk_in                                    ; 8.327 ; 8.382 ; Rise       ; clk_in                                    ;
; dout_g[*]  ; clk_in                                    ; 8.329 ; 8.387 ; Rise       ; clk_in                                    ;
;  dout_g[0] ; clk_in                                    ; 8.080 ; 8.122 ; Rise       ; clk_in                                    ;
;  dout_g[1] ; clk_in                                    ; 8.329 ; 8.387 ; Rise       ; clk_in                                    ;
;  dout_g[2] ; clk_in                                    ; 8.327 ; 8.382 ; Rise       ; clk_in                                    ;
;  dout_g[3] ; clk_in                                    ; 8.070 ; 8.112 ; Rise       ; clk_in                                    ;
; dout_r[*]  ; clk_in                                    ; 8.596 ; 8.663 ; Rise       ; clk_in                                    ;
;  dout_r[0] ; clk_in                                    ; 8.329 ; 8.399 ; Rise       ; clk_in                                    ;
;  dout_r[1] ; clk_in                                    ; 8.596 ; 8.663 ; Rise       ; clk_in                                    ;
;  dout_r[2] ; clk_in                                    ; 7.606 ; 7.652 ; Rise       ; clk_in                                    ;
;  dout_r[3] ; clk_in                                    ; 8.347 ; 8.402 ; Rise       ; clk_in                                    ;
; seg1[*]    ; clk_in                                    ; 6.036 ; 6.051 ; Rise       ; clk_in                                    ;
;  seg1[0]   ; clk_in                                    ; 5.751 ; 5.734 ; Rise       ; clk_in                                    ;
;  seg1[1]   ; clk_in                                    ; 5.832 ; 5.840 ; Rise       ; clk_in                                    ;
;  seg1[2]   ; clk_in                                    ; 6.030 ; 6.051 ; Rise       ; clk_in                                    ;
;  seg1[3]   ; clk_in                                    ; 6.036 ; 6.040 ; Rise       ; clk_in                                    ;
;  seg1[4]   ; clk_in                                    ; 6.023 ; 6.022 ; Rise       ; clk_in                                    ;
;  seg1[5]   ; clk_in                                    ; 5.549 ; 5.579 ; Rise       ; clk_in                                    ;
; seg2[*]    ; clk_in                                    ; 5.689 ; 5.648 ; Rise       ; clk_in                                    ;
;  seg2[0]   ; clk_in                                    ; 5.689 ; 5.648 ; Rise       ; clk_in                                    ;
;  seg2[1]   ; clk_in                                    ; 5.489 ; 5.491 ; Rise       ; clk_in                                    ;
;  seg2[2]   ; clk_in                                    ; 5.500 ; 5.504 ; Rise       ; clk_in                                    ;
;  seg2[3]   ; clk_in                                    ; 5.315 ; 5.327 ; Rise       ; clk_in                                    ;
;  seg2[4]   ; clk_in                                    ; 5.312 ; 5.322 ; Rise       ; clk_in                                    ;
;  seg2[5]   ; clk_in                                    ; 5.629 ; 5.598 ; Rise       ; clk_in                                    ;
; HSync      ; vga_controller:vga_controller_inst|clk_25 ; 5.632 ; 5.621 ; Rise       ; vga_controller:vga_controller_inst|clk_25 ;
; VSync      ; vga_controller:vga_controller_inst|clk_25 ; 5.631 ; 5.666 ; Rise       ; vga_controller:vga_controller_inst|clk_25 ;
+------------+-------------------------------------------+-------+-------+------------+-------------------------------------------+


+---------------------------------------------------------------------------------------------------------------------------------+
; Minimum Clock to Output Times                                                                                                   ;
+------------+-------------------------------------------+-------+-------+------------+-------------------------------------------+
; Data Port  ; Clock Port                                ; Rise  ; Fall  ; Clock Edge ; Clock Reference                           ;
+------------+-------------------------------------------+-------+-------+------------+-------------------------------------------+
; dout_b[*]  ; clk_in                                    ; 7.696 ; 7.732 ; Rise       ; clk_in                                    ;
;  dout_b[0] ; clk_in                                    ; 7.696 ; 7.732 ; Rise       ; clk_in                                    ;
;  dout_b[1] ; clk_in                                    ; 7.696 ; 7.732 ; Rise       ; clk_in                                    ;
;  dout_b[2] ; clk_in                                    ; 7.696 ; 7.732 ; Rise       ; clk_in                                    ;
;  dout_b[3] ; clk_in                                    ; 7.724 ; 7.775 ; Rise       ; clk_in                                    ;
; dout_g[*]  ; clk_in                                    ; 7.477 ; 7.516 ; Rise       ; clk_in                                    ;
;  dout_g[0] ; clk_in                                    ; 7.487 ; 7.526 ; Rise       ; clk_in                                    ;
;  dout_g[1] ; clk_in                                    ; 7.726 ; 7.780 ; Rise       ; clk_in                                    ;
;  dout_g[2] ; clk_in                                    ; 7.724 ; 7.775 ; Rise       ; clk_in                                    ;
;  dout_g[3] ; clk_in                                    ; 7.477 ; 7.516 ; Rise       ; clk_in                                    ;
; dout_r[*]  ; clk_in                                    ; 7.032 ; 7.075 ; Rise       ; clk_in                                    ;
;  dout_r[0] ; clk_in                                    ; 7.726 ; 7.792 ; Rise       ; clk_in                                    ;
;  dout_r[1] ; clk_in                                    ; 7.982 ; 8.045 ; Rise       ; clk_in                                    ;
;  dout_r[2] ; clk_in                                    ; 7.032 ; 7.075 ; Rise       ; clk_in                                    ;
;  dout_r[3] ; clk_in                                    ; 7.744 ; 7.795 ; Rise       ; clk_in                                    ;
; seg1[*]    ; clk_in                                    ; 5.431 ; 5.458 ; Rise       ; clk_in                                    ;
;  seg1[0]   ; clk_in                                    ; 5.624 ; 5.606 ; Rise       ; clk_in                                    ;
;  seg1[1]   ; clk_in                                    ; 5.703 ; 5.708 ; Rise       ; clk_in                                    ;
;  seg1[2]   ; clk_in                                    ; 5.893 ; 5.911 ; Rise       ; clk_in                                    ;
;  seg1[3]   ; clk_in                                    ; 5.898 ; 5.901 ; Rise       ; clk_in                                    ;
;  seg1[4]   ; clk_in                                    ; 5.887 ; 5.883 ; Rise       ; clk_in                                    ;
;  seg1[5]   ; clk_in                                    ; 5.431 ; 5.458 ; Rise       ; clk_in                                    ;
; seg2[*]    ; clk_in                                    ; 5.204 ; 5.212 ; Rise       ; clk_in                                    ;
;  seg2[0]   ; clk_in                                    ; 5.565 ; 5.524 ; Rise       ; clk_in                                    ;
;  seg2[1]   ; clk_in                                    ; 5.374 ; 5.374 ; Rise       ; clk_in                                    ;
;  seg2[2]   ; clk_in                                    ; 5.385 ; 5.386 ; Rise       ; clk_in                                    ;
;  seg2[3]   ; clk_in                                    ; 5.207 ; 5.217 ; Rise       ; clk_in                                    ;
;  seg2[4]   ; clk_in                                    ; 5.204 ; 5.212 ; Rise       ; clk_in                                    ;
;  seg2[5]   ; clk_in                                    ; 5.507 ; 5.475 ; Rise       ; clk_in                                    ;
; HSync      ; vga_controller:vga_controller_inst|clk_25 ; 5.487 ; 5.477 ; Rise       ; vga_controller:vga_controller_inst|clk_25 ;
; VSync      ; vga_controller:vga_controller_inst|clk_25 ; 5.486 ; 5.520 ; Rise       ; vga_controller:vga_controller_inst|clk_25 ;
+------------+-------------------------------------------+-------+-------+------------+-------------------------------------------+


+----------------------------------------------------+
; Propagation Delay                                  ;
+------------+-------------+-------+----+----+-------+
; Input Port ; Output Port ; RR    ; RF ; FR ; FF    ;
+------------+-------------+-------+----+----+-------+
; startGame  ; dout_b[0]   ; 8.638 ;    ;    ; 9.089 ;
; startGame  ; dout_b[1]   ; 8.638 ;    ;    ; 9.089 ;
; startGame  ; dout_b[2]   ; 8.638 ;    ;    ; 9.089 ;
; startGame  ; dout_b[3]   ; 8.668 ;    ;    ; 9.135 ;
; startGame  ; dout_g[0]   ; 8.421 ;    ;    ; 8.875 ;
; startGame  ; dout_g[1]   ; 8.670 ;    ;    ; 9.140 ;
; startGame  ; dout_g[2]   ; 8.668 ;    ;    ; 9.135 ;
; startGame  ; dout_g[3]   ; 8.411 ;    ;    ; 8.865 ;
; startGame  ; dout_r[0]   ; 8.670 ;    ;    ; 9.152 ;
; startGame  ; dout_r[1]   ; 8.937 ;    ;    ; 9.416 ;
; startGame  ; dout_r[2]   ; 7.947 ;    ;    ; 8.405 ;
; startGame  ; dout_r[3]   ; 8.688 ;    ;    ; 9.155 ;
+------------+-------------+-------+----+----+-------+


+----------------------------------------------------+
; Minimum Propagation Delay                          ;
+------------+-------------+-------+----+----+-------+
; Input Port ; Output Port ; RR    ; RF ; FR ; FF    ;
+------------+-------------+-------+----+----+-------+
; startGame  ; dout_b[0]   ; 8.406 ;    ;    ; 8.842 ;
; startGame  ; dout_b[1]   ; 8.406 ;    ;    ; 8.842 ;
; startGame  ; dout_b[2]   ; 8.406 ;    ;    ; 8.842 ;
; startGame  ; dout_b[3]   ; 8.434 ;    ;    ; 8.885 ;
; startGame  ; dout_g[0]   ; 8.197 ;    ;    ; 8.636 ;
; startGame  ; dout_g[1]   ; 8.436 ;    ;    ; 8.890 ;
; startGame  ; dout_g[2]   ; 8.434 ;    ;    ; 8.885 ;
; startGame  ; dout_g[3]   ; 8.187 ;    ;    ; 8.626 ;
; startGame  ; dout_r[0]   ; 8.436 ;    ;    ; 8.902 ;
; startGame  ; dout_r[1]   ; 8.692 ;    ;    ; 9.155 ;
; startGame  ; dout_r[2]   ; 7.742 ;    ;    ; 8.185 ;
; startGame  ; dout_r[3]   ; 8.454 ;    ;    ; 8.905 ;
+------------+-------------+-------+----+----+-------+


----------------------------------------------
; Slow 1200mV 85C Model Metastability Report ;
----------------------------------------------
No synchronizer chains to report.


+---------------------------------------------------------------------------------+
; Slow 1200mV 0C Model Fmax Summary                                               ;
+------------+-----------------+-------------------------------------------+------+
; Fmax       ; Restricted Fmax ; Clock Name                                ; Note ;
+------------+-----------------+-------------------------------------------+------+
; 167.48 MHz ; 167.48 MHz      ; clk_in                                    ;      ;
; 281.85 MHz ; 281.85 MHz      ; vga_controller:vga_controller_inst|clk_25 ;      ;
+------------+-----------------+-------------------------------------------+------+
This panel reports FMAX for every clock in the design, regardless of the user-specified clock periods.  FMAX is only computed for paths where the source and destination registers or ports are driven by the same clock.  Paths of different clocks, including generated clocks, are ignored.  For paths between a clock and its inversion, FMAX is computed as if the rising and falling edges are scaled along with FMAX, such that the duty cycle (in terms of a percentage) is maintained. Altera recommends that you always use clock constraints and other slack reports for sign-off analysis.


+--------------------------------------------------------------------+
; Slow 1200mV 0C Model Setup Summary                                 ;
+-------------------------------------------+--------+---------------+
; Clock                                     ; Slack  ; End Point TNS ;
+-------------------------------------------+--------+---------------+
; clk_in                                    ; -4.971 ; -1146.422     ;
; vga_controller:vga_controller_inst|clk_25 ; -2.548 ; -132.591      ;
+-------------------------------------------+--------+---------------+


+--------------------------------------------------------------------+
; Slow 1200mV 0C Model Hold Summary                                  ;
+-------------------------------------------+--------+---------------+
; Clock                                     ; Slack  ; End Point TNS ;
+-------------------------------------------+--------+---------------+
; clk_in                                    ; -0.035 ; -0.035        ;
; vga_controller:vga_controller_inst|clk_25 ; 0.489  ; 0.000         ;
+-------------------------------------------+--------+---------------+


-----------------------------------------
; Slow 1200mV 0C Model Recovery Summary ;
-----------------------------------------
No paths to report.


----------------------------------------
; Slow 1200mV 0C Model Removal Summary ;
----------------------------------------
No paths to report.


+--------------------------------------------------------------------+
; Slow 1200mV 0C Model Minimum Pulse Width Summary                   ;
+-------------------------------------------+--------+---------------+
; Clock                                     ; Slack  ; End Point TNS ;
+-------------------------------------------+--------+---------------+
; clk_in                                    ; -3.000 ; -374.000      ;
; vga_controller:vga_controller_inst|clk_25 ; -1.000 ; -66.000       ;
+-------------------------------------------+--------+---------------+


+------------------------------------------------------------------------------------------------------------------------------------------------------------------------------------+
; Slow 1200mV 0C Model Setup: 'clk_in'                                                                                                                                               ;
+--------+----------------------------------------------+------------------------------------------------------+--------------+-------------+--------------+------------+------------+
; Slack  ; From Node                                    ; To Node                                              ; Launch Clock ; Latch Clock ; Relationship ; Clock Skew ; Data Delay ;
+--------+----------------------------------------------+------------------------------------------------------+--------------+-------------+--------------+------------+------------+
; -4.971 ; paddle2_ctrl:paddle2_ctrl_inst|count_clk[31] ; paddle2_ctrl:paddle2_ctrl_inst|y_paddle_internal[30] ; clk_in       ; clk_in      ; 1.000        ; -0.070     ; 5.896      ;
; -4.953 ; paddle2_ctrl:paddle2_ctrl_inst|count_clk[31] ; paddle2_ctrl:paddle2_ctrl_inst|y_paddle_internal[31] ; clk_in       ; clk_in      ; 1.000        ; -0.070     ; 5.878      ;
; -4.871 ; paddle2_ctrl:paddle2_ctrl_inst|count_clk[31] ; paddle2_ctrl:paddle2_ctrl_inst|y_paddle_internal[28] ; clk_in       ; clk_in      ; 1.000        ; -0.070     ; 5.796      ;
; -4.853 ; paddle2_ctrl:paddle2_ctrl_inst|count_clk[31] ; paddle2_ctrl:paddle2_ctrl_inst|y_paddle_internal[29] ; clk_in       ; clk_in      ; 1.000        ; -0.070     ; 5.778      ;
; -4.784 ; paddle2_ctrl:paddle2_ctrl_inst|count_clk[26] ; paddle2_ctrl:paddle2_ctrl_inst|y_paddle_internal[30] ; clk_in       ; clk_in      ; 1.000        ; -0.070     ; 5.709      ;
; -4.779 ; paddle2_ctrl:paddle2_ctrl_inst|count_clk[24] ; paddle2_ctrl:paddle2_ctrl_inst|y_paddle_internal[30] ; clk_in       ; clk_in      ; 1.000        ; -0.070     ; 5.704      ;
; -4.771 ; paddle2_ctrl:paddle2_ctrl_inst|count_clk[31] ; paddle2_ctrl:paddle2_ctrl_inst|y_paddle_internal[26] ; clk_in       ; clk_in      ; 1.000        ; -0.070     ; 5.696      ;
; -4.766 ; paddle2_ctrl:paddle2_ctrl_inst|count_clk[26] ; paddle2_ctrl:paddle2_ctrl_inst|y_paddle_internal[31] ; clk_in       ; clk_in      ; 1.000        ; -0.070     ; 5.691      ;
; -4.764 ; paddle2_ctrl:paddle2_ctrl_inst|count_clk[30] ; paddle2_ctrl:paddle2_ctrl_inst|y_paddle_internal[30] ; clk_in       ; clk_in      ; 1.000        ; -0.070     ; 5.689      ;
; -4.761 ; paddle2_ctrl:paddle2_ctrl_inst|count_clk[24] ; paddle2_ctrl:paddle2_ctrl_inst|y_paddle_internal[31] ; clk_in       ; clk_in      ; 1.000        ; -0.070     ; 5.686      ;
; -4.753 ; paddle2_ctrl:paddle2_ctrl_inst|count_clk[31] ; paddle2_ctrl:paddle2_ctrl_inst|y_paddle_internal[27] ; clk_in       ; clk_in      ; 1.000        ; -0.070     ; 5.678      ;
; -4.746 ; paddle2_ctrl:paddle2_ctrl_inst|count_clk[30] ; paddle2_ctrl:paddle2_ctrl_inst|y_paddle_internal[31] ; clk_in       ; clk_in      ; 1.000        ; -0.070     ; 5.671      ;
; -4.709 ; paddle2_ctrl:paddle2_ctrl_inst|count_clk[25] ; paddle2_ctrl:paddle2_ctrl_inst|y_paddle_internal[30] ; clk_in       ; clk_in      ; 1.000        ; -0.070     ; 5.634      ;
; -4.708 ; paddle2_ctrl:paddle2_ctrl_inst|count_clk[29] ; paddle2_ctrl:paddle2_ctrl_inst|y_paddle_internal[30] ; clk_in       ; clk_in      ; 1.000        ; -0.070     ; 5.633      ;
; -4.698 ; paddle2_ctrl:paddle2_ctrl_inst|count_clk[17] ; paddle2_ctrl:paddle2_ctrl_inst|y_paddle_internal[30] ; clk_in       ; clk_in      ; 1.000        ; -0.070     ; 5.623      ;
; -4.694 ; paddle2_ctrl:paddle2_ctrl_inst|count_clk[18] ; paddle2_ctrl:paddle2_ctrl_inst|y_paddle_internal[30] ; clk_in       ; clk_in      ; 1.000        ; -0.070     ; 5.619      ;
; -4.691 ; paddle2_ctrl:paddle2_ctrl_inst|count_clk[25] ; paddle2_ctrl:paddle2_ctrl_inst|y_paddle_internal[31] ; clk_in       ; clk_in      ; 1.000        ; -0.070     ; 5.616      ;
; -4.690 ; paddle2_ctrl:paddle2_ctrl_inst|count_clk[29] ; paddle2_ctrl:paddle2_ctrl_inst|y_paddle_internal[31] ; clk_in       ; clk_in      ; 1.000        ; -0.070     ; 5.615      ;
; -4.684 ; paddle2_ctrl:paddle2_ctrl_inst|count_clk[26] ; paddle2_ctrl:paddle2_ctrl_inst|y_paddle_internal[28] ; clk_in       ; clk_in      ; 1.000        ; -0.070     ; 5.609      ;
; -4.683 ; paddle2_ctrl:paddle2_ctrl_inst|count_clk[23] ; paddle2_ctrl:paddle2_ctrl_inst|y_paddle_internal[31] ; clk_in       ; clk_in      ; 1.000        ; -0.070     ; 5.608      ;
; -4.680 ; paddle2_ctrl:paddle2_ctrl_inst|count_clk[17] ; paddle2_ctrl:paddle2_ctrl_inst|y_paddle_internal[31] ; clk_in       ; clk_in      ; 1.000        ; -0.070     ; 5.605      ;
; -4.679 ; paddle2_ctrl:paddle2_ctrl_inst|count_clk[24] ; paddle2_ctrl:paddle2_ctrl_inst|y_paddle_internal[28] ; clk_in       ; clk_in      ; 1.000        ; -0.070     ; 5.604      ;
; -4.676 ; paddle2_ctrl:paddle2_ctrl_inst|count_clk[18] ; paddle2_ctrl:paddle2_ctrl_inst|y_paddle_internal[31] ; clk_in       ; clk_in      ; 1.000        ; -0.070     ; 5.601      ;
; -4.674 ; paddle2_ctrl:paddle2_ctrl_inst|count_clk[23] ; paddle2_ctrl:paddle2_ctrl_inst|y_paddle_internal[30] ; clk_in       ; clk_in      ; 1.000        ; -0.070     ; 5.599      ;
; -4.673 ; paddle2_ctrl:paddle2_ctrl_inst|count_clk[6]  ; paddle2_ctrl:paddle2_ctrl_inst|y_paddle_internal[31] ; clk_in       ; clk_in      ; 1.000        ; -0.068     ; 5.600      ;
; -4.671 ; paddle2_ctrl:paddle2_ctrl_inst|count_clk[31] ; paddle2_ctrl:paddle2_ctrl_inst|y_paddle_internal[24] ; clk_in       ; clk_in      ; 1.000        ; -0.070     ; 5.596      ;
; -4.666 ; paddle2_ctrl:paddle2_ctrl_inst|count_clk[26] ; paddle2_ctrl:paddle2_ctrl_inst|y_paddle_internal[29] ; clk_in       ; clk_in      ; 1.000        ; -0.070     ; 5.591      ;
; -4.664 ; paddle2_ctrl:paddle2_ctrl_inst|count_clk[30] ; paddle2_ctrl:paddle2_ctrl_inst|y_paddle_internal[28] ; clk_in       ; clk_in      ; 1.000        ; -0.070     ; 5.589      ;
; -4.661 ; paddle2_ctrl:paddle2_ctrl_inst|count_clk[24] ; paddle2_ctrl:paddle2_ctrl_inst|y_paddle_internal[29] ; clk_in       ; clk_in      ; 1.000        ; -0.070     ; 5.586      ;
; -4.658 ; paddle2_ctrl:paddle2_ctrl_inst|count_clk[21] ; paddle2_ctrl:paddle2_ctrl_inst|y_paddle_internal[30] ; clk_in       ; clk_in      ; 1.000        ; -0.070     ; 5.583      ;
; -4.653 ; paddle2_ctrl:paddle2_ctrl_inst|count_clk[31] ; paddle2_ctrl:paddle2_ctrl_inst|y_paddle_internal[25] ; clk_in       ; clk_in      ; 1.000        ; -0.070     ; 5.578      ;
; -4.646 ; paddle2_ctrl:paddle2_ctrl_inst|count_clk[30] ; paddle2_ctrl:paddle2_ctrl_inst|y_paddle_internal[29] ; clk_in       ; clk_in      ; 1.000        ; -0.070     ; 5.571      ;
; -4.645 ; paddle2_ctrl:paddle2_ctrl_inst|count_clk[16] ; paddle2_ctrl:paddle2_ctrl_inst|y_paddle_internal[30] ; clk_in       ; clk_in      ; 1.000        ; -0.070     ; 5.570      ;
; -4.640 ; paddle2_ctrl:paddle2_ctrl_inst|count_clk[21] ; paddle2_ctrl:paddle2_ctrl_inst|y_paddle_internal[31] ; clk_in       ; clk_in      ; 1.000        ; -0.070     ; 5.565      ;
; -4.634 ; paddle2_ctrl:paddle2_ctrl_inst|count_clk[6]  ; paddle2_ctrl:paddle2_ctrl_inst|y_paddle_internal[30] ; clk_in       ; clk_in      ; 1.000        ; -0.068     ; 5.561      ;
; -4.633 ; paddle2_ctrl:paddle2_ctrl_inst|count_clk[16] ; paddle2_ctrl:paddle2_ctrl_inst|y_paddle_internal[31] ; clk_in       ; clk_in      ; 1.000        ; -0.070     ; 5.558      ;
; -4.626 ; paddle2_ctrl:paddle2_ctrl_inst|count_clk[27] ; paddle2_ctrl:paddle2_ctrl_inst|y_paddle_internal[30] ; clk_in       ; clk_in      ; 1.000        ; -0.070     ; 5.551      ;
; -4.609 ; paddle2_ctrl:paddle2_ctrl_inst|count_clk[28] ; paddle2_ctrl:paddle2_ctrl_inst|y_paddle_internal[30] ; clk_in       ; clk_in      ; 1.000        ; -0.070     ; 5.534      ;
; -4.609 ; paddle2_ctrl:paddle2_ctrl_inst|count_clk[25] ; paddle2_ctrl:paddle2_ctrl_inst|y_paddle_internal[28] ; clk_in       ; clk_in      ; 1.000        ; -0.070     ; 5.534      ;
; -4.608 ; paddle2_ctrl:paddle2_ctrl_inst|count_clk[29] ; paddle2_ctrl:paddle2_ctrl_inst|y_paddle_internal[28] ; clk_in       ; clk_in      ; 1.000        ; -0.070     ; 5.533      ;
; -4.608 ; paddle2_ctrl:paddle2_ctrl_inst|count_clk[27] ; paddle2_ctrl:paddle2_ctrl_inst|y_paddle_internal[31] ; clk_in       ; clk_in      ; 1.000        ; -0.070     ; 5.533      ;
; -4.603 ; paddle2_ctrl:paddle2_ctrl_inst|count_clk[4]  ; paddle2_ctrl:paddle2_ctrl_inst|y_paddle_internal[31] ; clk_in       ; clk_in      ; 1.000        ; -0.068     ; 5.530      ;
; -4.598 ; paddle2_ctrl:paddle2_ctrl_inst|count_clk[17] ; paddle2_ctrl:paddle2_ctrl_inst|y_paddle_internal[28] ; clk_in       ; clk_in      ; 1.000        ; -0.070     ; 5.523      ;
; -4.594 ; paddle2_ctrl:paddle2_ctrl_inst|count_clk[18] ; paddle2_ctrl:paddle2_ctrl_inst|y_paddle_internal[28] ; clk_in       ; clk_in      ; 1.000        ; -0.070     ; 5.519      ;
; -4.591 ; paddle2_ctrl:paddle2_ctrl_inst|count_clk[28] ; paddle2_ctrl:paddle2_ctrl_inst|y_paddle_internal[31] ; clk_in       ; clk_in      ; 1.000        ; -0.070     ; 5.516      ;
; -4.591 ; paddle2_ctrl:paddle2_ctrl_inst|count_clk[25] ; paddle2_ctrl:paddle2_ctrl_inst|y_paddle_internal[29] ; clk_in       ; clk_in      ; 1.000        ; -0.070     ; 5.516      ;
; -4.590 ; paddle2_ctrl:paddle2_ctrl_inst|count_clk[29] ; paddle2_ctrl:paddle2_ctrl_inst|y_paddle_internal[29] ; clk_in       ; clk_in      ; 1.000        ; -0.070     ; 5.515      ;
; -4.584 ; paddle2_ctrl:paddle2_ctrl_inst|count_clk[26] ; paddle2_ctrl:paddle2_ctrl_inst|y_paddle_internal[26] ; clk_in       ; clk_in      ; 1.000        ; -0.070     ; 5.509      ;
; -4.583 ; paddle2_ctrl:paddle2_ctrl_inst|count_clk[23] ; paddle2_ctrl:paddle2_ctrl_inst|y_paddle_internal[29] ; clk_in       ; clk_in      ; 1.000        ; -0.070     ; 5.508      ;
; -4.580 ; paddle2_ctrl:paddle2_ctrl_inst|count_clk[17] ; paddle2_ctrl:paddle2_ctrl_inst|y_paddle_internal[29] ; clk_in       ; clk_in      ; 1.000        ; -0.070     ; 5.505      ;
; -4.579 ; paddle2_ctrl:paddle2_ctrl_inst|count_clk[22] ; paddle2_ctrl:paddle2_ctrl_inst|y_paddle_internal[31] ; clk_in       ; clk_in      ; 1.000        ; -0.070     ; 5.504      ;
; -4.579 ; paddle2_ctrl:paddle2_ctrl_inst|count_clk[24] ; paddle2_ctrl:paddle2_ctrl_inst|y_paddle_internal[26] ; clk_in       ; clk_in      ; 1.000        ; -0.070     ; 5.504      ;
; -4.576 ; paddle2_ctrl:paddle2_ctrl_inst|count_clk[18] ; paddle2_ctrl:paddle2_ctrl_inst|y_paddle_internal[29] ; clk_in       ; clk_in      ; 1.000        ; -0.070     ; 5.501      ;
; -4.574 ; paddle2_ctrl:paddle2_ctrl_inst|count_clk[23] ; paddle2_ctrl:paddle2_ctrl_inst|y_paddle_internal[28] ; clk_in       ; clk_in      ; 1.000        ; -0.070     ; 5.499      ;
; -4.573 ; paddle2_ctrl:paddle2_ctrl_inst|count_clk[6]  ; paddle2_ctrl:paddle2_ctrl_inst|y_paddle_internal[29] ; clk_in       ; clk_in      ; 1.000        ; -0.068     ; 5.500      ;
; -4.572 ; paddle2_ctrl:paddle2_ctrl_inst|count_clk[15] ; paddle2_ctrl:paddle2_ctrl_inst|y_paddle_internal[30] ; clk_in       ; clk_in      ; 1.000        ; -0.068     ; 5.499      ;
; -4.571 ; paddle2_ctrl:paddle2_ctrl_inst|count_clk[31] ; paddle2_ctrl:paddle2_ctrl_inst|y_paddle_internal[22] ; clk_in       ; clk_in      ; 1.000        ; -0.070     ; 5.496      ;
; -4.569 ; paddle2_ctrl:paddle2_ctrl_inst|count_clk[22] ; paddle2_ctrl:paddle2_ctrl_inst|y_paddle_internal[30] ; clk_in       ; clk_in      ; 1.000        ; -0.070     ; 5.494      ;
; -4.566 ; paddle2_ctrl:paddle2_ctrl_inst|count_clk[26] ; paddle2_ctrl:paddle2_ctrl_inst|y_paddle_internal[27] ; clk_in       ; clk_in      ; 1.000        ; -0.070     ; 5.491      ;
; -4.564 ; paddle2_ctrl:paddle2_ctrl_inst|count_clk[30] ; paddle2_ctrl:paddle2_ctrl_inst|y_paddle_internal[26] ; clk_in       ; clk_in      ; 1.000        ; -0.070     ; 5.489      ;
; -4.562 ; paddle2_ctrl:paddle2_ctrl_inst|count_clk[9]  ; paddle2_ctrl:paddle2_ctrl_inst|y_paddle_internal[30] ; clk_in       ; clk_in      ; 1.000        ; -0.068     ; 5.489      ;
; -4.562 ; paddle2_ctrl:paddle2_ctrl_inst|count_clk[4]  ; paddle2_ctrl:paddle2_ctrl_inst|y_paddle_internal[30] ; clk_in       ; clk_in      ; 1.000        ; -0.068     ; 5.489      ;
; -4.561 ; paddle2_ctrl:paddle2_ctrl_inst|count_clk[24] ; paddle2_ctrl:paddle2_ctrl_inst|y_paddle_internal[27] ; clk_in       ; clk_in      ; 1.000        ; -0.070     ; 5.486      ;
; -4.558 ; paddle2_ctrl:paddle2_ctrl_inst|count_clk[21] ; paddle2_ctrl:paddle2_ctrl_inst|y_paddle_internal[28] ; clk_in       ; clk_in      ; 1.000        ; -0.070     ; 5.483      ;
; -4.554 ; paddle2_ctrl:paddle2_ctrl_inst|count_clk[15] ; paddle2_ctrl:paddle2_ctrl_inst|y_paddle_internal[31] ; clk_in       ; clk_in      ; 1.000        ; -0.068     ; 5.481      ;
; -4.553 ; paddle2_ctrl:paddle2_ctrl_inst|count_clk[31] ; paddle2_ctrl:paddle2_ctrl_inst|y_paddle_internal[23] ; clk_in       ; clk_in      ; 1.000        ; -0.070     ; 5.478      ;
; -4.546 ; paddle2_ctrl:paddle2_ctrl_inst|count_clk[30] ; paddle2_ctrl:paddle2_ctrl_inst|y_paddle_internal[27] ; clk_in       ; clk_in      ; 1.000        ; -0.070     ; 5.471      ;
; -4.545 ; paddle2_ctrl:paddle2_ctrl_inst|count_clk[16] ; paddle2_ctrl:paddle2_ctrl_inst|y_paddle_internal[28] ; clk_in       ; clk_in      ; 1.000        ; -0.070     ; 5.470      ;
; -4.544 ; paddle2_ctrl:paddle2_ctrl_inst|count_clk[9]  ; paddle2_ctrl:paddle2_ctrl_inst|y_paddle_internal[31] ; clk_in       ; clk_in      ; 1.000        ; -0.068     ; 5.471      ;
; -4.540 ; paddle2_ctrl:paddle2_ctrl_inst|count_clk[21] ; paddle2_ctrl:paddle2_ctrl_inst|y_paddle_internal[29] ; clk_in       ; clk_in      ; 1.000        ; -0.070     ; 5.465      ;
; -4.534 ; paddle2_ctrl:paddle2_ctrl_inst|count_clk[6]  ; paddle2_ctrl:paddle2_ctrl_inst|y_paddle_internal[28] ; clk_in       ; clk_in      ; 1.000        ; -0.068     ; 5.461      ;
; -4.533 ; paddle2_ctrl:paddle2_ctrl_inst|count_clk[16] ; paddle2_ctrl:paddle2_ctrl_inst|y_paddle_internal[29] ; clk_in       ; clk_in      ; 1.000        ; -0.070     ; 5.458      ;
; -4.526 ; paddle2_ctrl:paddle2_ctrl_inst|count_clk[27] ; paddle2_ctrl:paddle2_ctrl_inst|y_paddle_internal[28] ; clk_in       ; clk_in      ; 1.000        ; -0.070     ; 5.451      ;
; -4.523 ; paddle2_ctrl:paddle2_ctrl_inst|count_clk[20] ; paddle2_ctrl:paddle2_ctrl_inst|y_paddle_internal[31] ; clk_in       ; clk_in      ; 1.000        ; -0.070     ; 5.448      ;
; -4.522 ; paddle2_ctrl:paddle2_ctrl_inst|count_clk[31] ; paddle1_ctrl:paddle1_ctrl_inst|y_paddle_internal[30] ; clk_in       ; clk_in      ; 1.000        ; -0.066     ; 5.451      ;
; -4.522 ; paddle2_ctrl:paddle2_ctrl_inst|count_clk[19] ; paddle2_ctrl:paddle2_ctrl_inst|y_paddle_internal[30] ; clk_in       ; clk_in      ; 1.000        ; -0.070     ; 5.447      ;
; -4.518 ; paddle2_ctrl:paddle2_ctrl_inst|count_clk[19] ; paddle2_ctrl:paddle2_ctrl_inst|y_paddle_internal[31] ; clk_in       ; clk_in      ; 1.000        ; -0.070     ; 5.443      ;
; -4.512 ; paddle2_ctrl:paddle2_ctrl_inst|count_clk[20] ; paddle2_ctrl:paddle2_ctrl_inst|y_paddle_internal[30] ; clk_in       ; clk_in      ; 1.000        ; -0.070     ; 5.437      ;
; -4.509 ; paddle2_ctrl:paddle2_ctrl_inst|count_clk[28] ; paddle2_ctrl:paddle2_ctrl_inst|y_paddle_internal[28] ; clk_in       ; clk_in      ; 1.000        ; -0.070     ; 5.434      ;
; -4.509 ; paddle2_ctrl:paddle2_ctrl_inst|count_clk[25] ; paddle2_ctrl:paddle2_ctrl_inst|y_paddle_internal[26] ; clk_in       ; clk_in      ; 1.000        ; -0.070     ; 5.434      ;
; -4.508 ; paddle2_ctrl:paddle2_ctrl_inst|count_clk[29] ; paddle2_ctrl:paddle2_ctrl_inst|y_paddle_internal[26] ; clk_in       ; clk_in      ; 1.000        ; -0.070     ; 5.433      ;
; -4.508 ; paddle2_ctrl:paddle2_ctrl_inst|count_clk[27] ; paddle2_ctrl:paddle2_ctrl_inst|y_paddle_internal[29] ; clk_in       ; clk_in      ; 1.000        ; -0.070     ; 5.433      ;
; -4.504 ; paddle2_ctrl:paddle2_ctrl_inst|count_clk[31] ; paddle1_ctrl:paddle1_ctrl_inst|y_paddle_internal[31] ; clk_in       ; clk_in      ; 1.000        ; -0.066     ; 5.433      ;
; -4.503 ; paddle2_ctrl:paddle2_ctrl_inst|count_clk[4]  ; paddle2_ctrl:paddle2_ctrl_inst|y_paddle_internal[29] ; clk_in       ; clk_in      ; 1.000        ; -0.068     ; 5.430      ;
; -4.498 ; paddle2_ctrl:paddle2_ctrl_inst|count_clk[17] ; paddle2_ctrl:paddle2_ctrl_inst|y_paddle_internal[26] ; clk_in       ; clk_in      ; 1.000        ; -0.070     ; 5.423      ;
; -4.494 ; paddle2_ctrl:paddle2_ctrl_inst|count_clk[18] ; paddle2_ctrl:paddle2_ctrl_inst|y_paddle_internal[26] ; clk_in       ; clk_in      ; 1.000        ; -0.070     ; 5.419      ;
; -4.491 ; paddle2_ctrl:paddle2_ctrl_inst|count_clk[28] ; paddle2_ctrl:paddle2_ctrl_inst|y_paddle_internal[29] ; clk_in       ; clk_in      ; 1.000        ; -0.070     ; 5.416      ;
; -4.491 ; paddle2_ctrl:paddle2_ctrl_inst|count_clk[25] ; paddle2_ctrl:paddle2_ctrl_inst|y_paddle_internal[27] ; clk_in       ; clk_in      ; 1.000        ; -0.070     ; 5.416      ;
; -4.490 ; paddle2_ctrl:paddle2_ctrl_inst|count_clk[29] ; paddle2_ctrl:paddle2_ctrl_inst|y_paddle_internal[27] ; clk_in       ; clk_in      ; 1.000        ; -0.070     ; 5.415      ;
; -4.484 ; paddle2_ctrl:paddle2_ctrl_inst|count_clk[26] ; paddle2_ctrl:paddle2_ctrl_inst|y_paddle_internal[24] ; clk_in       ; clk_in      ; 1.000        ; -0.070     ; 5.409      ;
; -4.483 ; paddle2_ctrl:paddle2_ctrl_inst|count_clk[23] ; paddle2_ctrl:paddle2_ctrl_inst|y_paddle_internal[27] ; clk_in       ; clk_in      ; 1.000        ; -0.070     ; 5.408      ;
; -4.480 ; paddle2_ctrl:paddle2_ctrl_inst|count_clk[17] ; paddle2_ctrl:paddle2_ctrl_inst|y_paddle_internal[27] ; clk_in       ; clk_in      ; 1.000        ; -0.070     ; 5.405      ;
; -4.479 ; paddle2_ctrl:paddle2_ctrl_inst|count_clk[22] ; paddle2_ctrl:paddle2_ctrl_inst|y_paddle_internal[29] ; clk_in       ; clk_in      ; 1.000        ; -0.070     ; 5.404      ;
; -4.479 ; paddle2_ctrl:paddle2_ctrl_inst|count_clk[24] ; paddle2_ctrl:paddle2_ctrl_inst|y_paddle_internal[24] ; clk_in       ; clk_in      ; 1.000        ; -0.070     ; 5.404      ;
; -4.476 ; paddle2_ctrl:paddle2_ctrl_inst|count_clk[18] ; paddle2_ctrl:paddle2_ctrl_inst|y_paddle_internal[27] ; clk_in       ; clk_in      ; 1.000        ; -0.070     ; 5.401      ;
; -4.474 ; paddle2_ctrl:paddle2_ctrl_inst|count_clk[23] ; paddle2_ctrl:paddle2_ctrl_inst|y_paddle_internal[26] ; clk_in       ; clk_in      ; 1.000        ; -0.070     ; 5.399      ;
; -4.473 ; paddle2_ctrl:paddle2_ctrl_inst|count_clk[6]  ; paddle2_ctrl:paddle2_ctrl_inst|y_paddle_internal[27] ; clk_in       ; clk_in      ; 1.000        ; -0.068     ; 5.400      ;
; -4.472 ; paddle2_ctrl:paddle2_ctrl_inst|count_clk[15] ; paddle2_ctrl:paddle2_ctrl_inst|y_paddle_internal[28] ; clk_in       ; clk_in      ; 1.000        ; -0.068     ; 5.399      ;
; -4.471 ; paddle2_ctrl:paddle2_ctrl_inst|count_clk[31] ; paddle2_ctrl:paddle2_ctrl_inst|y_paddle_internal[20] ; clk_in       ; clk_in      ; 1.000        ; -0.070     ; 5.396      ;
; -4.469 ; paddle2_ctrl:paddle2_ctrl_inst|count_clk[7]  ; paddle2_ctrl:paddle2_ctrl_inst|y_paddle_internal[30] ; clk_in       ; clk_in      ; 1.000        ; -0.070     ; 5.394      ;
+--------+----------------------------------------------+------------------------------------------------------+--------------+-------------+--------------+------------+------------+


+---------------------------------------------------------------------------------------------------------------------------------------------------------------------------------------------------------------------------------------------------------+
; Slow 1200mV 0C Model Setup: 'vga_controller:vga_controller_inst|clk_25'                                                                                                                                                                                 ;
+--------+-------------------------------------------------------+-------------------------------------------------------+-------------------------------------------+-------------------------------------------+--------------+------------+------------+
; Slack  ; From Node                                             ; To Node                                               ; Launch Clock                              ; Latch Clock                               ; Relationship ; Clock Skew ; Data Delay ;
+--------+-------------------------------------------------------+-------------------------------------------------------+-------------------------------------------+-------------------------------------------+--------------+------------+------------+
; -2.548 ; vga_controller:vga_controller_inst|h_pos_internal[10] ; vga_controller:vga_controller_inst|v_pos_internal[1]  ; vga_controller:vga_controller_inst|clk_25 ; vga_controller:vga_controller_inst|clk_25 ; 1.000        ; -0.058     ; 3.485      ;
; -2.548 ; vga_controller:vga_controller_inst|h_pos_internal[10] ; vga_controller:vga_controller_inst|v_pos_internal[3]  ; vga_controller:vga_controller_inst|clk_25 ; vga_controller:vga_controller_inst|clk_25 ; 1.000        ; -0.058     ; 3.485      ;
; -2.548 ; vga_controller:vga_controller_inst|h_pos_internal[10] ; vga_controller:vga_controller_inst|v_pos_internal[2]  ; vga_controller:vga_controller_inst|clk_25 ; vga_controller:vga_controller_inst|clk_25 ; 1.000        ; -0.058     ; 3.485      ;
; -2.514 ; vga_controller:vga_controller_inst|h_pos_internal[10] ; vga_controller:vga_controller_inst|v_pos_internal[0]  ; vga_controller:vga_controller_inst|clk_25 ; vga_controller:vga_controller_inst|clk_25 ; 1.000        ; -0.059     ; 3.450      ;
; -2.514 ; vga_controller:vga_controller_inst|h_pos_internal[10] ; vga_controller:vga_controller_inst|v_pos_internal[7]  ; vga_controller:vga_controller_inst|clk_25 ; vga_controller:vga_controller_inst|clk_25 ; 1.000        ; -0.059     ; 3.450      ;
; -2.514 ; vga_controller:vga_controller_inst|h_pos_internal[10] ; vga_controller:vga_controller_inst|v_pos_internal[4]  ; vga_controller:vga_controller_inst|clk_25 ; vga_controller:vga_controller_inst|clk_25 ; 1.000        ; -0.059     ; 3.450      ;
; -2.514 ; vga_controller:vga_controller_inst|h_pos_internal[10] ; vga_controller:vga_controller_inst|v_pos_internal[6]  ; vga_controller:vga_controller_inst|clk_25 ; vga_controller:vga_controller_inst|clk_25 ; 1.000        ; -0.059     ; 3.450      ;
; -2.514 ; vga_controller:vga_controller_inst|h_pos_internal[10] ; vga_controller:vga_controller_inst|v_pos_internal[5]  ; vga_controller:vga_controller_inst|clk_25 ; vga_controller:vga_controller_inst|clk_25 ; 1.000        ; -0.059     ; 3.450      ;
; -2.514 ; vga_controller:vga_controller_inst|h_pos_internal[10] ; vga_controller:vga_controller_inst|v_pos_internal[8]  ; vga_controller:vga_controller_inst|clk_25 ; vga_controller:vga_controller_inst|clk_25 ; 1.000        ; -0.059     ; 3.450      ;
; -2.514 ; vga_controller:vga_controller_inst|h_pos_internal[10] ; vga_controller:vga_controller_inst|v_pos_internal[13] ; vga_controller:vga_controller_inst|clk_25 ; vga_controller:vga_controller_inst|clk_25 ; 1.000        ; -0.059     ; 3.450      ;
; -2.514 ; vga_controller:vga_controller_inst|h_pos_internal[10] ; vga_controller:vga_controller_inst|v_pos_internal[12] ; vga_controller:vga_controller_inst|clk_25 ; vga_controller:vga_controller_inst|clk_25 ; 1.000        ; -0.059     ; 3.450      ;
; -2.514 ; vga_controller:vga_controller_inst|h_pos_internal[10] ; vga_controller:vga_controller_inst|v_pos_internal[14] ; vga_controller:vga_controller_inst|clk_25 ; vga_controller:vga_controller_inst|clk_25 ; 1.000        ; -0.059     ; 3.450      ;
; -2.514 ; vga_controller:vga_controller_inst|h_pos_internal[10] ; vga_controller:vga_controller_inst|v_pos_internal[15] ; vga_controller:vga_controller_inst|clk_25 ; vga_controller:vga_controller_inst|clk_25 ; 1.000        ; -0.059     ; 3.450      ;
; -2.514 ; vga_controller:vga_controller_inst|h_pos_internal[10] ; vga_controller:vga_controller_inst|v_pos_internal[10] ; vga_controller:vga_controller_inst|clk_25 ; vga_controller:vga_controller_inst|clk_25 ; 1.000        ; -0.059     ; 3.450      ;
; -2.514 ; vga_controller:vga_controller_inst|h_pos_internal[10] ; vga_controller:vga_controller_inst|v_pos_internal[11] ; vga_controller:vga_controller_inst|clk_25 ; vga_controller:vga_controller_inst|clk_25 ; 1.000        ; -0.059     ; 3.450      ;
; -2.500 ; vga_controller:vga_controller_inst|h_pos_internal[10] ; vga_controller:vga_controller_inst|v_pos_internal[21] ; vga_controller:vga_controller_inst|clk_25 ; vga_controller:vga_controller_inst|clk_25 ; 1.000        ; -0.057     ; 3.438      ;
; -2.500 ; vga_controller:vga_controller_inst|h_pos_internal[10] ; vga_controller:vga_controller_inst|v_pos_internal[20] ; vga_controller:vga_controller_inst|clk_25 ; vga_controller:vga_controller_inst|clk_25 ; 1.000        ; -0.057     ; 3.438      ;
; -2.500 ; vga_controller:vga_controller_inst|h_pos_internal[10] ; vga_controller:vga_controller_inst|v_pos_internal[19] ; vga_controller:vga_controller_inst|clk_25 ; vga_controller:vga_controller_inst|clk_25 ; 1.000        ; -0.057     ; 3.438      ;
; -2.500 ; vga_controller:vga_controller_inst|h_pos_internal[10] ; vga_controller:vga_controller_inst|v_pos_internal[18] ; vga_controller:vga_controller_inst|clk_25 ; vga_controller:vga_controller_inst|clk_25 ; 1.000        ; -0.057     ; 3.438      ;
; -2.500 ; vga_controller:vga_controller_inst|h_pos_internal[10] ; vga_controller:vga_controller_inst|v_pos_internal[25] ; vga_controller:vga_controller_inst|clk_25 ; vga_controller:vga_controller_inst|clk_25 ; 1.000        ; -0.057     ; 3.438      ;
; -2.500 ; vga_controller:vga_controller_inst|h_pos_internal[10] ; vga_controller:vga_controller_inst|v_pos_internal[22] ; vga_controller:vga_controller_inst|clk_25 ; vga_controller:vga_controller_inst|clk_25 ; 1.000        ; -0.057     ; 3.438      ;
; -2.500 ; vga_controller:vga_controller_inst|h_pos_internal[10] ; vga_controller:vga_controller_inst|v_pos_internal[23] ; vga_controller:vga_controller_inst|clk_25 ; vga_controller:vga_controller_inst|clk_25 ; 1.000        ; -0.057     ; 3.438      ;
; -2.500 ; vga_controller:vga_controller_inst|h_pos_internal[10] ; vga_controller:vga_controller_inst|v_pos_internal[24] ; vga_controller:vga_controller_inst|clk_25 ; vga_controller:vga_controller_inst|clk_25 ; 1.000        ; -0.057     ; 3.438      ;
; -2.500 ; vga_controller:vga_controller_inst|h_pos_internal[10] ; vga_controller:vga_controller_inst|v_pos_internal[31] ; vga_controller:vga_controller_inst|clk_25 ; vga_controller:vga_controller_inst|clk_25 ; 1.000        ; -0.057     ; 3.438      ;
; -2.500 ; vga_controller:vga_controller_inst|h_pos_internal[10] ; vga_controller:vga_controller_inst|v_pos_internal[30] ; vga_controller:vga_controller_inst|clk_25 ; vga_controller:vga_controller_inst|clk_25 ; 1.000        ; -0.057     ; 3.438      ;
; -2.500 ; vga_controller:vga_controller_inst|h_pos_internal[10] ; vga_controller:vga_controller_inst|v_pos_internal[16] ; vga_controller:vga_controller_inst|clk_25 ; vga_controller:vga_controller_inst|clk_25 ; 1.000        ; -0.057     ; 3.438      ;
; -2.500 ; vga_controller:vga_controller_inst|h_pos_internal[10] ; vga_controller:vga_controller_inst|v_pos_internal[17] ; vga_controller:vga_controller_inst|clk_25 ; vga_controller:vga_controller_inst|clk_25 ; 1.000        ; -0.057     ; 3.438      ;
; -2.500 ; vga_controller:vga_controller_inst|h_pos_internal[10] ; vga_controller:vga_controller_inst|v_pos_internal[26] ; vga_controller:vga_controller_inst|clk_25 ; vga_controller:vga_controller_inst|clk_25 ; 1.000        ; -0.057     ; 3.438      ;
; -2.500 ; vga_controller:vga_controller_inst|h_pos_internal[10] ; vga_controller:vga_controller_inst|v_pos_internal[29] ; vga_controller:vga_controller_inst|clk_25 ; vga_controller:vga_controller_inst|clk_25 ; 1.000        ; -0.057     ; 3.438      ;
; -2.500 ; vga_controller:vga_controller_inst|h_pos_internal[10] ; vga_controller:vga_controller_inst|v_pos_internal[28] ; vga_controller:vga_controller_inst|clk_25 ; vga_controller:vga_controller_inst|clk_25 ; 1.000        ; -0.057     ; 3.438      ;
; -2.500 ; vga_controller:vga_controller_inst|h_pos_internal[10] ; vga_controller:vga_controller_inst|v_pos_internal[27] ; vga_controller:vga_controller_inst|clk_25 ; vga_controller:vga_controller_inst|clk_25 ; 1.000        ; -0.057     ; 3.438      ;
; -2.451 ; vga_controller:vga_controller_inst|h_pos_internal[11] ; vga_controller:vga_controller_inst|v_pos_internal[1]  ; vga_controller:vga_controller_inst|clk_25 ; vga_controller:vga_controller_inst|clk_25 ; 1.000        ; -0.058     ; 3.388      ;
; -2.451 ; vga_controller:vga_controller_inst|h_pos_internal[11] ; vga_controller:vga_controller_inst|v_pos_internal[3]  ; vga_controller:vga_controller_inst|clk_25 ; vga_controller:vga_controller_inst|clk_25 ; 1.000        ; -0.058     ; 3.388      ;
; -2.451 ; vga_controller:vga_controller_inst|h_pos_internal[11] ; vga_controller:vga_controller_inst|v_pos_internal[2]  ; vga_controller:vga_controller_inst|clk_25 ; vga_controller:vga_controller_inst|clk_25 ; 1.000        ; -0.058     ; 3.388      ;
; -2.417 ; vga_controller:vga_controller_inst|h_pos_internal[11] ; vga_controller:vga_controller_inst|v_pos_internal[0]  ; vga_controller:vga_controller_inst|clk_25 ; vga_controller:vga_controller_inst|clk_25 ; 1.000        ; -0.059     ; 3.353      ;
; -2.417 ; vga_controller:vga_controller_inst|h_pos_internal[11] ; vga_controller:vga_controller_inst|v_pos_internal[7]  ; vga_controller:vga_controller_inst|clk_25 ; vga_controller:vga_controller_inst|clk_25 ; 1.000        ; -0.059     ; 3.353      ;
; -2.417 ; vga_controller:vga_controller_inst|h_pos_internal[11] ; vga_controller:vga_controller_inst|v_pos_internal[4]  ; vga_controller:vga_controller_inst|clk_25 ; vga_controller:vga_controller_inst|clk_25 ; 1.000        ; -0.059     ; 3.353      ;
; -2.417 ; vga_controller:vga_controller_inst|h_pos_internal[11] ; vga_controller:vga_controller_inst|v_pos_internal[6]  ; vga_controller:vga_controller_inst|clk_25 ; vga_controller:vga_controller_inst|clk_25 ; 1.000        ; -0.059     ; 3.353      ;
; -2.417 ; vga_controller:vga_controller_inst|h_pos_internal[11] ; vga_controller:vga_controller_inst|v_pos_internal[5]  ; vga_controller:vga_controller_inst|clk_25 ; vga_controller:vga_controller_inst|clk_25 ; 1.000        ; -0.059     ; 3.353      ;
; -2.417 ; vga_controller:vga_controller_inst|h_pos_internal[11] ; vga_controller:vga_controller_inst|v_pos_internal[8]  ; vga_controller:vga_controller_inst|clk_25 ; vga_controller:vga_controller_inst|clk_25 ; 1.000        ; -0.059     ; 3.353      ;
; -2.417 ; vga_controller:vga_controller_inst|h_pos_internal[11] ; vga_controller:vga_controller_inst|v_pos_internal[13] ; vga_controller:vga_controller_inst|clk_25 ; vga_controller:vga_controller_inst|clk_25 ; 1.000        ; -0.059     ; 3.353      ;
; -2.417 ; vga_controller:vga_controller_inst|h_pos_internal[11] ; vga_controller:vga_controller_inst|v_pos_internal[12] ; vga_controller:vga_controller_inst|clk_25 ; vga_controller:vga_controller_inst|clk_25 ; 1.000        ; -0.059     ; 3.353      ;
; -2.417 ; vga_controller:vga_controller_inst|h_pos_internal[11] ; vga_controller:vga_controller_inst|v_pos_internal[14] ; vga_controller:vga_controller_inst|clk_25 ; vga_controller:vga_controller_inst|clk_25 ; 1.000        ; -0.059     ; 3.353      ;
; -2.417 ; vga_controller:vga_controller_inst|h_pos_internal[11] ; vga_controller:vga_controller_inst|v_pos_internal[15] ; vga_controller:vga_controller_inst|clk_25 ; vga_controller:vga_controller_inst|clk_25 ; 1.000        ; -0.059     ; 3.353      ;
; -2.417 ; vga_controller:vga_controller_inst|h_pos_internal[11] ; vga_controller:vga_controller_inst|v_pos_internal[10] ; vga_controller:vga_controller_inst|clk_25 ; vga_controller:vga_controller_inst|clk_25 ; 1.000        ; -0.059     ; 3.353      ;
; -2.417 ; vga_controller:vga_controller_inst|h_pos_internal[11] ; vga_controller:vga_controller_inst|v_pos_internal[11] ; vga_controller:vga_controller_inst|clk_25 ; vga_controller:vga_controller_inst|clk_25 ; 1.000        ; -0.059     ; 3.353      ;
; -2.404 ; vga_controller:vga_controller_inst|h_pos_internal[11] ; vga_controller:vga_controller_inst|v_pos_internal[21] ; vga_controller:vga_controller_inst|clk_25 ; vga_controller:vga_controller_inst|clk_25 ; 1.000        ; -0.057     ; 3.342      ;
; -2.404 ; vga_controller:vga_controller_inst|h_pos_internal[11] ; vga_controller:vga_controller_inst|v_pos_internal[20] ; vga_controller:vga_controller_inst|clk_25 ; vga_controller:vga_controller_inst|clk_25 ; 1.000        ; -0.057     ; 3.342      ;
; -2.404 ; vga_controller:vga_controller_inst|h_pos_internal[11] ; vga_controller:vga_controller_inst|v_pos_internal[19] ; vga_controller:vga_controller_inst|clk_25 ; vga_controller:vga_controller_inst|clk_25 ; 1.000        ; -0.057     ; 3.342      ;
; -2.404 ; vga_controller:vga_controller_inst|h_pos_internal[11] ; vga_controller:vga_controller_inst|v_pos_internal[18] ; vga_controller:vga_controller_inst|clk_25 ; vga_controller:vga_controller_inst|clk_25 ; 1.000        ; -0.057     ; 3.342      ;
; -2.404 ; vga_controller:vga_controller_inst|h_pos_internal[11] ; vga_controller:vga_controller_inst|v_pos_internal[25] ; vga_controller:vga_controller_inst|clk_25 ; vga_controller:vga_controller_inst|clk_25 ; 1.000        ; -0.057     ; 3.342      ;
; -2.404 ; vga_controller:vga_controller_inst|h_pos_internal[11] ; vga_controller:vga_controller_inst|v_pos_internal[22] ; vga_controller:vga_controller_inst|clk_25 ; vga_controller:vga_controller_inst|clk_25 ; 1.000        ; -0.057     ; 3.342      ;
; -2.404 ; vga_controller:vga_controller_inst|h_pos_internal[11] ; vga_controller:vga_controller_inst|v_pos_internal[23] ; vga_controller:vga_controller_inst|clk_25 ; vga_controller:vga_controller_inst|clk_25 ; 1.000        ; -0.057     ; 3.342      ;
; -2.404 ; vga_controller:vga_controller_inst|h_pos_internal[11] ; vga_controller:vga_controller_inst|v_pos_internal[24] ; vga_controller:vga_controller_inst|clk_25 ; vga_controller:vga_controller_inst|clk_25 ; 1.000        ; -0.057     ; 3.342      ;
; -2.404 ; vga_controller:vga_controller_inst|h_pos_internal[11] ; vga_controller:vga_controller_inst|v_pos_internal[31] ; vga_controller:vga_controller_inst|clk_25 ; vga_controller:vga_controller_inst|clk_25 ; 1.000        ; -0.057     ; 3.342      ;
; -2.404 ; vga_controller:vga_controller_inst|h_pos_internal[11] ; vga_controller:vga_controller_inst|v_pos_internal[30] ; vga_controller:vga_controller_inst|clk_25 ; vga_controller:vga_controller_inst|clk_25 ; 1.000        ; -0.057     ; 3.342      ;
; -2.404 ; vga_controller:vga_controller_inst|h_pos_internal[11] ; vga_controller:vga_controller_inst|v_pos_internal[16] ; vga_controller:vga_controller_inst|clk_25 ; vga_controller:vga_controller_inst|clk_25 ; 1.000        ; -0.057     ; 3.342      ;
; -2.404 ; vga_controller:vga_controller_inst|h_pos_internal[11] ; vga_controller:vga_controller_inst|v_pos_internal[17] ; vga_controller:vga_controller_inst|clk_25 ; vga_controller:vga_controller_inst|clk_25 ; 1.000        ; -0.057     ; 3.342      ;
; -2.404 ; vga_controller:vga_controller_inst|h_pos_internal[11] ; vga_controller:vga_controller_inst|v_pos_internal[26] ; vga_controller:vga_controller_inst|clk_25 ; vga_controller:vga_controller_inst|clk_25 ; 1.000        ; -0.057     ; 3.342      ;
; -2.404 ; vga_controller:vga_controller_inst|h_pos_internal[11] ; vga_controller:vga_controller_inst|v_pos_internal[29] ; vga_controller:vga_controller_inst|clk_25 ; vga_controller:vga_controller_inst|clk_25 ; 1.000        ; -0.057     ; 3.342      ;
; -2.404 ; vga_controller:vga_controller_inst|h_pos_internal[11] ; vga_controller:vga_controller_inst|v_pos_internal[28] ; vga_controller:vga_controller_inst|clk_25 ; vga_controller:vga_controller_inst|clk_25 ; 1.000        ; -0.057     ; 3.342      ;
; -2.404 ; vga_controller:vga_controller_inst|h_pos_internal[11] ; vga_controller:vga_controller_inst|v_pos_internal[27] ; vga_controller:vga_controller_inst|clk_25 ; vga_controller:vga_controller_inst|clk_25 ; 1.000        ; -0.057     ; 3.342      ;
; -2.398 ; vga_controller:vga_controller_inst|h_pos_internal[30] ; vga_controller:vga_controller_inst|v_pos_internal[1]  ; vga_controller:vga_controller_inst|clk_25 ; vga_controller:vga_controller_inst|clk_25 ; 1.000        ; -0.059     ; 3.334      ;
; -2.398 ; vga_controller:vga_controller_inst|h_pos_internal[30] ; vga_controller:vga_controller_inst|v_pos_internal[3]  ; vga_controller:vga_controller_inst|clk_25 ; vga_controller:vga_controller_inst|clk_25 ; 1.000        ; -0.059     ; 3.334      ;
; -2.398 ; vga_controller:vga_controller_inst|h_pos_internal[30] ; vga_controller:vga_controller_inst|v_pos_internal[2]  ; vga_controller:vga_controller_inst|clk_25 ; vga_controller:vga_controller_inst|clk_25 ; 1.000        ; -0.059     ; 3.334      ;
; -2.364 ; vga_controller:vga_controller_inst|h_pos_internal[30] ; vga_controller:vga_controller_inst|v_pos_internal[0]  ; vga_controller:vga_controller_inst|clk_25 ; vga_controller:vga_controller_inst|clk_25 ; 1.000        ; -0.060     ; 3.299      ;
; -2.364 ; vga_controller:vga_controller_inst|h_pos_internal[30] ; vga_controller:vga_controller_inst|v_pos_internal[7]  ; vga_controller:vga_controller_inst|clk_25 ; vga_controller:vga_controller_inst|clk_25 ; 1.000        ; -0.060     ; 3.299      ;
; -2.364 ; vga_controller:vga_controller_inst|h_pos_internal[30] ; vga_controller:vga_controller_inst|v_pos_internal[4]  ; vga_controller:vga_controller_inst|clk_25 ; vga_controller:vga_controller_inst|clk_25 ; 1.000        ; -0.060     ; 3.299      ;
; -2.364 ; vga_controller:vga_controller_inst|h_pos_internal[30] ; vga_controller:vga_controller_inst|v_pos_internal[6]  ; vga_controller:vga_controller_inst|clk_25 ; vga_controller:vga_controller_inst|clk_25 ; 1.000        ; -0.060     ; 3.299      ;
; -2.364 ; vga_controller:vga_controller_inst|h_pos_internal[30] ; vga_controller:vga_controller_inst|v_pos_internal[5]  ; vga_controller:vga_controller_inst|clk_25 ; vga_controller:vga_controller_inst|clk_25 ; 1.000        ; -0.060     ; 3.299      ;
; -2.364 ; vga_controller:vga_controller_inst|h_pos_internal[30] ; vga_controller:vga_controller_inst|v_pos_internal[8]  ; vga_controller:vga_controller_inst|clk_25 ; vga_controller:vga_controller_inst|clk_25 ; 1.000        ; -0.060     ; 3.299      ;
; -2.364 ; vga_controller:vga_controller_inst|h_pos_internal[30] ; vga_controller:vga_controller_inst|v_pos_internal[13] ; vga_controller:vga_controller_inst|clk_25 ; vga_controller:vga_controller_inst|clk_25 ; 1.000        ; -0.060     ; 3.299      ;
; -2.364 ; vga_controller:vga_controller_inst|h_pos_internal[30] ; vga_controller:vga_controller_inst|v_pos_internal[12] ; vga_controller:vga_controller_inst|clk_25 ; vga_controller:vga_controller_inst|clk_25 ; 1.000        ; -0.060     ; 3.299      ;
; -2.364 ; vga_controller:vga_controller_inst|h_pos_internal[30] ; vga_controller:vga_controller_inst|v_pos_internal[14] ; vga_controller:vga_controller_inst|clk_25 ; vga_controller:vga_controller_inst|clk_25 ; 1.000        ; -0.060     ; 3.299      ;
; -2.364 ; vga_controller:vga_controller_inst|h_pos_internal[30] ; vga_controller:vga_controller_inst|v_pos_internal[15] ; vga_controller:vga_controller_inst|clk_25 ; vga_controller:vga_controller_inst|clk_25 ; 1.000        ; -0.060     ; 3.299      ;
; -2.364 ; vga_controller:vga_controller_inst|h_pos_internal[30] ; vga_controller:vga_controller_inst|v_pos_internal[10] ; vga_controller:vga_controller_inst|clk_25 ; vga_controller:vga_controller_inst|clk_25 ; 1.000        ; -0.060     ; 3.299      ;
; -2.364 ; vga_controller:vga_controller_inst|h_pos_internal[30] ; vga_controller:vga_controller_inst|v_pos_internal[11] ; vga_controller:vga_controller_inst|clk_25 ; vga_controller:vga_controller_inst|clk_25 ; 1.000        ; -0.060     ; 3.299      ;
; -2.350 ; vga_controller:vga_controller_inst|h_pos_internal[30] ; vga_controller:vga_controller_inst|v_pos_internal[21] ; vga_controller:vga_controller_inst|clk_25 ; vga_controller:vga_controller_inst|clk_25 ; 1.000        ; -0.058     ; 3.287      ;
; -2.350 ; vga_controller:vga_controller_inst|h_pos_internal[30] ; vga_controller:vga_controller_inst|v_pos_internal[20] ; vga_controller:vga_controller_inst|clk_25 ; vga_controller:vga_controller_inst|clk_25 ; 1.000        ; -0.058     ; 3.287      ;
; -2.350 ; vga_controller:vga_controller_inst|h_pos_internal[30] ; vga_controller:vga_controller_inst|v_pos_internal[19] ; vga_controller:vga_controller_inst|clk_25 ; vga_controller:vga_controller_inst|clk_25 ; 1.000        ; -0.058     ; 3.287      ;
; -2.350 ; vga_controller:vga_controller_inst|h_pos_internal[30] ; vga_controller:vga_controller_inst|v_pos_internal[18] ; vga_controller:vga_controller_inst|clk_25 ; vga_controller:vga_controller_inst|clk_25 ; 1.000        ; -0.058     ; 3.287      ;
; -2.350 ; vga_controller:vga_controller_inst|h_pos_internal[30] ; vga_controller:vga_controller_inst|v_pos_internal[25] ; vga_controller:vga_controller_inst|clk_25 ; vga_controller:vga_controller_inst|clk_25 ; 1.000        ; -0.058     ; 3.287      ;
; -2.350 ; vga_controller:vga_controller_inst|h_pos_internal[30] ; vga_controller:vga_controller_inst|v_pos_internal[22] ; vga_controller:vga_controller_inst|clk_25 ; vga_controller:vga_controller_inst|clk_25 ; 1.000        ; -0.058     ; 3.287      ;
; -2.350 ; vga_controller:vga_controller_inst|h_pos_internal[30] ; vga_controller:vga_controller_inst|v_pos_internal[23] ; vga_controller:vga_controller_inst|clk_25 ; vga_controller:vga_controller_inst|clk_25 ; 1.000        ; -0.058     ; 3.287      ;
; -2.350 ; vga_controller:vga_controller_inst|h_pos_internal[30] ; vga_controller:vga_controller_inst|v_pos_internal[24] ; vga_controller:vga_controller_inst|clk_25 ; vga_controller:vga_controller_inst|clk_25 ; 1.000        ; -0.058     ; 3.287      ;
; -2.350 ; vga_controller:vga_controller_inst|h_pos_internal[30] ; vga_controller:vga_controller_inst|v_pos_internal[31] ; vga_controller:vga_controller_inst|clk_25 ; vga_controller:vga_controller_inst|clk_25 ; 1.000        ; -0.058     ; 3.287      ;
; -2.350 ; vga_controller:vga_controller_inst|h_pos_internal[30] ; vga_controller:vga_controller_inst|v_pos_internal[30] ; vga_controller:vga_controller_inst|clk_25 ; vga_controller:vga_controller_inst|clk_25 ; 1.000        ; -0.058     ; 3.287      ;
; -2.350 ; vga_controller:vga_controller_inst|h_pos_internal[30] ; vga_controller:vga_controller_inst|v_pos_internal[16] ; vga_controller:vga_controller_inst|clk_25 ; vga_controller:vga_controller_inst|clk_25 ; 1.000        ; -0.058     ; 3.287      ;
; -2.350 ; vga_controller:vga_controller_inst|h_pos_internal[30] ; vga_controller:vga_controller_inst|v_pos_internal[17] ; vga_controller:vga_controller_inst|clk_25 ; vga_controller:vga_controller_inst|clk_25 ; 1.000        ; -0.058     ; 3.287      ;
; -2.350 ; vga_controller:vga_controller_inst|h_pos_internal[30] ; vga_controller:vga_controller_inst|v_pos_internal[26] ; vga_controller:vga_controller_inst|clk_25 ; vga_controller:vga_controller_inst|clk_25 ; 1.000        ; -0.058     ; 3.287      ;
; -2.350 ; vga_controller:vga_controller_inst|h_pos_internal[30] ; vga_controller:vga_controller_inst|v_pos_internal[29] ; vga_controller:vga_controller_inst|clk_25 ; vga_controller:vga_controller_inst|clk_25 ; 1.000        ; -0.058     ; 3.287      ;
; -2.350 ; vga_controller:vga_controller_inst|h_pos_internal[30] ; vga_controller:vga_controller_inst|v_pos_internal[28] ; vga_controller:vga_controller_inst|clk_25 ; vga_controller:vga_controller_inst|clk_25 ; 1.000        ; -0.058     ; 3.287      ;
; -2.350 ; vga_controller:vga_controller_inst|h_pos_internal[30] ; vga_controller:vga_controller_inst|v_pos_internal[27] ; vga_controller:vga_controller_inst|clk_25 ; vga_controller:vga_controller_inst|clk_25 ; 1.000        ; -0.058     ; 3.287      ;
; -2.197 ; vga_controller:vga_controller_inst|h_pos_internal[31] ; vga_controller:vga_controller_inst|v_pos_internal[1]  ; vga_controller:vga_controller_inst|clk_25 ; vga_controller:vga_controller_inst|clk_25 ; 1.000        ; -0.059     ; 3.133      ;
; -2.197 ; vga_controller:vga_controller_inst|h_pos_internal[31] ; vga_controller:vga_controller_inst|v_pos_internal[3]  ; vga_controller:vga_controller_inst|clk_25 ; vga_controller:vga_controller_inst|clk_25 ; 1.000        ; -0.059     ; 3.133      ;
; -2.197 ; vga_controller:vga_controller_inst|h_pos_internal[31] ; vga_controller:vga_controller_inst|v_pos_internal[2]  ; vga_controller:vga_controller_inst|clk_25 ; vga_controller:vga_controller_inst|clk_25 ; 1.000        ; -0.059     ; 3.133      ;
; -2.196 ; vga_controller:vga_controller_inst|h_pos_internal[10] ; vga_controller:vga_controller_inst|v_pos_internal[9]  ; vga_controller:vga_controller_inst|clk_25 ; vga_controller:vga_controller_inst|clk_25 ; 1.000        ; -0.055     ; 3.136      ;
; -2.191 ; vga_controller:vga_controller_inst|h_pos_internal[0]  ; vga_controller:vga_controller_inst|h_pos_internal[31] ; vga_controller:vga_controller_inst|clk_25 ; vga_controller:vga_controller_inst|clk_25 ; 1.000        ; -0.055     ; 3.131      ;
; -2.177 ; vga_controller:vga_controller_inst|h_pos_internal[15] ; vga_controller:vga_controller_inst|v_pos_internal[1]  ; vga_controller:vga_controller_inst|clk_25 ; vga_controller:vga_controller_inst|clk_25 ; 1.000        ; -0.058     ; 3.114      ;
; -2.177 ; vga_controller:vga_controller_inst|h_pos_internal[15] ; vga_controller:vga_controller_inst|v_pos_internal[3]  ; vga_controller:vga_controller_inst|clk_25 ; vga_controller:vga_controller_inst|clk_25 ; 1.000        ; -0.058     ; 3.114      ;
+--------+-------------------------------------------------------+-------------------------------------------------------+-------------------------------------------+-------------------------------------------+--------------+------------+------------+


+-----------------------------------------------------------------------------------------------------------------------------------------------------------------------------------------------------------------------+
; Slow 1200mV 0C Model Hold: 'clk_in'                                                                                                                                                                                   ;
+--------+-----------------------------------------------------+-----------------------------------------------------+-------------------------------------------+-------------+--------------+------------+------------+
; Slack  ; From Node                                           ; To Node                                             ; Launch Clock                              ; Latch Clock ; Relationship ; Clock Skew ; Data Delay ;
+--------+-----------------------------------------------------+-----------------------------------------------------+-------------------------------------------+-------------+--------------+------------+------------+
; -0.035 ; vga_controller:vga_controller_inst|clk_25           ; vga_controller:vga_controller_inst|clk_25           ; vga_controller:vga_controller_inst|clk_25 ; clk_in      ; 0.000        ; 2.231      ; 2.550      ;
; 0.292  ; debounce_pb:debounce_paddleup2|button_state         ; debounce_pb:debounce_paddleup2|button_state         ; clk_in                                    ; clk_in      ; 0.000        ; 0.055      ; 0.511      ;
; 0.292  ; debounce_pb:debounce_paddledwn2|button_state        ; debounce_pb:debounce_paddledwn2|button_state        ; clk_in                                    ; clk_in      ; 0.000        ; 0.055      ; 0.511      ;
; 0.292  ; gameCtrl_FSM:gameCtrl_FSM_inst|fsm.gameRunning      ; gameCtrl_FSM:gameCtrl_FSM_inst|fsm.gameRunning      ; clk_in                                    ; clk_in      ; 0.000        ; 0.055      ; 0.511      ;
; 0.292  ; gameCtrl_FSM:gameCtrl_FSM_inst|fsm.idle             ; gameCtrl_FSM:gameCtrl_FSM_inst|fsm.idle             ; clk_in                                    ; clk_in      ; 0.000        ; 0.055      ; 0.511      ;
; 0.292  ; gameCtrl_FSM:gameCtrl_FSM_inst|fsm.scoreP2          ; gameCtrl_FSM:gameCtrl_FSM_inst|fsm.scoreP2          ; clk_in                                    ; clk_in      ; 0.000        ; 0.055      ; 0.511      ;
; 0.292  ; gameCtrl_FSM:gameCtrl_FSM_inst|P1score_internal[4]  ; gameCtrl_FSM:gameCtrl_FSM_inst|P1score_internal[4]  ; clk_in                                    ; clk_in      ; 0.000        ; 0.055      ; 0.511      ;
; 0.292  ; gameCtrl_FSM:gameCtrl_FSM_inst|P1score_internal[7]  ; gameCtrl_FSM:gameCtrl_FSM_inst|P1score_internal[7]  ; clk_in                                    ; clk_in      ; 0.000        ; 0.055      ; 0.511      ;
; 0.292  ; gameCtrl_FSM:gameCtrl_FSM_inst|P1score_internal[6]  ; gameCtrl_FSM:gameCtrl_FSM_inst|P1score_internal[6]  ; clk_in                                    ; clk_in      ; 0.000        ; 0.055      ; 0.511      ;
; 0.292  ; gameCtrl_FSM:gameCtrl_FSM_inst|P1score_internal[3]  ; gameCtrl_FSM:gameCtrl_FSM_inst|P1score_internal[3]  ; clk_in                                    ; clk_in      ; 0.000        ; 0.055      ; 0.511      ;
; 0.292  ; gameCtrl_FSM:gameCtrl_FSM_inst|P1score_internal[0]  ; gameCtrl_FSM:gameCtrl_FSM_inst|P1score_internal[0]  ; clk_in                                    ; clk_in      ; 0.000        ; 0.055      ; 0.511      ;
; 0.292  ; gameCtrl_FSM:gameCtrl_FSM_inst|P1score_internal[1]  ; gameCtrl_FSM:gameCtrl_FSM_inst|P1score_internal[1]  ; clk_in                                    ; clk_in      ; 0.000        ; 0.055      ; 0.511      ;
; 0.292  ; gameCtrl_FSM:gameCtrl_FSM_inst|P1score_internal[2]  ; gameCtrl_FSM:gameCtrl_FSM_inst|P1score_internal[2]  ; clk_in                                    ; clk_in      ; 0.000        ; 0.055      ; 0.511      ;
; 0.292  ; gameCtrl_FSM:gameCtrl_FSM_inst|P1score_internal[25] ; gameCtrl_FSM:gameCtrl_FSM_inst|P1score_internal[25] ; clk_in                                    ; clk_in      ; 0.000        ; 0.055      ; 0.511      ;
; 0.292  ; gameCtrl_FSM:gameCtrl_FSM_inst|P1score_internal[27] ; gameCtrl_FSM:gameCtrl_FSM_inst|P1score_internal[27] ; clk_in                                    ; clk_in      ; 0.000        ; 0.055      ; 0.511      ;
; 0.292  ; gameCtrl_FSM:gameCtrl_FSM_inst|P2score_internal[18] ; gameCtrl_FSM:gameCtrl_FSM_inst|P2score_internal[18] ; clk_in                                    ; clk_in      ; 0.000        ; 0.055      ; 0.511      ;
; 0.292  ; gameCtrl_FSM:gameCtrl_FSM_inst|P2score_internal[20] ; gameCtrl_FSM:gameCtrl_FSM_inst|P2score_internal[20] ; clk_in                                    ; clk_in      ; 0.000        ; 0.055      ; 0.511      ;
; 0.292  ; gameCtrl_FSM:gameCtrl_FSM_inst|P2score_internal[21] ; gameCtrl_FSM:gameCtrl_FSM_inst|P2score_internal[21] ; clk_in                                    ; clk_in      ; 0.000        ; 0.055      ; 0.511      ;
; 0.292  ; gameCtrl_FSM:gameCtrl_FSM_inst|P2score_internal[25] ; gameCtrl_FSM:gameCtrl_FSM_inst|P2score_internal[25] ; clk_in                                    ; clk_in      ; 0.000        ; 0.055      ; 0.511      ;
; 0.292  ; gameCtrl_FSM:gameCtrl_FSM_inst|P2score_internal[24] ; gameCtrl_FSM:gameCtrl_FSM_inst|P2score_internal[24] ; clk_in                                    ; clk_in      ; 0.000        ; 0.055      ; 0.511      ;
; 0.292  ; gameCtrl_FSM:gameCtrl_FSM_inst|P2score_internal[26] ; gameCtrl_FSM:gameCtrl_FSM_inst|P2score_internal[26] ; clk_in                                    ; clk_in      ; 0.000        ; 0.055      ; 0.511      ;
; 0.292  ; gameCtrl_FSM:gameCtrl_FSM_inst|P2score_internal[5]  ; gameCtrl_FSM:gameCtrl_FSM_inst|P2score_internal[5]  ; clk_in                                    ; clk_in      ; 0.000        ; 0.055      ; 0.511      ;
; 0.292  ; gameCtrl_FSM:gameCtrl_FSM_inst|P2score_internal[9]  ; gameCtrl_FSM:gameCtrl_FSM_inst|P2score_internal[9]  ; clk_in                                    ; clk_in      ; 0.000        ; 0.055      ; 0.511      ;
; 0.292  ; gameCtrl_FSM:gameCtrl_FSM_inst|P2score_internal[11] ; gameCtrl_FSM:gameCtrl_FSM_inst|P2score_internal[11] ; clk_in                                    ; clk_in      ; 0.000        ; 0.055      ; 0.511      ;
; 0.292  ; gameCtrl_FSM:gameCtrl_FSM_inst|P2score_internal[10] ; gameCtrl_FSM:gameCtrl_FSM_inst|P2score_internal[10] ; clk_in                                    ; clk_in      ; 0.000        ; 0.055      ; 0.511      ;
; 0.292  ; gameCtrl_FSM:gameCtrl_FSM_inst|P2score_internal[8]  ; gameCtrl_FSM:gameCtrl_FSM_inst|P2score_internal[8]  ; clk_in                                    ; clk_in      ; 0.000        ; 0.055      ; 0.511      ;
; 0.292  ; gameCtrl_FSM:gameCtrl_FSM_inst|P2score_internal[13] ; gameCtrl_FSM:gameCtrl_FSM_inst|P2score_internal[13] ; clk_in                                    ; clk_in      ; 0.000        ; 0.055      ; 0.511      ;
; 0.292  ; gameCtrl_FSM:gameCtrl_FSM_inst|P2score_internal[14] ; gameCtrl_FSM:gameCtrl_FSM_inst|P2score_internal[14] ; clk_in                                    ; clk_in      ; 0.000        ; 0.055      ; 0.511      ;
; 0.292  ; gameCtrl_FSM:gameCtrl_FSM_inst|P2score_internal[15] ; gameCtrl_FSM:gameCtrl_FSM_inst|P2score_internal[15] ; clk_in                                    ; clk_in      ; 0.000        ; 0.055      ; 0.511      ;
; 0.292  ; gameCtrl_FSM:gameCtrl_FSM_inst|P2score_internal[12] ; gameCtrl_FSM:gameCtrl_FSM_inst|P2score_internal[12] ; clk_in                                    ; clk_in      ; 0.000        ; 0.055      ; 0.511      ;
; 0.293  ; debounce_pb:debounce_startGame|button_state         ; debounce_pb:debounce_startGame|button_state         ; clk_in                                    ; clk_in      ; 0.000        ; 0.054      ; 0.511      ;
; 0.293  ; uart_receiver:uart_receiver_inst|output_byte[2]     ; uart_receiver:uart_receiver_inst|output_byte[2]     ; clk_in                                    ; clk_in      ; 0.000        ; 0.054      ; 0.511      ;
; 0.293  ; uart_receiver:uart_receiver_inst|output_byte[1]     ; uart_receiver:uart_receiver_inst|output_byte[1]     ; clk_in                                    ; clk_in      ; 0.000        ; 0.054      ; 0.511      ;
; 0.293  ; uart_receiver:uart_receiver_inst|output_byte[3]     ; uart_receiver:uart_receiver_inst|output_byte[3]     ; clk_in                                    ; clk_in      ; 0.000        ; 0.054      ; 0.511      ;
; 0.293  ; uart_receiver:uart_receiver_inst|output_byte[7]     ; uart_receiver:uart_receiver_inst|output_byte[7]     ; clk_in                                    ; clk_in      ; 0.000        ; 0.054      ; 0.511      ;
; 0.293  ; uart_receiver:uart_receiver_inst|output_byte[5]     ; uart_receiver:uart_receiver_inst|output_byte[5]     ; clk_in                                    ; clk_in      ; 0.000        ; 0.054      ; 0.511      ;
; 0.293  ; uart_receiver:uart_receiver_inst|output_byte[0]     ; uart_receiver:uart_receiver_inst|output_byte[0]     ; clk_in                                    ; clk_in      ; 0.000        ; 0.054      ; 0.511      ;
; 0.293  ; uart_receiver:uart_receiver_inst|output_byte[4]     ; uart_receiver:uart_receiver_inst|output_byte[4]     ; clk_in                                    ; clk_in      ; 0.000        ; 0.054      ; 0.511      ;
; 0.293  ; uart_receiver:uart_receiver_inst|output_byte[6]     ; uart_receiver:uart_receiver_inst|output_byte[6]     ; clk_in                                    ; clk_in      ; 0.000        ; 0.054      ; 0.511      ;
; 0.293  ; uart_receiver:uart_receiver_inst|fsm_state[1]       ; uart_receiver:uart_receiver_inst|fsm_state[1]       ; clk_in                                    ; clk_in      ; 0.000        ; 0.054      ; 0.511      ;
; 0.293  ; gameCtrl_FSM:gameCtrl_FSM_inst|P1score_internal[31] ; gameCtrl_FSM:gameCtrl_FSM_inst|P1score_internal[31] ; clk_in                                    ; clk_in      ; 0.000        ; 0.054      ; 0.511      ;
; 0.293  ; gameCtrl_FSM:gameCtrl_FSM_inst|P1score_internal[22] ; gameCtrl_FSM:gameCtrl_FSM_inst|P1score_internal[22] ; clk_in                                    ; clk_in      ; 0.000        ; 0.054      ; 0.511      ;
; 0.293  ; gameCtrl_FSM:gameCtrl_FSM_inst|P1score_internal[23] ; gameCtrl_FSM:gameCtrl_FSM_inst|P1score_internal[23] ; clk_in                                    ; clk_in      ; 0.000        ; 0.054      ; 0.511      ;
; 0.293  ; gameCtrl_FSM:gameCtrl_FSM_inst|P1score_internal[30] ; gameCtrl_FSM:gameCtrl_FSM_inst|P1score_internal[30] ; clk_in                                    ; clk_in      ; 0.000        ; 0.054      ; 0.511      ;
; 0.293  ; gameCtrl_FSM:gameCtrl_FSM_inst|P1score_internal[28] ; gameCtrl_FSM:gameCtrl_FSM_inst|P1score_internal[28] ; clk_in                                    ; clk_in      ; 0.000        ; 0.054      ; 0.511      ;
; 0.293  ; gameCtrl_FSM:gameCtrl_FSM_inst|P1score_internal[29] ; gameCtrl_FSM:gameCtrl_FSM_inst|P1score_internal[29] ; clk_in                                    ; clk_in      ; 0.000        ; 0.054      ; 0.511      ;
; 0.293  ; gameCtrl_FSM:gameCtrl_FSM_inst|P1score_internal[5]  ; gameCtrl_FSM:gameCtrl_FSM_inst|P1score_internal[5]  ; clk_in                                    ; clk_in      ; 0.000        ; 0.054      ; 0.511      ;
; 0.293  ; gameCtrl_FSM:gameCtrl_FSM_inst|P1score_internal[13] ; gameCtrl_FSM:gameCtrl_FSM_inst|P1score_internal[13] ; clk_in                                    ; clk_in      ; 0.000        ; 0.054      ; 0.511      ;
; 0.293  ; gameCtrl_FSM:gameCtrl_FSM_inst|P1score_internal[15] ; gameCtrl_FSM:gameCtrl_FSM_inst|P1score_internal[15] ; clk_in                                    ; clk_in      ; 0.000        ; 0.054      ; 0.511      ;
; 0.293  ; gameCtrl_FSM:gameCtrl_FSM_inst|P1score_internal[12] ; gameCtrl_FSM:gameCtrl_FSM_inst|P1score_internal[12] ; clk_in                                    ; clk_in      ; 0.000        ; 0.054      ; 0.511      ;
; 0.293  ; gameCtrl_FSM:gameCtrl_FSM_inst|P1score_internal[14] ; gameCtrl_FSM:gameCtrl_FSM_inst|P1score_internal[14] ; clk_in                                    ; clk_in      ; 0.000        ; 0.054      ; 0.511      ;
; 0.293  ; gameCtrl_FSM:gameCtrl_FSM_inst|P1score_internal[9]  ; gameCtrl_FSM:gameCtrl_FSM_inst|P1score_internal[9]  ; clk_in                                    ; clk_in      ; 0.000        ; 0.054      ; 0.511      ;
; 0.293  ; gameCtrl_FSM:gameCtrl_FSM_inst|P1score_internal[11] ; gameCtrl_FSM:gameCtrl_FSM_inst|P1score_internal[11] ; clk_in                                    ; clk_in      ; 0.000        ; 0.054      ; 0.511      ;
; 0.293  ; gameCtrl_FSM:gameCtrl_FSM_inst|P1score_internal[10] ; gameCtrl_FSM:gameCtrl_FSM_inst|P1score_internal[10] ; clk_in                                    ; clk_in      ; 0.000        ; 0.054      ; 0.511      ;
; 0.293  ; gameCtrl_FSM:gameCtrl_FSM_inst|P1score_internal[8]  ; gameCtrl_FSM:gameCtrl_FSM_inst|P1score_internal[8]  ; clk_in                                    ; clk_in      ; 0.000        ; 0.054      ; 0.511      ;
; 0.293  ; gameCtrl_FSM:gameCtrl_FSM_inst|P1score_internal[21] ; gameCtrl_FSM:gameCtrl_FSM_inst|P1score_internal[21] ; clk_in                                    ; clk_in      ; 0.000        ; 0.054      ; 0.511      ;
; 0.293  ; gameCtrl_FSM:gameCtrl_FSM_inst|P1score_internal[20] ; gameCtrl_FSM:gameCtrl_FSM_inst|P1score_internal[20] ; clk_in                                    ; clk_in      ; 0.000        ; 0.054      ; 0.511      ;
; 0.293  ; gameCtrl_FSM:gameCtrl_FSM_inst|P1score_internal[16] ; gameCtrl_FSM:gameCtrl_FSM_inst|P1score_internal[16] ; clk_in                                    ; clk_in      ; 0.000        ; 0.054      ; 0.511      ;
; 0.293  ; gameCtrl_FSM:gameCtrl_FSM_inst|P1score_internal[19] ; gameCtrl_FSM:gameCtrl_FSM_inst|P1score_internal[19] ; clk_in                                    ; clk_in      ; 0.000        ; 0.054      ; 0.511      ;
; 0.293  ; gameCtrl_FSM:gameCtrl_FSM_inst|P1score_internal[17] ; gameCtrl_FSM:gameCtrl_FSM_inst|P1score_internal[17] ; clk_in                                    ; clk_in      ; 0.000        ; 0.054      ; 0.511      ;
; 0.293  ; gameCtrl_FSM:gameCtrl_FSM_inst|P1score_internal[18] ; gameCtrl_FSM:gameCtrl_FSM_inst|P1score_internal[18] ; clk_in                                    ; clk_in      ; 0.000        ; 0.054      ; 0.511      ;
; 0.293  ; gameCtrl_FSM:gameCtrl_FSM_inst|P1score_internal[26] ; gameCtrl_FSM:gameCtrl_FSM_inst|P1score_internal[26] ; clk_in                                    ; clk_in      ; 0.000        ; 0.054      ; 0.511      ;
; 0.293  ; gameCtrl_FSM:gameCtrl_FSM_inst|P1score_internal[24] ; gameCtrl_FSM:gameCtrl_FSM_inst|P1score_internal[24] ; clk_in                                    ; clk_in      ; 0.000        ; 0.054      ; 0.511      ;
; 0.293  ; gameCtrl_FSM:gameCtrl_FSM_inst|P2score_internal[31] ; gameCtrl_FSM:gameCtrl_FSM_inst|P2score_internal[31] ; clk_in                                    ; clk_in      ; 0.000        ; 0.054      ; 0.511      ;
; 0.293  ; gameCtrl_FSM:gameCtrl_FSM_inst|P2score_internal[22] ; gameCtrl_FSM:gameCtrl_FSM_inst|P2score_internal[22] ; clk_in                                    ; clk_in      ; 0.000        ; 0.054      ; 0.511      ;
; 0.293  ; gameCtrl_FSM:gameCtrl_FSM_inst|P2score_internal[23] ; gameCtrl_FSM:gameCtrl_FSM_inst|P2score_internal[23] ; clk_in                                    ; clk_in      ; 0.000        ; 0.054      ; 0.511      ;
; 0.293  ; gameCtrl_FSM:gameCtrl_FSM_inst|P2score_internal[28] ; gameCtrl_FSM:gameCtrl_FSM_inst|P2score_internal[28] ; clk_in                                    ; clk_in      ; 0.000        ; 0.054      ; 0.511      ;
; 0.293  ; gameCtrl_FSM:gameCtrl_FSM_inst|P2score_internal[30] ; gameCtrl_FSM:gameCtrl_FSM_inst|P2score_internal[30] ; clk_in                                    ; clk_in      ; 0.000        ; 0.054      ; 0.511      ;
; 0.293  ; gameCtrl_FSM:gameCtrl_FSM_inst|P2score_internal[29] ; gameCtrl_FSM:gameCtrl_FSM_inst|P2score_internal[29] ; clk_in                                    ; clk_in      ; 0.000        ; 0.054      ; 0.511      ;
; 0.293  ; gameCtrl_FSM:gameCtrl_FSM_inst|P2score_internal[17] ; gameCtrl_FSM:gameCtrl_FSM_inst|P2score_internal[17] ; clk_in                                    ; clk_in      ; 0.000        ; 0.054      ; 0.511      ;
; 0.293  ; gameCtrl_FSM:gameCtrl_FSM_inst|P2score_internal[19] ; gameCtrl_FSM:gameCtrl_FSM_inst|P2score_internal[19] ; clk_in                                    ; clk_in      ; 0.000        ; 0.054      ; 0.511      ;
; 0.293  ; gameCtrl_FSM:gameCtrl_FSM_inst|P2score_internal[16] ; gameCtrl_FSM:gameCtrl_FSM_inst|P2score_internal[16] ; clk_in                                    ; clk_in      ; 0.000        ; 0.054      ; 0.511      ;
; 0.293  ; gameCtrl_FSM:gameCtrl_FSM_inst|P2score_internal[27] ; gameCtrl_FSM:gameCtrl_FSM_inst|P2score_internal[27] ; clk_in                                    ; clk_in      ; 0.000        ; 0.054      ; 0.511      ;
; 0.293  ; gameCtrl_FSM:gameCtrl_FSM_inst|P2score_internal[7]  ; gameCtrl_FSM:gameCtrl_FSM_inst|P2score_internal[7]  ; clk_in                                    ; clk_in      ; 0.000        ; 0.054      ; 0.511      ;
; 0.293  ; gameCtrl_FSM:gameCtrl_FSM_inst|P2score_internal[4]  ; gameCtrl_FSM:gameCtrl_FSM_inst|P2score_internal[4]  ; clk_in                                    ; clk_in      ; 0.000        ; 0.054      ; 0.511      ;
; 0.293  ; gameCtrl_FSM:gameCtrl_FSM_inst|P2score_internal[6]  ; gameCtrl_FSM:gameCtrl_FSM_inst|P2score_internal[6]  ; clk_in                                    ; clk_in      ; 0.000        ; 0.054      ; 0.511      ;
; 0.293  ; gameCtrl_FSM:gameCtrl_FSM_inst|P2score_internal[3]  ; gameCtrl_FSM:gameCtrl_FSM_inst|P2score_internal[3]  ; clk_in                                    ; clk_in      ; 0.000        ; 0.054      ; 0.511      ;
; 0.293  ; gameCtrl_FSM:gameCtrl_FSM_inst|P2score_internal[0]  ; gameCtrl_FSM:gameCtrl_FSM_inst|P2score_internal[0]  ; clk_in                                    ; clk_in      ; 0.000        ; 0.054      ; 0.511      ;
; 0.293  ; gameCtrl_FSM:gameCtrl_FSM_inst|P2score_internal[1]  ; gameCtrl_FSM:gameCtrl_FSM_inst|P2score_internal[1]  ; clk_in                                    ; clk_in      ; 0.000        ; 0.054      ; 0.511      ;
; 0.293  ; gameCtrl_FSM:gameCtrl_FSM_inst|P2score_internal[2]  ; gameCtrl_FSM:gameCtrl_FSM_inst|P2score_internal[2]  ; clk_in                                    ; clk_in      ; 0.000        ; 0.054      ; 0.511      ;
; 0.300  ; uart_receiver:uart_receiver_inst|fsm_state[2]       ; uart_receiver:uart_receiver_inst|fsm_state[2]       ; clk_in                                    ; clk_in      ; 0.000        ; 0.055      ; 0.519      ;
; 0.328  ; debounce_pb:debounce_paddleup2|clk_counter[18]      ; debounce_pb:debounce_paddleup2|clk_counter[18]      ; clk_in                                    ; clk_in      ; 0.000        ; 0.055      ; 0.547      ;
; 0.329  ; debounce_pb:debounce_startGame|clk_counter[18]      ; debounce_pb:debounce_startGame|clk_counter[18]      ; clk_in                                    ; clk_in      ; 0.000        ; 0.054      ; 0.547      ;
; 0.329  ; debounce_pb:debounce_paddledwn2|clk_counter[18]     ; debounce_pb:debounce_paddledwn2|clk_counter[18]     ; clk_in                                    ; clk_in      ; 0.000        ; 0.054      ; 0.547      ;
; 0.334  ; uart_receiver:uart_receiver_inst|fsm_state[2]       ; uart_receiver:uart_receiver_inst|valid_data         ; clk_in                                    ; clk_in      ; 0.000        ; 0.055      ; 0.553      ;
; 0.335  ; uart_receiver:uart_receiver_inst|fsm_state[2]       ; uart_receiver:uart_receiver_inst|fsm_state[0]       ; clk_in                                    ; clk_in      ; 0.000        ; 0.055      ; 0.554      ;
; 0.362  ; gameCtrl_FSM:gameCtrl_FSM_inst|P1score_internal[2]  ; displayScore_SSD:displayScore_SSD_p1|hex_value[1]   ; clk_in                                    ; clk_in      ; 0.000        ; 0.055      ; 0.581      ;
; 0.364  ; gameCtrl_FSM:gameCtrl_FSM_inst|P1score_internal[2]  ; displayScore_SSD:displayScore_SSD_p1|hex_value[5]   ; clk_in                                    ; clk_in      ; 0.000        ; 0.055      ; 0.583      ;
; 0.366  ; gameCtrl_FSM:gameCtrl_FSM_inst|P1score_internal[2]  ; displayScore_SSD:displayScore_SSD_p1|hex_value[4]   ; clk_in                                    ; clk_in      ; 0.000        ; 0.055      ; 0.585      ;
; 0.367  ; gameCtrl_FSM:gameCtrl_FSM_inst|P1score_internal[2]  ; displayScore_SSD:displayScore_SSD_p1|hex_value[2]   ; clk_in                                    ; clk_in      ; 0.000        ; 0.055      ; 0.586      ;
; 0.373  ; gameCtrl_FSM:gameCtrl_FSM_inst|P1score_internal[2]  ; displayScore_SSD:displayScore_SSD_p1|hex_value[3]   ; clk_in                                    ; clk_in      ; 0.000        ; 0.055      ; 0.592      ;
; 0.377  ; gameCtrl_FSM:gameCtrl_FSM_inst|P1score_internal[2]  ; displayScore_SSD:displayScore_SSD_p1|hex_value[0]   ; clk_in                                    ; clk_in      ; 0.000        ; 0.055      ; 0.596      ;
; 0.451  ; gameCtrl_FSM:gameCtrl_FSM_inst|P2score_internal[0]  ; displayScore_SSD:displayScore_SSD_p2|hex_value[5]   ; clk_in                                    ; clk_in      ; 0.000        ; 0.054      ; 0.669      ;
; 0.453  ; ball_ctrl:ball_ctrl_inst|ball_y_internal[3]         ; ball_ctrl:ball_ctrl_inst|ball_y_p[3]                ; clk_in                                    ; clk_in      ; 0.000        ; 0.055      ; 0.672      ;
; 0.453  ; ball_ctrl:ball_ctrl_inst|ball_y_internal[1]         ; ball_ctrl:ball_ctrl_inst|ball_y_p[1]                ; clk_in                                    ; clk_in      ; 0.000        ; 0.055      ; 0.672      ;
; 0.453  ; gameCtrl_FSM:gameCtrl_FSM_inst|P1score_internal[1]  ; displayScore_SSD:displayScore_SSD_p1|hex_value[3]   ; clk_in                                    ; clk_in      ; 0.000        ; 0.055      ; 0.672      ;
; 0.454  ; gameCtrl_FSM:gameCtrl_FSM_inst|P1score_internal[1]  ; displayScore_SSD:displayScore_SSD_p1|hex_value[0]   ; clk_in                                    ; clk_in      ; 0.000        ; 0.055      ; 0.673      ;
; 0.456  ; gameCtrl_FSM:gameCtrl_FSM_inst|P1score_internal[1]  ; displayScore_SSD:displayScore_SSD_p1|hex_value[4]   ; clk_in                                    ; clk_in      ; 0.000        ; 0.055      ; 0.675      ;
; 0.457  ; gameCtrl_FSM:gameCtrl_FSM_inst|P1score_internal[1]  ; displayScore_SSD:displayScore_SSD_p1|hex_value[2]   ; clk_in                                    ; clk_in      ; 0.000        ; 0.055      ; 0.676      ;
; 0.466  ; gameCtrl_FSM:gameCtrl_FSM_inst|P1score_internal[1]  ; displayScore_SSD:displayScore_SSD_p1|hex_value[5]   ; clk_in                                    ; clk_in      ; 0.000        ; 0.055      ; 0.685      ;
+--------+-----------------------------------------------------+-----------------------------------------------------+-------------------------------------------+-------------+--------------+------------+------------+


+--------------------------------------------------------------------------------------------------------------------------------------------------------------------------------------------------------------------------------------------------------+
; Slow 1200mV 0C Model Hold: 'vga_controller:vga_controller_inst|clk_25'                                                                                                                                                                                 ;
+-------+-------------------------------------------------------+-------------------------------------------------------+-------------------------------------------+-------------------------------------------+--------------+------------+------------+
; Slack ; From Node                                             ; To Node                                               ; Launch Clock                              ; Latch Clock                               ; Relationship ; Clock Skew ; Data Delay ;
+-------+-------------------------------------------------------+-------------------------------------------------------+-------------------------------------------+-------------------------------------------+--------------+------------+------------+
; 0.489 ; vga_controller:vga_controller_inst|h_pos_internal[13] ; vga_controller:vga_controller_inst|h_pos_internal[13] ; vga_controller:vga_controller_inst|clk_25 ; vga_controller:vga_controller_inst|clk_25 ; 0.000        ; 0.056      ; 0.709      ;
; 0.489 ; vga_controller:vga_controller_inst|h_pos_internal[15] ; vga_controller:vga_controller_inst|h_pos_internal[15] ; vga_controller:vga_controller_inst|clk_25 ; vga_controller:vga_controller_inst|clk_25 ; 0.000        ; 0.056      ; 0.709      ;
; 0.489 ; vga_controller:vga_controller_inst|v_pos_internal[13] ; vga_controller:vga_controller_inst|v_pos_internal[13] ; vga_controller:vga_controller_inst|clk_25 ; vga_controller:vga_controller_inst|clk_25 ; 0.000        ; 0.056      ; 0.709      ;
; 0.489 ; vga_controller:vga_controller_inst|v_pos_internal[15] ; vga_controller:vga_controller_inst|v_pos_internal[15] ; vga_controller:vga_controller_inst|clk_25 ; vga_controller:vga_controller_inst|clk_25 ; 0.000        ; 0.056      ; 0.709      ;
; 0.490 ; vga_controller:vga_controller_inst|h_pos_internal[19] ; vga_controller:vga_controller_inst|h_pos_internal[19] ; vga_controller:vga_controller_inst|clk_25 ; vga_controller:vga_controller_inst|clk_25 ; 0.000        ; 0.056      ; 0.710      ;
; 0.490 ; vga_controller:vga_controller_inst|h_pos_internal[11] ; vga_controller:vga_controller_inst|h_pos_internal[11] ; vga_controller:vga_controller_inst|clk_25 ; vga_controller:vga_controller_inst|clk_25 ; 0.000        ; 0.056      ; 0.710      ;
; 0.490 ; vga_controller:vga_controller_inst|h_pos_internal[29] ; vga_controller:vga_controller_inst|h_pos_internal[29] ; vga_controller:vga_controller_inst|clk_25 ; vga_controller:vga_controller_inst|clk_25 ; 0.000        ; 0.056      ; 0.710      ;
; 0.490 ; vga_controller:vga_controller_inst|v_pos_internal[11] ; vga_controller:vga_controller_inst|v_pos_internal[11] ; vga_controller:vga_controller_inst|clk_25 ; vga_controller:vga_controller_inst|clk_25 ; 0.000        ; 0.056      ; 0.710      ;
; 0.491 ; vga_controller:vga_controller_inst|h_pos_internal[21] ; vga_controller:vga_controller_inst|h_pos_internal[21] ; vga_controller:vga_controller_inst|clk_25 ; vga_controller:vga_controller_inst|clk_25 ; 0.000        ; 0.056      ; 0.711      ;
; 0.491 ; vga_controller:vga_controller_inst|h_pos_internal[27] ; vga_controller:vga_controller_inst|h_pos_internal[27] ; vga_controller:vga_controller_inst|clk_25 ; vga_controller:vga_controller_inst|clk_25 ; 0.000        ; 0.056      ; 0.711      ;
; 0.491 ; vga_controller:vga_controller_inst|h_pos_internal[31] ; vga_controller:vga_controller_inst|h_pos_internal[31] ; vga_controller:vga_controller_inst|clk_25 ; vga_controller:vga_controller_inst|clk_25 ; 0.000        ; 0.056      ; 0.711      ;
; 0.491 ; vga_controller:vga_controller_inst|h_pos_internal[17] ; vga_controller:vga_controller_inst|h_pos_internal[17] ; vga_controller:vga_controller_inst|clk_25 ; vga_controller:vga_controller_inst|clk_25 ; 0.000        ; 0.056      ; 0.711      ;
; 0.491 ; vga_controller:vga_controller_inst|v_pos_internal[6]  ; vga_controller:vga_controller_inst|v_pos_internal[6]  ; vga_controller:vga_controller_inst|clk_25 ; vga_controller:vga_controller_inst|clk_25 ; 0.000        ; 0.056      ; 0.711      ;
; 0.491 ; vga_controller:vga_controller_inst|v_pos_internal[19] ; vga_controller:vga_controller_inst|v_pos_internal[19] ; vga_controller:vga_controller_inst|clk_25 ; vga_controller:vga_controller_inst|clk_25 ; 0.000        ; 0.055      ; 0.710      ;
; 0.491 ; vga_controller:vga_controller_inst|v_pos_internal[29] ; vga_controller:vga_controller_inst|v_pos_internal[29] ; vga_controller:vga_controller_inst|clk_25 ; vga_controller:vga_controller_inst|clk_25 ; 0.000        ; 0.055      ; 0.710      ;
; 0.492 ; vga_controller:vga_controller_inst|h_pos_internal[22] ; vga_controller:vga_controller_inst|h_pos_internal[22] ; vga_controller:vga_controller_inst|clk_25 ; vga_controller:vga_controller_inst|clk_25 ; 0.000        ; 0.056      ; 0.712      ;
; 0.492 ; vga_controller:vga_controller_inst|v_pos_internal[21] ; vga_controller:vga_controller_inst|v_pos_internal[21] ; vga_controller:vga_controller_inst|clk_25 ; vga_controller:vga_controller_inst|clk_25 ; 0.000        ; 0.055      ; 0.711      ;
; 0.492 ; vga_controller:vga_controller_inst|v_pos_internal[31] ; vga_controller:vga_controller_inst|v_pos_internal[31] ; vga_controller:vga_controller_inst|clk_25 ; vga_controller:vga_controller_inst|clk_25 ; 0.000        ; 0.055      ; 0.711      ;
; 0.492 ; vga_controller:vga_controller_inst|v_pos_internal[17] ; vga_controller:vga_controller_inst|v_pos_internal[17] ; vga_controller:vga_controller_inst|clk_25 ; vga_controller:vga_controller_inst|clk_25 ; 0.000        ; 0.055      ; 0.711      ;
; 0.492 ; vga_controller:vga_controller_inst|v_pos_internal[27] ; vga_controller:vga_controller_inst|v_pos_internal[27] ; vga_controller:vga_controller_inst|clk_25 ; vga_controller:vga_controller_inst|clk_25 ; 0.000        ; 0.055      ; 0.711      ;
; 0.493 ; vga_controller:vga_controller_inst|h_pos_internal[16] ; vga_controller:vga_controller_inst|h_pos_internal[16] ; vga_controller:vga_controller_inst|clk_25 ; vga_controller:vga_controller_inst|clk_25 ; 0.000        ; 0.056      ; 0.713      ;
; 0.493 ; vga_controller:vga_controller_inst|h_pos_internal[14] ; vga_controller:vga_controller_inst|h_pos_internal[14] ; vga_controller:vga_controller_inst|clk_25 ; vga_controller:vga_controller_inst|clk_25 ; 0.000        ; 0.056      ; 0.713      ;
; 0.493 ; vga_controller:vga_controller_inst|v_pos_internal[22] ; vga_controller:vga_controller_inst|v_pos_internal[22] ; vga_controller:vga_controller_inst|clk_25 ; vga_controller:vga_controller_inst|clk_25 ; 0.000        ; 0.055      ; 0.712      ;
; 0.493 ; vga_controller:vga_controller_inst|v_pos_internal[14] ; vga_controller:vga_controller_inst|v_pos_internal[14] ; vga_controller:vga_controller_inst|clk_25 ; vga_controller:vga_controller_inst|clk_25 ; 0.000        ; 0.056      ; 0.713      ;
; 0.494 ; vga_controller:vga_controller_inst|h_pos_internal[18] ; vga_controller:vga_controller_inst|h_pos_internal[18] ; vga_controller:vga_controller_inst|clk_25 ; vga_controller:vga_controller_inst|clk_25 ; 0.000        ; 0.056      ; 0.714      ;
; 0.494 ; vga_controller:vga_controller_inst|h_pos_internal[23] ; vga_controller:vga_controller_inst|h_pos_internal[23] ; vga_controller:vga_controller_inst|clk_25 ; vga_controller:vga_controller_inst|clk_25 ; 0.000        ; 0.056      ; 0.714      ;
; 0.494 ; vga_controller:vga_controller_inst|h_pos_internal[25] ; vga_controller:vga_controller_inst|h_pos_internal[25] ; vga_controller:vga_controller_inst|clk_25 ; vga_controller:vga_controller_inst|clk_25 ; 0.000        ; 0.056      ; 0.714      ;
; 0.494 ; vga_controller:vga_controller_inst|h_pos_internal[12] ; vga_controller:vga_controller_inst|h_pos_internal[12] ; vga_controller:vga_controller_inst|clk_25 ; vga_controller:vga_controller_inst|clk_25 ; 0.000        ; 0.056      ; 0.714      ;
; 0.494 ; vga_controller:vga_controller_inst|v_pos_internal[12] ; vga_controller:vga_controller_inst|v_pos_internal[12] ; vga_controller:vga_controller_inst|clk_25 ; vga_controller:vga_controller_inst|clk_25 ; 0.000        ; 0.056      ; 0.714      ;
; 0.494 ; vga_controller:vga_controller_inst|v_pos_internal[16] ; vga_controller:vga_controller_inst|v_pos_internal[16] ; vga_controller:vga_controller_inst|clk_25 ; vga_controller:vga_controller_inst|clk_25 ; 0.000        ; 0.055      ; 0.713      ;
; 0.495 ; vga_controller:vga_controller_inst|h_pos_internal[20] ; vga_controller:vga_controller_inst|h_pos_internal[20] ; vga_controller:vga_controller_inst|clk_25 ; vga_controller:vga_controller_inst|clk_25 ; 0.000        ; 0.056      ; 0.715      ;
; 0.495 ; vga_controller:vga_controller_inst|h_pos_internal[30] ; vga_controller:vga_controller_inst|h_pos_internal[30] ; vga_controller:vga_controller_inst|clk_25 ; vga_controller:vga_controller_inst|clk_25 ; 0.000        ; 0.056      ; 0.715      ;
; 0.495 ; vga_controller:vga_controller_inst|h_pos_internal[28] ; vga_controller:vga_controller_inst|h_pos_internal[28] ; vga_controller:vga_controller_inst|clk_25 ; vga_controller:vga_controller_inst|clk_25 ; 0.000        ; 0.056      ; 0.715      ;
; 0.495 ; vga_controller:vga_controller_inst|v_pos_internal[8]  ; vga_controller:vga_controller_inst|v_pos_internal[8]  ; vga_controller:vga_controller_inst|clk_25 ; vga_controller:vga_controller_inst|clk_25 ; 0.000        ; 0.056      ; 0.715      ;
; 0.495 ; vga_controller:vga_controller_inst|v_pos_internal[18] ; vga_controller:vga_controller_inst|v_pos_internal[18] ; vga_controller:vga_controller_inst|clk_25 ; vga_controller:vga_controller_inst|clk_25 ; 0.000        ; 0.055      ; 0.714      ;
; 0.495 ; vga_controller:vga_controller_inst|v_pos_internal[25] ; vga_controller:vga_controller_inst|v_pos_internal[25] ; vga_controller:vga_controller_inst|clk_25 ; vga_controller:vga_controller_inst|clk_25 ; 0.000        ; 0.055      ; 0.714      ;
; 0.495 ; vga_controller:vga_controller_inst|v_pos_internal[23] ; vga_controller:vga_controller_inst|v_pos_internal[23] ; vga_controller:vga_controller_inst|clk_25 ; vga_controller:vga_controller_inst|clk_25 ; 0.000        ; 0.055      ; 0.714      ;
; 0.495 ; vga_controller:vga_controller_inst|v_pos_internal[10] ; vga_controller:vga_controller_inst|v_pos_internal[10] ; vga_controller:vga_controller_inst|clk_25 ; vga_controller:vga_controller_inst|clk_25 ; 0.000        ; 0.056      ; 0.715      ;
; 0.496 ; vga_controller:vga_controller_inst|h_pos_internal[24] ; vga_controller:vga_controller_inst|h_pos_internal[24] ; vga_controller:vga_controller_inst|clk_25 ; vga_controller:vga_controller_inst|clk_25 ; 0.000        ; 0.056      ; 0.716      ;
; 0.496 ; vga_controller:vga_controller_inst|h_pos_internal[26] ; vga_controller:vga_controller_inst|h_pos_internal[26] ; vga_controller:vga_controller_inst|clk_25 ; vga_controller:vga_controller_inst|clk_25 ; 0.000        ; 0.056      ; 0.716      ;
; 0.496 ; vga_controller:vga_controller_inst|v_pos_internal[20] ; vga_controller:vga_controller_inst|v_pos_internal[20] ; vga_controller:vga_controller_inst|clk_25 ; vga_controller:vga_controller_inst|clk_25 ; 0.000        ; 0.055      ; 0.715      ;
; 0.496 ; vga_controller:vga_controller_inst|v_pos_internal[30] ; vga_controller:vga_controller_inst|v_pos_internal[30] ; vga_controller:vga_controller_inst|clk_25 ; vga_controller:vga_controller_inst|clk_25 ; 0.000        ; 0.055      ; 0.715      ;
; 0.496 ; vga_controller:vga_controller_inst|v_pos_internal[28] ; vga_controller:vga_controller_inst|v_pos_internal[28] ; vga_controller:vga_controller_inst|clk_25 ; vga_controller:vga_controller_inst|clk_25 ; 0.000        ; 0.055      ; 0.715      ;
; 0.497 ; vga_controller:vga_controller_inst|v_pos_internal[24] ; vga_controller:vga_controller_inst|v_pos_internal[24] ; vga_controller:vga_controller_inst|clk_25 ; vga_controller:vga_controller_inst|clk_25 ; 0.000        ; 0.055      ; 0.716      ;
; 0.497 ; vga_controller:vga_controller_inst|v_pos_internal[26] ; vga_controller:vga_controller_inst|v_pos_internal[26] ; vga_controller:vga_controller_inst|clk_25 ; vga_controller:vga_controller_inst|clk_25 ; 0.000        ; 0.055      ; 0.716      ;
; 0.506 ; vga_controller:vga_controller_inst|h_pos_internal[3]  ; vga_controller:vga_controller_inst|h_pos_internal[3]  ; vga_controller:vga_controller_inst|clk_25 ; vga_controller:vga_controller_inst|clk_25 ; 0.000        ; 0.056      ; 0.726      ;
; 0.507 ; vga_controller:vga_controller_inst|v_pos_internal[5]  ; vga_controller:vga_controller_inst|v_pos_internal[5]  ; vga_controller:vga_controller_inst|clk_25 ; vga_controller:vga_controller_inst|clk_25 ; 0.000        ; 0.056      ; 0.727      ;
; 0.508 ; vga_controller:vga_controller_inst|h_pos_internal[6]  ; vga_controller:vga_controller_inst|h_pos_internal[6]  ; vga_controller:vga_controller_inst|clk_25 ; vga_controller:vga_controller_inst|clk_25 ; 0.000        ; 0.056      ; 0.728      ;
; 0.508 ; vga_controller:vga_controller_inst|h_pos_internal[1]  ; vga_controller:vga_controller_inst|h_pos_internal[1]  ; vga_controller:vga_controller_inst|clk_25 ; vga_controller:vga_controller_inst|clk_25 ; 0.000        ; 0.056      ; 0.728      ;
; 0.510 ; vga_controller:vga_controller_inst|h_pos_internal[7]  ; vga_controller:vga_controller_inst|h_pos_internal[7]  ; vga_controller:vga_controller_inst|clk_25 ; vga_controller:vga_controller_inst|clk_25 ; 0.000        ; 0.056      ; 0.730      ;
; 0.510 ; vga_controller:vga_controller_inst|h_pos_internal[2]  ; vga_controller:vga_controller_inst|h_pos_internal[2]  ; vga_controller:vga_controller_inst|clk_25 ; vga_controller:vga_controller_inst|clk_25 ; 0.000        ; 0.056      ; 0.730      ;
; 0.510 ; vga_controller:vga_controller_inst|v_pos_internal[7]  ; vga_controller:vga_controller_inst|v_pos_internal[7]  ; vga_controller:vga_controller_inst|clk_25 ; vga_controller:vga_controller_inst|clk_25 ; 0.000        ; 0.056      ; 0.730      ;
; 0.512 ; vga_controller:vga_controller_inst|h_pos_internal[4]  ; vga_controller:vga_controller_inst|h_pos_internal[4]  ; vga_controller:vga_controller_inst|clk_25 ; vga_controller:vga_controller_inst|clk_25 ; 0.000        ; 0.056      ; 0.732      ;
; 0.512 ; vga_controller:vga_controller_inst|h_pos_internal[10] ; vga_controller:vga_controller_inst|h_pos_internal[10] ; vga_controller:vga_controller_inst|clk_25 ; vga_controller:vga_controller_inst|clk_25 ; 0.000        ; 0.056      ; 0.732      ;
; 0.512 ; vga_controller:vga_controller_inst|v_pos_internal[4]  ; vga_controller:vga_controller_inst|v_pos_internal[4]  ; vga_controller:vga_controller_inst|clk_25 ; vga_controller:vga_controller_inst|clk_25 ; 0.000        ; 0.056      ; 0.732      ;
; 0.525 ; vga_controller:vga_controller_inst|v_pos_internal[0]  ; vga_controller:vga_controller_inst|v_pos_internal[0]  ; vga_controller:vga_controller_inst|clk_25 ; vga_controller:vga_controller_inst|clk_25 ; 0.000        ; 0.056      ; 0.745      ;
; 0.633 ; vga_controller:vga_controller_inst|h_pos_internal[8]  ; vga_controller:vga_controller_inst|Hsync              ; vga_controller:vga_controller_inst|clk_25 ; vga_controller:vga_controller_inst|clk_25 ; 0.000        ; 0.054      ; 0.851      ;
; 0.732 ; vga_controller:vga_controller_inst|h_pos_internal[15] ; vga_controller:vga_controller_inst|h_pos_internal[16] ; vga_controller:vga_controller_inst|clk_25 ; vga_controller:vga_controller_inst|clk_25 ; 0.000        ; 0.057      ; 0.953      ;
; 0.732 ; vga_controller:vga_controller_inst|v_pos_internal[15] ; vga_controller:vga_controller_inst|v_pos_internal[16] ; vga_controller:vga_controller_inst|clk_25 ; vga_controller:vga_controller_inst|clk_25 ; 0.000        ; 0.057      ; 0.953      ;
; 0.733 ; vga_controller:vga_controller_inst|h_pos_internal[13] ; vga_controller:vga_controller_inst|h_pos_internal[14] ; vga_controller:vga_controller_inst|clk_25 ; vga_controller:vga_controller_inst|clk_25 ; 0.000        ; 0.056      ; 0.953      ;
; 0.733 ; vga_controller:vga_controller_inst|v_pos_internal[13] ; vga_controller:vga_controller_inst|v_pos_internal[14] ; vga_controller:vga_controller_inst|clk_25 ; vga_controller:vga_controller_inst|clk_25 ; 0.000        ; 0.056      ; 0.953      ;
; 0.734 ; vga_controller:vga_controller_inst|h_pos_internal[11] ; vga_controller:vga_controller_inst|h_pos_internal[12] ; vga_controller:vga_controller_inst|clk_25 ; vga_controller:vga_controller_inst|clk_25 ; 0.000        ; 0.056      ; 0.954      ;
; 0.734 ; vga_controller:vga_controller_inst|v_pos_internal[11] ; vga_controller:vga_controller_inst|v_pos_internal[12] ; vga_controller:vga_controller_inst|clk_25 ; vga_controller:vga_controller_inst|clk_25 ; 0.000        ; 0.056      ; 0.954      ;
; 0.734 ; vga_controller:vga_controller_inst|h_pos_internal[19] ; vga_controller:vga_controller_inst|h_pos_internal[20] ; vga_controller:vga_controller_inst|clk_25 ; vga_controller:vga_controller_inst|clk_25 ; 0.000        ; 0.056      ; 0.954      ;
; 0.734 ; vga_controller:vga_controller_inst|h_pos_internal[29] ; vga_controller:vga_controller_inst|h_pos_internal[30] ; vga_controller:vga_controller_inst|clk_25 ; vga_controller:vga_controller_inst|clk_25 ; 0.000        ; 0.056      ; 0.954      ;
; 0.735 ; vga_controller:vga_controller_inst|h_pos_internal[21] ; vga_controller:vga_controller_inst|h_pos_internal[22] ; vga_controller:vga_controller_inst|clk_25 ; vga_controller:vga_controller_inst|clk_25 ; 0.000        ; 0.056      ; 0.955      ;
; 0.735 ; vga_controller:vga_controller_inst|h_pos_internal[27] ; vga_controller:vga_controller_inst|h_pos_internal[28] ; vga_controller:vga_controller_inst|clk_25 ; vga_controller:vga_controller_inst|clk_25 ; 0.000        ; 0.056      ; 0.955      ;
; 0.735 ; vga_controller:vga_controller_inst|v_pos_internal[19] ; vga_controller:vga_controller_inst|v_pos_internal[20] ; vga_controller:vga_controller_inst|clk_25 ; vga_controller:vga_controller_inst|clk_25 ; 0.000        ; 0.055      ; 0.954      ;
; 0.735 ; vga_controller:vga_controller_inst|v_pos_internal[29] ; vga_controller:vga_controller_inst|v_pos_internal[30] ; vga_controller:vga_controller_inst|clk_25 ; vga_controller:vga_controller_inst|clk_25 ; 0.000        ; 0.055      ; 0.954      ;
; 0.736 ; vga_controller:vga_controller_inst|v_pos_internal[21] ; vga_controller:vga_controller_inst|v_pos_internal[22] ; vga_controller:vga_controller_inst|clk_25 ; vga_controller:vga_controller_inst|clk_25 ; 0.000        ; 0.055      ; 0.955      ;
; 0.736 ; vga_controller:vga_controller_inst|h_pos_internal[17] ; vga_controller:vga_controller_inst|h_pos_internal[18] ; vga_controller:vga_controller_inst|clk_25 ; vga_controller:vga_controller_inst|clk_25 ; 0.000        ; 0.056      ; 0.956      ;
; 0.736 ; vga_controller:vga_controller_inst|v_pos_internal[27] ; vga_controller:vga_controller_inst|v_pos_internal[28] ; vga_controller:vga_controller_inst|clk_25 ; vga_controller:vga_controller_inst|clk_25 ; 0.000        ; 0.055      ; 0.955      ;
; 0.737 ; vga_controller:vga_controller_inst|v_pos_internal[17] ; vga_controller:vga_controller_inst|v_pos_internal[18] ; vga_controller:vga_controller_inst|clk_25 ; vga_controller:vga_controller_inst|clk_25 ; 0.000        ; 0.055      ; 0.956      ;
; 0.739 ; vga_controller:vga_controller_inst|h_pos_internal[23] ; vga_controller:vga_controller_inst|h_pos_internal[24] ; vga_controller:vga_controller_inst|clk_25 ; vga_controller:vga_controller_inst|clk_25 ; 0.000        ; 0.056      ; 0.959      ;
; 0.739 ; vga_controller:vga_controller_inst|h_pos_internal[25] ; vga_controller:vga_controller_inst|h_pos_internal[26] ; vga_controller:vga_controller_inst|clk_25 ; vga_controller:vga_controller_inst|clk_25 ; 0.000        ; 0.056      ; 0.959      ;
; 0.740 ; vga_controller:vga_controller_inst|v_pos_internal[23] ; vga_controller:vga_controller_inst|v_pos_internal[24] ; vga_controller:vga_controller_inst|clk_25 ; vga_controller:vga_controller_inst|clk_25 ; 0.000        ; 0.055      ; 0.959      ;
; 0.740 ; vga_controller:vga_controller_inst|v_pos_internal[25] ; vga_controller:vga_controller_inst|v_pos_internal[26] ; vga_controller:vga_controller_inst|clk_25 ; vga_controller:vga_controller_inst|clk_25 ; 0.000        ; 0.055      ; 0.959      ;
; 0.740 ; vga_controller:vga_controller_inst|v_pos_internal[6]  ; vga_controller:vga_controller_inst|v_pos_internal[7]  ; vga_controller:vga_controller_inst|clk_25 ; vga_controller:vga_controller_inst|clk_25 ; 0.000        ; 0.056      ; 0.960      ;
; 0.741 ; vga_controller:vga_controller_inst|h_pos_internal[22] ; vga_controller:vga_controller_inst|h_pos_internal[23] ; vga_controller:vga_controller_inst|clk_25 ; vga_controller:vga_controller_inst|clk_25 ; 0.000        ; 0.056      ; 0.961      ;
; 0.742 ; vga_controller:vga_controller_inst|h_pos_internal[14] ; vga_controller:vga_controller_inst|h_pos_internal[15] ; vga_controller:vga_controller_inst|clk_25 ; vga_controller:vga_controller_inst|clk_25 ; 0.000        ; 0.056      ; 0.962      ;
; 0.742 ; vga_controller:vga_controller_inst|v_pos_internal[14] ; vga_controller:vga_controller_inst|v_pos_internal[15] ; vga_controller:vga_controller_inst|clk_25 ; vga_controller:vga_controller_inst|clk_25 ; 0.000        ; 0.056      ; 0.962      ;
; 0.742 ; vga_controller:vga_controller_inst|h_pos_internal[16] ; vga_controller:vga_controller_inst|h_pos_internal[17] ; vga_controller:vga_controller_inst|clk_25 ; vga_controller:vga_controller_inst|clk_25 ; 0.000        ; 0.056      ; 0.962      ;
; 0.742 ; vga_controller:vga_controller_inst|v_pos_internal[22] ; vga_controller:vga_controller_inst|v_pos_internal[23] ; vga_controller:vga_controller_inst|clk_25 ; vga_controller:vga_controller_inst|clk_25 ; 0.000        ; 0.055      ; 0.961      ;
; 0.743 ; vga_controller:vga_controller_inst|h_pos_internal[12] ; vga_controller:vga_controller_inst|h_pos_internal[13] ; vga_controller:vga_controller_inst|clk_25 ; vga_controller:vga_controller_inst|clk_25 ; 0.000        ; 0.056      ; 0.963      ;
; 0.743 ; vga_controller:vga_controller_inst|v_pos_internal[12] ; vga_controller:vga_controller_inst|v_pos_internal[13] ; vga_controller:vga_controller_inst|clk_25 ; vga_controller:vga_controller_inst|clk_25 ; 0.000        ; 0.056      ; 0.963      ;
; 0.743 ; vga_controller:vga_controller_inst|h_pos_internal[18] ; vga_controller:vga_controller_inst|h_pos_internal[19] ; vga_controller:vga_controller_inst|clk_25 ; vga_controller:vga_controller_inst|clk_25 ; 0.000        ; 0.056      ; 0.963      ;
; 0.743 ; vga_controller:vga_controller_inst|v_pos_internal[16] ; vga_controller:vga_controller_inst|v_pos_internal[17] ; vga_controller:vga_controller_inst|clk_25 ; vga_controller:vga_controller_inst|clk_25 ; 0.000        ; 0.055      ; 0.962      ;
; 0.744 ; vga_controller:vga_controller_inst|h_pos_internal[28] ; vga_controller:vga_controller_inst|h_pos_internal[29] ; vga_controller:vga_controller_inst|clk_25 ; vga_controller:vga_controller_inst|clk_25 ; 0.000        ; 0.056      ; 0.964      ;
; 0.744 ; vga_controller:vga_controller_inst|v_pos_internal[10] ; vga_controller:vga_controller_inst|v_pos_internal[11] ; vga_controller:vga_controller_inst|clk_25 ; vga_controller:vga_controller_inst|clk_25 ; 0.000        ; 0.056      ; 0.964      ;
; 0.744 ; vga_controller:vga_controller_inst|h_pos_internal[20] ; vga_controller:vga_controller_inst|h_pos_internal[21] ; vga_controller:vga_controller_inst|clk_25 ; vga_controller:vga_controller_inst|clk_25 ; 0.000        ; 0.056      ; 0.964      ;
; 0.744 ; vga_controller:vga_controller_inst|h_pos_internal[30] ; vga_controller:vga_controller_inst|h_pos_internal[31] ; vga_controller:vga_controller_inst|clk_25 ; vga_controller:vga_controller_inst|clk_25 ; 0.000        ; 0.056      ; 0.964      ;
; 0.744 ; vga_controller:vga_controller_inst|v_pos_internal[18] ; vga_controller:vga_controller_inst|v_pos_internal[19] ; vga_controller:vga_controller_inst|clk_25 ; vga_controller:vga_controller_inst|clk_25 ; 0.000        ; 0.055      ; 0.963      ;
; 0.745 ; vga_controller:vga_controller_inst|h_pos_internal[26] ; vga_controller:vga_controller_inst|h_pos_internal[27] ; vga_controller:vga_controller_inst|clk_25 ; vga_controller:vga_controller_inst|clk_25 ; 0.000        ; 0.056      ; 0.965      ;
; 0.745 ; vga_controller:vga_controller_inst|v_pos_internal[28] ; vga_controller:vga_controller_inst|v_pos_internal[29] ; vga_controller:vga_controller_inst|clk_25 ; vga_controller:vga_controller_inst|clk_25 ; 0.000        ; 0.055      ; 0.964      ;
; 0.745 ; vga_controller:vga_controller_inst|v_pos_internal[20] ; vga_controller:vga_controller_inst|v_pos_internal[21] ; vga_controller:vga_controller_inst|clk_25 ; vga_controller:vga_controller_inst|clk_25 ; 0.000        ; 0.055      ; 0.964      ;
; 0.745 ; vga_controller:vga_controller_inst|v_pos_internal[30] ; vga_controller:vga_controller_inst|v_pos_internal[31] ; vga_controller:vga_controller_inst|clk_25 ; vga_controller:vga_controller_inst|clk_25 ; 0.000        ; 0.055      ; 0.964      ;
; 0.745 ; vga_controller:vga_controller_inst|h_pos_internal[24] ; vga_controller:vga_controller_inst|h_pos_internal[25] ; vga_controller:vga_controller_inst|clk_25 ; vga_controller:vga_controller_inst|clk_25 ; 0.000        ; 0.056      ; 0.965      ;
; 0.746 ; vga_controller:vga_controller_inst|v_pos_internal[26] ; vga_controller:vga_controller_inst|v_pos_internal[27] ; vga_controller:vga_controller_inst|clk_25 ; vga_controller:vga_controller_inst|clk_25 ; 0.000        ; 0.055      ; 0.965      ;
; 0.746 ; vga_controller:vga_controller_inst|v_pos_internal[24] ; vga_controller:vga_controller_inst|v_pos_internal[25] ; vga_controller:vga_controller_inst|clk_25 ; vga_controller:vga_controller_inst|clk_25 ; 0.000        ; 0.055      ; 0.965      ;
; 0.747 ; vga_controller:vga_controller_inst|v_pos_internal[6]  ; vga_controller:vga_controller_inst|v_pos_internal[8]  ; vga_controller:vga_controller_inst|clk_25 ; vga_controller:vga_controller_inst|clk_25 ; 0.000        ; 0.056      ; 0.967      ;
+-------+-------------------------------------------------------+-------------------------------------------------------+-------------------------------------------+-------------------------------------------+--------------+------------+------------+


+-----------------------------------------------------------------------------------------------------------------------------+
; Slow 1200mV 0C Model Minimum Pulse Width: 'clk_in'                                                                          ;
+--------+--------------+----------------+------------+--------+------------+-------------------------------------------------+
; Slack  ; Actual Width ; Required Width ; Type       ; Clock  ; Clock Edge ; Target                                          ;
+--------+--------------+----------------+------------+--------+------------+-------------------------------------------------+
; -3.000 ; 1.000        ; 4.000          ; Port Rate  ; clk_in ; Rise       ; clk_in                                          ;
; -1.000 ; 1.000        ; 2.000          ; Min Period ; clk_in ; Rise       ; ball_ctrl:ball_ctrl_inst|ball_x_internal[1]     ;
; -1.000 ; 1.000        ; 2.000          ; Min Period ; clk_in ; Rise       ; ball_ctrl:ball_ctrl_inst|ball_x_internal[2]     ;
; -1.000 ; 1.000        ; 2.000          ; Min Period ; clk_in ; Rise       ; ball_ctrl:ball_ctrl_inst|ball_x_internal[3]     ;
; -1.000 ; 1.000        ; 2.000          ; Min Period ; clk_in ; Rise       ; ball_ctrl:ball_ctrl_inst|ball_x_internal[4]     ;
; -1.000 ; 1.000        ; 2.000          ; Min Period ; clk_in ; Rise       ; ball_ctrl:ball_ctrl_inst|ball_x_internal[5]     ;
; -1.000 ; 1.000        ; 2.000          ; Min Period ; clk_in ; Rise       ; ball_ctrl:ball_ctrl_inst|ball_x_p[1]            ;
; -1.000 ; 1.000        ; 2.000          ; Min Period ; clk_in ; Rise       ; ball_ctrl:ball_ctrl_inst|ball_x_p[2]            ;
; -1.000 ; 1.000        ; 2.000          ; Min Period ; clk_in ; Rise       ; ball_ctrl:ball_ctrl_inst|ball_x_p[3]            ;
; -1.000 ; 1.000        ; 2.000          ; Min Period ; clk_in ; Rise       ; ball_ctrl:ball_ctrl_inst|ball_x_p[4]            ;
; -1.000 ; 1.000        ; 2.000          ; Min Period ; clk_in ; Rise       ; ball_ctrl:ball_ctrl_inst|ball_x_p[5]            ;
; -1.000 ; 1.000        ; 2.000          ; Min Period ; clk_in ; Rise       ; ball_ctrl:ball_ctrl_inst|ball_y_internal[0]     ;
; -1.000 ; 1.000        ; 2.000          ; Min Period ; clk_in ; Rise       ; ball_ctrl:ball_ctrl_inst|ball_y_internal[1]     ;
; -1.000 ; 1.000        ; 2.000          ; Min Period ; clk_in ; Rise       ; ball_ctrl:ball_ctrl_inst|ball_y_internal[2]     ;
; -1.000 ; 1.000        ; 2.000          ; Min Period ; clk_in ; Rise       ; ball_ctrl:ball_ctrl_inst|ball_y_internal[3]     ;
; -1.000 ; 1.000        ; 2.000          ; Min Period ; clk_in ; Rise       ; ball_ctrl:ball_ctrl_inst|ball_y_internal[4]     ;
; -1.000 ; 1.000        ; 2.000          ; Min Period ; clk_in ; Rise       ; ball_ctrl:ball_ctrl_inst|ball_y_internal[5]     ;
; -1.000 ; 1.000        ; 2.000          ; Min Period ; clk_in ; Rise       ; ball_ctrl:ball_ctrl_inst|ball_y_p[0]            ;
; -1.000 ; 1.000        ; 2.000          ; Min Period ; clk_in ; Rise       ; ball_ctrl:ball_ctrl_inst|ball_y_p[1]            ;
; -1.000 ; 1.000        ; 2.000          ; Min Period ; clk_in ; Rise       ; ball_ctrl:ball_ctrl_inst|ball_y_p[2]            ;
; -1.000 ; 1.000        ; 2.000          ; Min Period ; clk_in ; Rise       ; ball_ctrl:ball_ctrl_inst|ball_y_p[3]            ;
; -1.000 ; 1.000        ; 2.000          ; Min Period ; clk_in ; Rise       ; ball_ctrl:ball_ctrl_inst|ball_y_p[4]            ;
; -1.000 ; 1.000        ; 2.000          ; Min Period ; clk_in ; Rise       ; ball_ctrl:ball_ctrl_inst|ball_y_p[5]            ;
; -1.000 ; 1.000        ; 2.000          ; Min Period ; clk_in ; Rise       ; ball_ctrl:ball_ctrl_inst|count_clk[0]           ;
; -1.000 ; 1.000        ; 2.000          ; Min Period ; clk_in ; Rise       ; ball_ctrl:ball_ctrl_inst|count_clk[10]          ;
; -1.000 ; 1.000        ; 2.000          ; Min Period ; clk_in ; Rise       ; ball_ctrl:ball_ctrl_inst|count_clk[11]          ;
; -1.000 ; 1.000        ; 2.000          ; Min Period ; clk_in ; Rise       ; ball_ctrl:ball_ctrl_inst|count_clk[12]          ;
; -1.000 ; 1.000        ; 2.000          ; Min Period ; clk_in ; Rise       ; ball_ctrl:ball_ctrl_inst|count_clk[13]          ;
; -1.000 ; 1.000        ; 2.000          ; Min Period ; clk_in ; Rise       ; ball_ctrl:ball_ctrl_inst|count_clk[14]          ;
; -1.000 ; 1.000        ; 2.000          ; Min Period ; clk_in ; Rise       ; ball_ctrl:ball_ctrl_inst|count_clk[15]          ;
; -1.000 ; 1.000        ; 2.000          ; Min Period ; clk_in ; Rise       ; ball_ctrl:ball_ctrl_inst|count_clk[16]          ;
; -1.000 ; 1.000        ; 2.000          ; Min Period ; clk_in ; Rise       ; ball_ctrl:ball_ctrl_inst|count_clk[17]          ;
; -1.000 ; 1.000        ; 2.000          ; Min Period ; clk_in ; Rise       ; ball_ctrl:ball_ctrl_inst|count_clk[18]          ;
; -1.000 ; 1.000        ; 2.000          ; Min Period ; clk_in ; Rise       ; ball_ctrl:ball_ctrl_inst|count_clk[19]          ;
; -1.000 ; 1.000        ; 2.000          ; Min Period ; clk_in ; Rise       ; ball_ctrl:ball_ctrl_inst|count_clk[1]           ;
; -1.000 ; 1.000        ; 2.000          ; Min Period ; clk_in ; Rise       ; ball_ctrl:ball_ctrl_inst|count_clk[20]          ;
; -1.000 ; 1.000        ; 2.000          ; Min Period ; clk_in ; Rise       ; ball_ctrl:ball_ctrl_inst|count_clk[21]          ;
; -1.000 ; 1.000        ; 2.000          ; Min Period ; clk_in ; Rise       ; ball_ctrl:ball_ctrl_inst|count_clk[22]          ;
; -1.000 ; 1.000        ; 2.000          ; Min Period ; clk_in ; Rise       ; ball_ctrl:ball_ctrl_inst|count_clk[23]          ;
; -1.000 ; 1.000        ; 2.000          ; Min Period ; clk_in ; Rise       ; ball_ctrl:ball_ctrl_inst|count_clk[24]          ;
; -1.000 ; 1.000        ; 2.000          ; Min Period ; clk_in ; Rise       ; ball_ctrl:ball_ctrl_inst|count_clk[25]          ;
; -1.000 ; 1.000        ; 2.000          ; Min Period ; clk_in ; Rise       ; ball_ctrl:ball_ctrl_inst|count_clk[26]          ;
; -1.000 ; 1.000        ; 2.000          ; Min Period ; clk_in ; Rise       ; ball_ctrl:ball_ctrl_inst|count_clk[27]          ;
; -1.000 ; 1.000        ; 2.000          ; Min Period ; clk_in ; Rise       ; ball_ctrl:ball_ctrl_inst|count_clk[28]          ;
; -1.000 ; 1.000        ; 2.000          ; Min Period ; clk_in ; Rise       ; ball_ctrl:ball_ctrl_inst|count_clk[29]          ;
; -1.000 ; 1.000        ; 2.000          ; Min Period ; clk_in ; Rise       ; ball_ctrl:ball_ctrl_inst|count_clk[2]           ;
; -1.000 ; 1.000        ; 2.000          ; Min Period ; clk_in ; Rise       ; ball_ctrl:ball_ctrl_inst|count_clk[30]          ;
; -1.000 ; 1.000        ; 2.000          ; Min Period ; clk_in ; Rise       ; ball_ctrl:ball_ctrl_inst|count_clk[31]          ;
; -1.000 ; 1.000        ; 2.000          ; Min Period ; clk_in ; Rise       ; ball_ctrl:ball_ctrl_inst|count_clk[3]           ;
; -1.000 ; 1.000        ; 2.000          ; Min Period ; clk_in ; Rise       ; ball_ctrl:ball_ctrl_inst|count_clk[4]           ;
; -1.000 ; 1.000        ; 2.000          ; Min Period ; clk_in ; Rise       ; ball_ctrl:ball_ctrl_inst|count_clk[5]           ;
; -1.000 ; 1.000        ; 2.000          ; Min Period ; clk_in ; Rise       ; ball_ctrl:ball_ctrl_inst|count_clk[6]           ;
; -1.000 ; 1.000        ; 2.000          ; Min Period ; clk_in ; Rise       ; ball_ctrl:ball_ctrl_inst|count_clk[7]           ;
; -1.000 ; 1.000        ; 2.000          ; Min Period ; clk_in ; Rise       ; ball_ctrl:ball_ctrl_inst|count_clk[8]           ;
; -1.000 ; 1.000        ; 2.000          ; Min Period ; clk_in ; Rise       ; ball_ctrl:ball_ctrl_inst|count_clk[9]           ;
; -1.000 ; 1.000        ; 2.000          ; Min Period ; clk_in ; Rise       ; ball_ctrl:ball_ctrl_inst|disp_ball              ;
; -1.000 ; 1.000        ; 2.000          ; Min Period ; clk_in ; Rise       ; debounce_pb:debounce_paddledwn2|button_state    ;
; -1.000 ; 1.000        ; 2.000          ; Min Period ; clk_in ; Rise       ; debounce_pb:debounce_paddledwn2|clk_counter[0]  ;
; -1.000 ; 1.000        ; 2.000          ; Min Period ; clk_in ; Rise       ; debounce_pb:debounce_paddledwn2|clk_counter[10] ;
; -1.000 ; 1.000        ; 2.000          ; Min Period ; clk_in ; Rise       ; debounce_pb:debounce_paddledwn2|clk_counter[11] ;
; -1.000 ; 1.000        ; 2.000          ; Min Period ; clk_in ; Rise       ; debounce_pb:debounce_paddledwn2|clk_counter[12] ;
; -1.000 ; 1.000        ; 2.000          ; Min Period ; clk_in ; Rise       ; debounce_pb:debounce_paddledwn2|clk_counter[13] ;
; -1.000 ; 1.000        ; 2.000          ; Min Period ; clk_in ; Rise       ; debounce_pb:debounce_paddledwn2|clk_counter[14] ;
; -1.000 ; 1.000        ; 2.000          ; Min Period ; clk_in ; Rise       ; debounce_pb:debounce_paddledwn2|clk_counter[15] ;
; -1.000 ; 1.000        ; 2.000          ; Min Period ; clk_in ; Rise       ; debounce_pb:debounce_paddledwn2|clk_counter[16] ;
; -1.000 ; 1.000        ; 2.000          ; Min Period ; clk_in ; Rise       ; debounce_pb:debounce_paddledwn2|clk_counter[17] ;
; -1.000 ; 1.000        ; 2.000          ; Min Period ; clk_in ; Rise       ; debounce_pb:debounce_paddledwn2|clk_counter[18] ;
; -1.000 ; 1.000        ; 2.000          ; Min Period ; clk_in ; Rise       ; debounce_pb:debounce_paddledwn2|clk_counter[1]  ;
; -1.000 ; 1.000        ; 2.000          ; Min Period ; clk_in ; Rise       ; debounce_pb:debounce_paddledwn2|clk_counter[2]  ;
; -1.000 ; 1.000        ; 2.000          ; Min Period ; clk_in ; Rise       ; debounce_pb:debounce_paddledwn2|clk_counter[3]  ;
; -1.000 ; 1.000        ; 2.000          ; Min Period ; clk_in ; Rise       ; debounce_pb:debounce_paddledwn2|clk_counter[4]  ;
; -1.000 ; 1.000        ; 2.000          ; Min Period ; clk_in ; Rise       ; debounce_pb:debounce_paddledwn2|clk_counter[5]  ;
; -1.000 ; 1.000        ; 2.000          ; Min Period ; clk_in ; Rise       ; debounce_pb:debounce_paddledwn2|clk_counter[6]  ;
; -1.000 ; 1.000        ; 2.000          ; Min Period ; clk_in ; Rise       ; debounce_pb:debounce_paddledwn2|clk_counter[7]  ;
; -1.000 ; 1.000        ; 2.000          ; Min Period ; clk_in ; Rise       ; debounce_pb:debounce_paddledwn2|clk_counter[8]  ;
; -1.000 ; 1.000        ; 2.000          ; Min Period ; clk_in ; Rise       ; debounce_pb:debounce_paddledwn2|clk_counter[9]  ;
; -1.000 ; 1.000        ; 2.000          ; Min Period ; clk_in ; Rise       ; debounce_pb:debounce_paddleup2|button_state     ;
; -1.000 ; 1.000        ; 2.000          ; Min Period ; clk_in ; Rise       ; debounce_pb:debounce_paddleup2|clk_counter[0]   ;
; -1.000 ; 1.000        ; 2.000          ; Min Period ; clk_in ; Rise       ; debounce_pb:debounce_paddleup2|clk_counter[10]  ;
; -1.000 ; 1.000        ; 2.000          ; Min Period ; clk_in ; Rise       ; debounce_pb:debounce_paddleup2|clk_counter[11]  ;
; -1.000 ; 1.000        ; 2.000          ; Min Period ; clk_in ; Rise       ; debounce_pb:debounce_paddleup2|clk_counter[12]  ;
; -1.000 ; 1.000        ; 2.000          ; Min Period ; clk_in ; Rise       ; debounce_pb:debounce_paddleup2|clk_counter[13]  ;
; -1.000 ; 1.000        ; 2.000          ; Min Period ; clk_in ; Rise       ; debounce_pb:debounce_paddleup2|clk_counter[14]  ;
; -1.000 ; 1.000        ; 2.000          ; Min Period ; clk_in ; Rise       ; debounce_pb:debounce_paddleup2|clk_counter[15]  ;
; -1.000 ; 1.000        ; 2.000          ; Min Period ; clk_in ; Rise       ; debounce_pb:debounce_paddleup2|clk_counter[16]  ;
; -1.000 ; 1.000        ; 2.000          ; Min Period ; clk_in ; Rise       ; debounce_pb:debounce_paddleup2|clk_counter[17]  ;
; -1.000 ; 1.000        ; 2.000          ; Min Period ; clk_in ; Rise       ; debounce_pb:debounce_paddleup2|clk_counter[18]  ;
; -1.000 ; 1.000        ; 2.000          ; Min Period ; clk_in ; Rise       ; debounce_pb:debounce_paddleup2|clk_counter[1]   ;
; -1.000 ; 1.000        ; 2.000          ; Min Period ; clk_in ; Rise       ; debounce_pb:debounce_paddleup2|clk_counter[2]   ;
; -1.000 ; 1.000        ; 2.000          ; Min Period ; clk_in ; Rise       ; debounce_pb:debounce_paddleup2|clk_counter[3]   ;
; -1.000 ; 1.000        ; 2.000          ; Min Period ; clk_in ; Rise       ; debounce_pb:debounce_paddleup2|clk_counter[4]   ;
; -1.000 ; 1.000        ; 2.000          ; Min Period ; clk_in ; Rise       ; debounce_pb:debounce_paddleup2|clk_counter[5]   ;
; -1.000 ; 1.000        ; 2.000          ; Min Period ; clk_in ; Rise       ; debounce_pb:debounce_paddleup2|clk_counter[6]   ;
; -1.000 ; 1.000        ; 2.000          ; Min Period ; clk_in ; Rise       ; debounce_pb:debounce_paddleup2|clk_counter[7]   ;
; -1.000 ; 1.000        ; 2.000          ; Min Period ; clk_in ; Rise       ; debounce_pb:debounce_paddleup2|clk_counter[8]   ;
; -1.000 ; 1.000        ; 2.000          ; Min Period ; clk_in ; Rise       ; debounce_pb:debounce_paddleup2|clk_counter[9]   ;
; -1.000 ; 1.000        ; 2.000          ; Min Period ; clk_in ; Rise       ; debounce_pb:debounce_startGame|button_state     ;
; -1.000 ; 1.000        ; 2.000          ; Min Period ; clk_in ; Rise       ; debounce_pb:debounce_startGame|clk_counter[0]   ;
; -1.000 ; 1.000        ; 2.000          ; Min Period ; clk_in ; Rise       ; debounce_pb:debounce_startGame|clk_counter[10]  ;
; -1.000 ; 1.000        ; 2.000          ; Min Period ; clk_in ; Rise       ; debounce_pb:debounce_startGame|clk_counter[11]  ;
+--------+--------------+----------------+------------+--------+------------+-------------------------------------------------+


+---------------------------------------------------------------------------------------------------------------------------------------------------------------------------+
; Slow 1200mV 0C Model Minimum Pulse Width: 'vga_controller:vga_controller_inst|clk_25'                                                                                     ;
+--------+--------------+----------------+-----------------+-------------------------------------------+------------+-------------------------------------------------------+
; Slack  ; Actual Width ; Required Width ; Type            ; Clock                                     ; Clock Edge ; Target                                                ;
+--------+--------------+----------------+-----------------+-------------------------------------------+------------+-------------------------------------------------------+
; -1.000 ; 1.000        ; 2.000          ; Min Period      ; vga_controller:vga_controller_inst|clk_25 ; Rise       ; vga_controller:vga_controller_inst|Hsync              ;
; -1.000 ; 1.000        ; 2.000          ; Min Period      ; vga_controller:vga_controller_inst|clk_25 ; Rise       ; vga_controller:vga_controller_inst|Vsync              ;
; -1.000 ; 1.000        ; 2.000          ; Min Period      ; vga_controller:vga_controller_inst|clk_25 ; Rise       ; vga_controller:vga_controller_inst|h_pos_internal[0]  ;
; -1.000 ; 1.000        ; 2.000          ; Min Period      ; vga_controller:vga_controller_inst|clk_25 ; Rise       ; vga_controller:vga_controller_inst|h_pos_internal[10] ;
; -1.000 ; 1.000        ; 2.000          ; Min Period      ; vga_controller:vga_controller_inst|clk_25 ; Rise       ; vga_controller:vga_controller_inst|h_pos_internal[11] ;
; -1.000 ; 1.000        ; 2.000          ; Min Period      ; vga_controller:vga_controller_inst|clk_25 ; Rise       ; vga_controller:vga_controller_inst|h_pos_internal[12] ;
; -1.000 ; 1.000        ; 2.000          ; Min Period      ; vga_controller:vga_controller_inst|clk_25 ; Rise       ; vga_controller:vga_controller_inst|h_pos_internal[13] ;
; -1.000 ; 1.000        ; 2.000          ; Min Period      ; vga_controller:vga_controller_inst|clk_25 ; Rise       ; vga_controller:vga_controller_inst|h_pos_internal[14] ;
; -1.000 ; 1.000        ; 2.000          ; Min Period      ; vga_controller:vga_controller_inst|clk_25 ; Rise       ; vga_controller:vga_controller_inst|h_pos_internal[15] ;
; -1.000 ; 1.000        ; 2.000          ; Min Period      ; vga_controller:vga_controller_inst|clk_25 ; Rise       ; vga_controller:vga_controller_inst|h_pos_internal[16] ;
; -1.000 ; 1.000        ; 2.000          ; Min Period      ; vga_controller:vga_controller_inst|clk_25 ; Rise       ; vga_controller:vga_controller_inst|h_pos_internal[17] ;
; -1.000 ; 1.000        ; 2.000          ; Min Period      ; vga_controller:vga_controller_inst|clk_25 ; Rise       ; vga_controller:vga_controller_inst|h_pos_internal[18] ;
; -1.000 ; 1.000        ; 2.000          ; Min Period      ; vga_controller:vga_controller_inst|clk_25 ; Rise       ; vga_controller:vga_controller_inst|h_pos_internal[19] ;
; -1.000 ; 1.000        ; 2.000          ; Min Period      ; vga_controller:vga_controller_inst|clk_25 ; Rise       ; vga_controller:vga_controller_inst|h_pos_internal[1]  ;
; -1.000 ; 1.000        ; 2.000          ; Min Period      ; vga_controller:vga_controller_inst|clk_25 ; Rise       ; vga_controller:vga_controller_inst|h_pos_internal[20] ;
; -1.000 ; 1.000        ; 2.000          ; Min Period      ; vga_controller:vga_controller_inst|clk_25 ; Rise       ; vga_controller:vga_controller_inst|h_pos_internal[21] ;
; -1.000 ; 1.000        ; 2.000          ; Min Period      ; vga_controller:vga_controller_inst|clk_25 ; Rise       ; vga_controller:vga_controller_inst|h_pos_internal[22] ;
; -1.000 ; 1.000        ; 2.000          ; Min Period      ; vga_controller:vga_controller_inst|clk_25 ; Rise       ; vga_controller:vga_controller_inst|h_pos_internal[23] ;
; -1.000 ; 1.000        ; 2.000          ; Min Period      ; vga_controller:vga_controller_inst|clk_25 ; Rise       ; vga_controller:vga_controller_inst|h_pos_internal[24] ;
; -1.000 ; 1.000        ; 2.000          ; Min Period      ; vga_controller:vga_controller_inst|clk_25 ; Rise       ; vga_controller:vga_controller_inst|h_pos_internal[25] ;
; -1.000 ; 1.000        ; 2.000          ; Min Period      ; vga_controller:vga_controller_inst|clk_25 ; Rise       ; vga_controller:vga_controller_inst|h_pos_internal[26] ;
; -1.000 ; 1.000        ; 2.000          ; Min Period      ; vga_controller:vga_controller_inst|clk_25 ; Rise       ; vga_controller:vga_controller_inst|h_pos_internal[27] ;
; -1.000 ; 1.000        ; 2.000          ; Min Period      ; vga_controller:vga_controller_inst|clk_25 ; Rise       ; vga_controller:vga_controller_inst|h_pos_internal[28] ;
; -1.000 ; 1.000        ; 2.000          ; Min Period      ; vga_controller:vga_controller_inst|clk_25 ; Rise       ; vga_controller:vga_controller_inst|h_pos_internal[29] ;
; -1.000 ; 1.000        ; 2.000          ; Min Period      ; vga_controller:vga_controller_inst|clk_25 ; Rise       ; vga_controller:vga_controller_inst|h_pos_internal[2]  ;
; -1.000 ; 1.000        ; 2.000          ; Min Period      ; vga_controller:vga_controller_inst|clk_25 ; Rise       ; vga_controller:vga_controller_inst|h_pos_internal[30] ;
; -1.000 ; 1.000        ; 2.000          ; Min Period      ; vga_controller:vga_controller_inst|clk_25 ; Rise       ; vga_controller:vga_controller_inst|h_pos_internal[31] ;
; -1.000 ; 1.000        ; 2.000          ; Min Period      ; vga_controller:vga_controller_inst|clk_25 ; Rise       ; vga_controller:vga_controller_inst|h_pos_internal[3]  ;
; -1.000 ; 1.000        ; 2.000          ; Min Period      ; vga_controller:vga_controller_inst|clk_25 ; Rise       ; vga_controller:vga_controller_inst|h_pos_internal[4]  ;
; -1.000 ; 1.000        ; 2.000          ; Min Period      ; vga_controller:vga_controller_inst|clk_25 ; Rise       ; vga_controller:vga_controller_inst|h_pos_internal[5]  ;
; -1.000 ; 1.000        ; 2.000          ; Min Period      ; vga_controller:vga_controller_inst|clk_25 ; Rise       ; vga_controller:vga_controller_inst|h_pos_internal[6]  ;
; -1.000 ; 1.000        ; 2.000          ; Min Period      ; vga_controller:vga_controller_inst|clk_25 ; Rise       ; vga_controller:vga_controller_inst|h_pos_internal[7]  ;
; -1.000 ; 1.000        ; 2.000          ; Min Period      ; vga_controller:vga_controller_inst|clk_25 ; Rise       ; vga_controller:vga_controller_inst|h_pos_internal[8]  ;
; -1.000 ; 1.000        ; 2.000          ; Min Period      ; vga_controller:vga_controller_inst|clk_25 ; Rise       ; vga_controller:vga_controller_inst|h_pos_internal[9]  ;
; -1.000 ; 1.000        ; 2.000          ; Min Period      ; vga_controller:vga_controller_inst|clk_25 ; Rise       ; vga_controller:vga_controller_inst|v_pos_internal[0]  ;
; -1.000 ; 1.000        ; 2.000          ; Min Period      ; vga_controller:vga_controller_inst|clk_25 ; Rise       ; vga_controller:vga_controller_inst|v_pos_internal[10] ;
; -1.000 ; 1.000        ; 2.000          ; Min Period      ; vga_controller:vga_controller_inst|clk_25 ; Rise       ; vga_controller:vga_controller_inst|v_pos_internal[11] ;
; -1.000 ; 1.000        ; 2.000          ; Min Period      ; vga_controller:vga_controller_inst|clk_25 ; Rise       ; vga_controller:vga_controller_inst|v_pos_internal[12] ;
; -1.000 ; 1.000        ; 2.000          ; Min Period      ; vga_controller:vga_controller_inst|clk_25 ; Rise       ; vga_controller:vga_controller_inst|v_pos_internal[13] ;
; -1.000 ; 1.000        ; 2.000          ; Min Period      ; vga_controller:vga_controller_inst|clk_25 ; Rise       ; vga_controller:vga_controller_inst|v_pos_internal[14] ;
; -1.000 ; 1.000        ; 2.000          ; Min Period      ; vga_controller:vga_controller_inst|clk_25 ; Rise       ; vga_controller:vga_controller_inst|v_pos_internal[15] ;
; -1.000 ; 1.000        ; 2.000          ; Min Period      ; vga_controller:vga_controller_inst|clk_25 ; Rise       ; vga_controller:vga_controller_inst|v_pos_internal[16] ;
; -1.000 ; 1.000        ; 2.000          ; Min Period      ; vga_controller:vga_controller_inst|clk_25 ; Rise       ; vga_controller:vga_controller_inst|v_pos_internal[17] ;
; -1.000 ; 1.000        ; 2.000          ; Min Period      ; vga_controller:vga_controller_inst|clk_25 ; Rise       ; vga_controller:vga_controller_inst|v_pos_internal[18] ;
; -1.000 ; 1.000        ; 2.000          ; Min Period      ; vga_controller:vga_controller_inst|clk_25 ; Rise       ; vga_controller:vga_controller_inst|v_pos_internal[19] ;
; -1.000 ; 1.000        ; 2.000          ; Min Period      ; vga_controller:vga_controller_inst|clk_25 ; Rise       ; vga_controller:vga_controller_inst|v_pos_internal[1]  ;
; -1.000 ; 1.000        ; 2.000          ; Min Period      ; vga_controller:vga_controller_inst|clk_25 ; Rise       ; vga_controller:vga_controller_inst|v_pos_internal[20] ;
; -1.000 ; 1.000        ; 2.000          ; Min Period      ; vga_controller:vga_controller_inst|clk_25 ; Rise       ; vga_controller:vga_controller_inst|v_pos_internal[21] ;
; -1.000 ; 1.000        ; 2.000          ; Min Period      ; vga_controller:vga_controller_inst|clk_25 ; Rise       ; vga_controller:vga_controller_inst|v_pos_internal[22] ;
; -1.000 ; 1.000        ; 2.000          ; Min Period      ; vga_controller:vga_controller_inst|clk_25 ; Rise       ; vga_controller:vga_controller_inst|v_pos_internal[23] ;
; -1.000 ; 1.000        ; 2.000          ; Min Period      ; vga_controller:vga_controller_inst|clk_25 ; Rise       ; vga_controller:vga_controller_inst|v_pos_internal[24] ;
; -1.000 ; 1.000        ; 2.000          ; Min Period      ; vga_controller:vga_controller_inst|clk_25 ; Rise       ; vga_controller:vga_controller_inst|v_pos_internal[25] ;
; -1.000 ; 1.000        ; 2.000          ; Min Period      ; vga_controller:vga_controller_inst|clk_25 ; Rise       ; vga_controller:vga_controller_inst|v_pos_internal[26] ;
; -1.000 ; 1.000        ; 2.000          ; Min Period      ; vga_controller:vga_controller_inst|clk_25 ; Rise       ; vga_controller:vga_controller_inst|v_pos_internal[27] ;
; -1.000 ; 1.000        ; 2.000          ; Min Period      ; vga_controller:vga_controller_inst|clk_25 ; Rise       ; vga_controller:vga_controller_inst|v_pos_internal[28] ;
; -1.000 ; 1.000        ; 2.000          ; Min Period      ; vga_controller:vga_controller_inst|clk_25 ; Rise       ; vga_controller:vga_controller_inst|v_pos_internal[29] ;
; -1.000 ; 1.000        ; 2.000          ; Min Period      ; vga_controller:vga_controller_inst|clk_25 ; Rise       ; vga_controller:vga_controller_inst|v_pos_internal[2]  ;
; -1.000 ; 1.000        ; 2.000          ; Min Period      ; vga_controller:vga_controller_inst|clk_25 ; Rise       ; vga_controller:vga_controller_inst|v_pos_internal[30] ;
; -1.000 ; 1.000        ; 2.000          ; Min Period      ; vga_controller:vga_controller_inst|clk_25 ; Rise       ; vga_controller:vga_controller_inst|v_pos_internal[31] ;
; -1.000 ; 1.000        ; 2.000          ; Min Period      ; vga_controller:vga_controller_inst|clk_25 ; Rise       ; vga_controller:vga_controller_inst|v_pos_internal[3]  ;
; -1.000 ; 1.000        ; 2.000          ; Min Period      ; vga_controller:vga_controller_inst|clk_25 ; Rise       ; vga_controller:vga_controller_inst|v_pos_internal[4]  ;
; -1.000 ; 1.000        ; 2.000          ; Min Period      ; vga_controller:vga_controller_inst|clk_25 ; Rise       ; vga_controller:vga_controller_inst|v_pos_internal[5]  ;
; -1.000 ; 1.000        ; 2.000          ; Min Period      ; vga_controller:vga_controller_inst|clk_25 ; Rise       ; vga_controller:vga_controller_inst|v_pos_internal[6]  ;
; -1.000 ; 1.000        ; 2.000          ; Min Period      ; vga_controller:vga_controller_inst|clk_25 ; Rise       ; vga_controller:vga_controller_inst|v_pos_internal[7]  ;
; -1.000 ; 1.000        ; 2.000          ; Min Period      ; vga_controller:vga_controller_inst|clk_25 ; Rise       ; vga_controller:vga_controller_inst|v_pos_internal[8]  ;
; -1.000 ; 1.000        ; 2.000          ; Min Period      ; vga_controller:vga_controller_inst|clk_25 ; Rise       ; vga_controller:vga_controller_inst|v_pos_internal[9]  ;
; 0.298  ; 0.482        ; 0.184          ; Low Pulse Width ; vga_controller:vga_controller_inst|clk_25 ; Rise       ; vga_controller:vga_controller_inst|Hsync              ;
; 0.298  ; 0.482        ; 0.184          ; Low Pulse Width ; vga_controller:vga_controller_inst|clk_25 ; Rise       ; vga_controller:vga_controller_inst|Vsync              ;
; 0.298  ; 0.482        ; 0.184          ; Low Pulse Width ; vga_controller:vga_controller_inst|clk_25 ; Rise       ; vga_controller:vga_controller_inst|h_pos_internal[0]  ;
; 0.298  ; 0.482        ; 0.184          ; Low Pulse Width ; vga_controller:vga_controller_inst|clk_25 ; Rise       ; vga_controller:vga_controller_inst|h_pos_internal[10] ;
; 0.298  ; 0.482        ; 0.184          ; Low Pulse Width ; vga_controller:vga_controller_inst|clk_25 ; Rise       ; vga_controller:vga_controller_inst|h_pos_internal[11] ;
; 0.298  ; 0.482        ; 0.184          ; Low Pulse Width ; vga_controller:vga_controller_inst|clk_25 ; Rise       ; vga_controller:vga_controller_inst|h_pos_internal[12] ;
; 0.298  ; 0.482        ; 0.184          ; Low Pulse Width ; vga_controller:vga_controller_inst|clk_25 ; Rise       ; vga_controller:vga_controller_inst|h_pos_internal[13] ;
; 0.298  ; 0.482        ; 0.184          ; Low Pulse Width ; vga_controller:vga_controller_inst|clk_25 ; Rise       ; vga_controller:vga_controller_inst|h_pos_internal[14] ;
; 0.298  ; 0.482        ; 0.184          ; Low Pulse Width ; vga_controller:vga_controller_inst|clk_25 ; Rise       ; vga_controller:vga_controller_inst|h_pos_internal[15] ;
; 0.298  ; 0.482        ; 0.184          ; Low Pulse Width ; vga_controller:vga_controller_inst|clk_25 ; Rise       ; vga_controller:vga_controller_inst|h_pos_internal[16] ;
; 0.298  ; 0.482        ; 0.184          ; Low Pulse Width ; vga_controller:vga_controller_inst|clk_25 ; Rise       ; vga_controller:vga_controller_inst|h_pos_internal[17] ;
; 0.298  ; 0.482        ; 0.184          ; Low Pulse Width ; vga_controller:vga_controller_inst|clk_25 ; Rise       ; vga_controller:vga_controller_inst|h_pos_internal[18] ;
; 0.298  ; 0.482        ; 0.184          ; Low Pulse Width ; vga_controller:vga_controller_inst|clk_25 ; Rise       ; vga_controller:vga_controller_inst|h_pos_internal[19] ;
; 0.298  ; 0.482        ; 0.184          ; Low Pulse Width ; vga_controller:vga_controller_inst|clk_25 ; Rise       ; vga_controller:vga_controller_inst|h_pos_internal[1]  ;
; 0.298  ; 0.482        ; 0.184          ; Low Pulse Width ; vga_controller:vga_controller_inst|clk_25 ; Rise       ; vga_controller:vga_controller_inst|h_pos_internal[20] ;
; 0.298  ; 0.482        ; 0.184          ; Low Pulse Width ; vga_controller:vga_controller_inst|clk_25 ; Rise       ; vga_controller:vga_controller_inst|h_pos_internal[21] ;
; 0.298  ; 0.482        ; 0.184          ; Low Pulse Width ; vga_controller:vga_controller_inst|clk_25 ; Rise       ; vga_controller:vga_controller_inst|h_pos_internal[22] ;
; 0.298  ; 0.482        ; 0.184          ; Low Pulse Width ; vga_controller:vga_controller_inst|clk_25 ; Rise       ; vga_controller:vga_controller_inst|h_pos_internal[23] ;
; 0.298  ; 0.482        ; 0.184          ; Low Pulse Width ; vga_controller:vga_controller_inst|clk_25 ; Rise       ; vga_controller:vga_controller_inst|h_pos_internal[24] ;
; 0.298  ; 0.482        ; 0.184          ; Low Pulse Width ; vga_controller:vga_controller_inst|clk_25 ; Rise       ; vga_controller:vga_controller_inst|h_pos_internal[25] ;
; 0.298  ; 0.482        ; 0.184          ; Low Pulse Width ; vga_controller:vga_controller_inst|clk_25 ; Rise       ; vga_controller:vga_controller_inst|h_pos_internal[26] ;
; 0.298  ; 0.482        ; 0.184          ; Low Pulse Width ; vga_controller:vga_controller_inst|clk_25 ; Rise       ; vga_controller:vga_controller_inst|h_pos_internal[27] ;
; 0.298  ; 0.482        ; 0.184          ; Low Pulse Width ; vga_controller:vga_controller_inst|clk_25 ; Rise       ; vga_controller:vga_controller_inst|h_pos_internal[28] ;
; 0.298  ; 0.482        ; 0.184          ; Low Pulse Width ; vga_controller:vga_controller_inst|clk_25 ; Rise       ; vga_controller:vga_controller_inst|h_pos_internal[29] ;
; 0.298  ; 0.482        ; 0.184          ; Low Pulse Width ; vga_controller:vga_controller_inst|clk_25 ; Rise       ; vga_controller:vga_controller_inst|h_pos_internal[2]  ;
; 0.298  ; 0.482        ; 0.184          ; Low Pulse Width ; vga_controller:vga_controller_inst|clk_25 ; Rise       ; vga_controller:vga_controller_inst|h_pos_internal[30] ;
; 0.298  ; 0.482        ; 0.184          ; Low Pulse Width ; vga_controller:vga_controller_inst|clk_25 ; Rise       ; vga_controller:vga_controller_inst|h_pos_internal[31] ;
; 0.298  ; 0.482        ; 0.184          ; Low Pulse Width ; vga_controller:vga_controller_inst|clk_25 ; Rise       ; vga_controller:vga_controller_inst|h_pos_internal[3]  ;
; 0.298  ; 0.482        ; 0.184          ; Low Pulse Width ; vga_controller:vga_controller_inst|clk_25 ; Rise       ; vga_controller:vga_controller_inst|h_pos_internal[4]  ;
; 0.298  ; 0.482        ; 0.184          ; Low Pulse Width ; vga_controller:vga_controller_inst|clk_25 ; Rise       ; vga_controller:vga_controller_inst|h_pos_internal[5]  ;
; 0.298  ; 0.482        ; 0.184          ; Low Pulse Width ; vga_controller:vga_controller_inst|clk_25 ; Rise       ; vga_controller:vga_controller_inst|h_pos_internal[6]  ;
; 0.298  ; 0.482        ; 0.184          ; Low Pulse Width ; vga_controller:vga_controller_inst|clk_25 ; Rise       ; vga_controller:vga_controller_inst|h_pos_internal[7]  ;
; 0.298  ; 0.482        ; 0.184          ; Low Pulse Width ; vga_controller:vga_controller_inst|clk_25 ; Rise       ; vga_controller:vga_controller_inst|h_pos_internal[8]  ;
; 0.298  ; 0.482        ; 0.184          ; Low Pulse Width ; vga_controller:vga_controller_inst|clk_25 ; Rise       ; vga_controller:vga_controller_inst|h_pos_internal[9]  ;
+--------+--------------+----------------+-----------------+-------------------------------------------+------------+-------------------------------------------------------+


+------------------------------------------------------------------------+
; Setup Times                                                            ;
+------------+------------+-------+-------+------------+-----------------+
; Data Port  ; Clock Port ; Rise  ; Fall  ; Clock Edge ; Clock Reference ;
+------------+------------+-------+-------+------------+-----------------+
; Rst        ; clk_in     ; 3.843 ; 4.237 ; Rise       ; clk_in          ;
; i_serial   ; clk_in     ; 3.702 ; 4.136 ; Rise       ; clk_in          ;
; paddledwn2 ; clk_in     ; 3.173 ; 3.581 ; Rise       ; clk_in          ;
; paddleup2  ; clk_in     ; 2.813 ; 3.195 ; Rise       ; clk_in          ;
; startGame  ; clk_in     ; 3.088 ; 3.474 ; Rise       ; clk_in          ;
+------------+------------+-------+-------+------------+-----------------+


+--------------------------------------------------------------------------+
; Hold Times                                                               ;
+------------+------------+--------+--------+------------+-----------------+
; Data Port  ; Clock Port ; Rise   ; Fall   ; Clock Edge ; Clock Reference ;
+------------+------------+--------+--------+------------+-----------------+
; Rst        ; clk_in     ; -1.378 ; -1.758 ; Rise       ; clk_in          ;
; i_serial   ; clk_in     ; -1.546 ; -1.956 ; Rise       ; clk_in          ;
; paddledwn2 ; clk_in     ; -1.943 ; -2.358 ; Rise       ; clk_in          ;
; paddleup2  ; clk_in     ; -1.494 ; -1.855 ; Rise       ; clk_in          ;
; startGame  ; clk_in     ; -1.738 ; -2.105 ; Rise       ; clk_in          ;
+------------+------------+--------+--------+------------+-----------------+


+---------------------------------------------------------------------------------------------------------------------------------+
; Clock to Output Times                                                                                                           ;
+------------+-------------------------------------------+-------+-------+------------+-------------------------------------------+
; Data Port  ; Clock Port                                ; Rise  ; Fall  ; Clock Edge ; Clock Reference                           ;
+------------+-------------------------------------------+-------+-------+------------+-------------------------------------------+
; dout_b[*]  ; clk_in                                    ; 7.850 ; 7.810 ; Rise       ; clk_in                                    ;
;  dout_b[0] ; clk_in                                    ; 7.825 ; 7.766 ; Rise       ; clk_in                                    ;
;  dout_b[1] ; clk_in                                    ; 7.825 ; 7.766 ; Rise       ; clk_in                                    ;
;  dout_b[2] ; clk_in                                    ; 7.825 ; 7.766 ; Rise       ; clk_in                                    ;
;  dout_b[3] ; clk_in                                    ; 7.850 ; 7.810 ; Rise       ; clk_in                                    ;
; dout_g[*]  ; clk_in                                    ; 7.854 ; 7.812 ; Rise       ; clk_in                                    ;
;  dout_g[0] ; clk_in                                    ; 7.629 ; 7.577 ; Rise       ; clk_in                                    ;
;  dout_g[1] ; clk_in                                    ; 7.854 ; 7.812 ; Rise       ; clk_in                                    ;
;  dout_g[2] ; clk_in                                    ; 7.850 ; 7.810 ; Rise       ; clk_in                                    ;
;  dout_g[3] ; clk_in                                    ; 7.619 ; 7.567 ; Rise       ; clk_in                                    ;
; dout_r[*]  ; clk_in                                    ; 8.100 ; 8.056 ; Rise       ; clk_in                                    ;
;  dout_r[0] ; clk_in                                    ; 7.855 ; 7.823 ; Rise       ; clk_in                                    ;
;  dout_r[1] ; clk_in                                    ; 8.100 ; 8.056 ; Rise       ; clk_in                                    ;
;  dout_r[2] ; clk_in                                    ; 7.187 ; 7.157 ; Rise       ; clk_in                                    ;
;  dout_r[3] ; clk_in                                    ; 7.870 ; 7.830 ; Rise       ; clk_in                                    ;
; seg1[*]    ; clk_in                                    ; 5.730 ; 5.684 ; Rise       ; clk_in                                    ;
;  seg1[0]   ; clk_in                                    ; 5.460 ; 5.393 ; Rise       ; clk_in                                    ;
;  seg1[1]   ; clk_in                                    ; 5.535 ; 5.512 ; Rise       ; clk_in                                    ;
;  seg1[2]   ; clk_in                                    ; 5.719 ; 5.673 ; Rise       ; clk_in                                    ;
;  seg1[3]   ; clk_in                                    ; 5.730 ; 5.684 ; Rise       ; clk_in                                    ;
;  seg1[4]   ; clk_in                                    ; 5.712 ; 5.661 ; Rise       ; clk_in                                    ;
;  seg1[5]   ; clk_in                                    ; 5.276 ; 5.260 ; Rise       ; clk_in                                    ;
; seg2[*]    ; clk_in                                    ; 5.399 ; 5.324 ; Rise       ; clk_in                                    ;
;  seg2[0]   ; clk_in                                    ; 5.399 ; 5.324 ; Rise       ; clk_in                                    ;
;  seg2[1]   ; clk_in                                    ; 5.221 ; 5.180 ; Rise       ; clk_in                                    ;
;  seg2[2]   ; clk_in                                    ; 5.233 ; 5.195 ; Rise       ; clk_in                                    ;
;  seg2[3]   ; clk_in                                    ; 5.054 ; 5.037 ; Rise       ; clk_in                                    ;
;  seg2[4]   ; clk_in                                    ; 5.052 ; 5.032 ; Rise       ; clk_in                                    ;
;  seg2[5]   ; clk_in                                    ; 5.346 ; 5.298 ; Rise       ; clk_in                                    ;
; HSync      ; vga_controller:vga_controller_inst|clk_25 ; 5.307 ; 5.255 ; Rise       ; vga_controller:vga_controller_inst|clk_25 ;
; VSync      ; vga_controller:vga_controller_inst|clk_25 ; 5.302 ; 5.297 ; Rise       ; vga_controller:vga_controller_inst|clk_25 ;
+------------+-------------------------------------------+-------+-------+------------+-------------------------------------------+


+---------------------------------------------------------------------------------------------------------------------------------+
; Minimum Clock to Output Times                                                                                                   ;
+------------+-------------------------------------------+-------+-------+------------+-------------------------------------------+
; Data Port  ; Clock Port                                ; Rise  ; Fall  ; Clock Edge ; Clock Reference                           ;
+------------+-------------------------------------------+-------+-------+------------+-------------------------------------------+
; dout_b[*]  ; clk_in                                    ; 7.261 ; 7.216 ; Rise       ; clk_in                                    ;
;  dout_b[0] ; clk_in                                    ; 7.261 ; 7.216 ; Rise       ; clk_in                                    ;
;  dout_b[1] ; clk_in                                    ; 7.261 ; 7.216 ; Rise       ; clk_in                                    ;
;  dout_b[2] ; clk_in                                    ; 7.261 ; 7.216 ; Rise       ; clk_in                                    ;
;  dout_b[3] ; clk_in                                    ; 7.285 ; 7.258 ; Rise       ; clk_in                                    ;
; dout_g[*]  ; clk_in                                    ; 7.063 ; 7.026 ; Rise       ; clk_in                                    ;
;  dout_g[0] ; clk_in                                    ; 7.073 ; 7.036 ; Rise       ; clk_in                                    ;
;  dout_g[1] ; clk_in                                    ; 7.288 ; 7.260 ; Rise       ; clk_in                                    ;
;  dout_g[2] ; clk_in                                    ; 7.285 ; 7.258 ; Rise       ; clk_in                                    ;
;  dout_g[3] ; clk_in                                    ; 7.063 ; 7.026 ; Rise       ; clk_in                                    ;
; dout_r[*]  ; clk_in                                    ; 6.648 ; 6.631 ; Rise       ; clk_in                                    ;
;  dout_r[0] ; clk_in                                    ; 7.291 ; 7.271 ; Rise       ; clk_in                                    ;
;  dout_r[1] ; clk_in                                    ; 7.524 ; 7.494 ; Rise       ; clk_in                                    ;
;  dout_r[2] ; clk_in                                    ; 6.648 ; 6.631 ; Rise       ; clk_in                                    ;
;  dout_r[3] ; clk_in                                    ; 7.305 ; 7.278 ; Rise       ; clk_in                                    ;
; seg1[*]    ; clk_in                                    ; 5.169 ; 5.152 ; Rise       ; clk_in                                    ;
;  seg1[0]   ; clk_in                                    ; 5.346 ; 5.280 ; Rise       ; clk_in                                    ;
;  seg1[1]   ; clk_in                                    ; 5.418 ; 5.394 ; Rise       ; clk_in                                    ;
;  seg1[2]   ; clk_in                                    ; 5.595 ; 5.549 ; Rise       ; clk_in                                    ;
;  seg1[3]   ; clk_in                                    ; 5.606 ; 5.560 ; Rise       ; clk_in                                    ;
;  seg1[4]   ; clk_in                                    ; 5.589 ; 5.537 ; Rise       ; clk_in                                    ;
;  seg1[5]   ; clk_in                                    ; 5.169 ; 5.152 ; Rise       ; clk_in                                    ;
; seg2[*]    ; clk_in                                    ; 4.957 ; 4.935 ; Rise       ; clk_in                                    ;
;  seg2[0]   ; clk_in                                    ; 5.288 ; 5.214 ; Rise       ; clk_in                                    ;
;  seg2[1]   ; clk_in                                    ; 5.118 ; 5.077 ; Rise       ; clk_in                                    ;
;  seg2[2]   ; clk_in                                    ; 5.129 ; 5.091 ; Rise       ; clk_in                                    ;
;  seg2[3]   ; clk_in                                    ; 4.959 ; 4.941 ; Rise       ; clk_in                                    ;
;  seg2[4]   ; clk_in                                    ; 4.957 ; 4.935 ; Rise       ; clk_in                                    ;
;  seg2[5]   ; clk_in                                    ; 5.237 ; 5.189 ; Rise       ; clk_in                                    ;
; HSync      ; vga_controller:vga_controller_inst|clk_25 ; 5.176 ; 5.126 ; Rise       ; vga_controller:vga_controller_inst|clk_25 ;
; VSync      ; vga_controller:vga_controller_inst|clk_25 ; 5.171 ; 5.165 ; Rise       ; vga_controller:vga_controller_inst|clk_25 ;
+------------+-------------------------------------------+-------+-------+------------+-------------------------------------------+


+----------------------------------------------------+
; Propagation Delay                                  ;
+------------+-------------+-------+----+----+-------+
; Input Port ; Output Port ; RR    ; RF ; FR ; FF    ;
+------------+-------------+-------+----+----+-------+
; startGame  ; dout_b[0]   ; 8.045 ;    ;    ; 8.314 ;
; startGame  ; dout_b[1]   ; 8.045 ;    ;    ; 8.314 ;
; startGame  ; dout_b[2]   ; 8.045 ;    ;    ; 8.314 ;
; startGame  ; dout_b[3]   ; 8.070 ;    ;    ; 8.358 ;
; startGame  ; dout_g[0]   ; 7.849 ;    ;    ; 8.125 ;
; startGame  ; dout_g[1]   ; 8.074 ;    ;    ; 8.360 ;
; startGame  ; dout_g[2]   ; 8.070 ;    ;    ; 8.358 ;
; startGame  ; dout_g[3]   ; 7.839 ;    ;    ; 8.115 ;
; startGame  ; dout_r[0]   ; 8.075 ;    ;    ; 8.371 ;
; startGame  ; dout_r[1]   ; 8.320 ;    ;    ; 8.604 ;
; startGame  ; dout_r[2]   ; 7.407 ;    ;    ; 7.705 ;
; startGame  ; dout_r[3]   ; 8.090 ;    ;    ; 8.378 ;
+------------+-------------+-------+----+----+-------+


+----------------------------------------------------+
; Minimum Propagation Delay                          ;
+------------+-------------+-------+----+----+-------+
; Input Port ; Output Port ; RR    ; RF ; FR ; FF    ;
+------------+-------------+-------+----+----+-------+
; startGame  ; dout_b[0]   ; 7.838 ;    ;    ; 8.102 ;
; startGame  ; dout_b[1]   ; 7.838 ;    ;    ; 8.102 ;
; startGame  ; dout_b[2]   ; 7.838 ;    ;    ; 8.102 ;
; startGame  ; dout_b[3]   ; 7.862 ;    ;    ; 8.144 ;
; startGame  ; dout_g[0]   ; 7.650 ;    ;    ; 7.922 ;
; startGame  ; dout_g[1]   ; 7.865 ;    ;    ; 8.146 ;
; startGame  ; dout_g[2]   ; 7.862 ;    ;    ; 8.144 ;
; startGame  ; dout_g[3]   ; 7.640 ;    ;    ; 7.912 ;
; startGame  ; dout_r[0]   ; 7.868 ;    ;    ; 8.157 ;
; startGame  ; dout_r[1]   ; 8.101 ;    ;    ; 8.380 ;
; startGame  ; dout_r[2]   ; 7.225 ;    ;    ; 7.517 ;
; startGame  ; dout_r[3]   ; 7.882 ;    ;    ; 8.164 ;
+------------+-------------+-------+----+----+-------+


---------------------------------------------
; Slow 1200mV 0C Model Metastability Report ;
---------------------------------------------
No synchronizer chains to report.


+--------------------------------------------------------------------+
; Fast 1200mV 0C Model Setup Summary                                 ;
+-------------------------------------------+--------+---------------+
; Clock                                     ; Slack  ; End Point TNS ;
+-------------------------------------------+--------+---------------+
; clk_in                                    ; -2.849 ; -594.643      ;
; vga_controller:vga_controller_inst|clk_25 ; -1.179 ; -57.985       ;
+-------------------------------------------+--------+---------------+


+--------------------------------------------------------------------+
; Fast 1200mV 0C Model Hold Summary                                  ;
+-------------------------------------------+--------+---------------+
; Clock                                     ; Slack  ; End Point TNS ;
+-------------------------------------------+--------+---------------+
; clk_in                                    ; -0.011 ; -0.011        ;
; vga_controller:vga_controller_inst|clk_25 ; 0.285  ; 0.000         ;
+-------------------------------------------+--------+---------------+


-----------------------------------------
; Fast 1200mV 0C Model Recovery Summary ;
-----------------------------------------
No paths to report.


----------------------------------------
; Fast 1200mV 0C Model Removal Summary ;
----------------------------------------
No paths to report.


+--------------------------------------------------------------------+
; Fast 1200mV 0C Model Minimum Pulse Width Summary                   ;
+-------------------------------------------+--------+---------------+
; Clock                                     ; Slack  ; End Point TNS ;
+-------------------------------------------+--------+---------------+
; clk_in                                    ; -3.000 ; -394.697      ;
; vga_controller:vga_controller_inst|clk_25 ; -1.000 ; -66.000       ;
+-------------------------------------------+--------+---------------+


+------------------------------------------------------------------------------------------------------------------------------------------------------------------------------------+
; Fast 1200mV 0C Model Setup: 'clk_in'                                                                                                                                               ;
+--------+----------------------------------------------+------------------------------------------------------+--------------+-------------+--------------+------------+------------+
; Slack  ; From Node                                    ; To Node                                              ; Launch Clock ; Latch Clock ; Relationship ; Clock Skew ; Data Delay ;
+--------+----------------------------------------------+------------------------------------------------------+--------------+-------------+--------------+------------+------------+
; -2.849 ; paddle2_ctrl:paddle2_ctrl_inst|count_clk[31] ; paddle2_ctrl:paddle2_ctrl_inst|y_paddle_internal[31] ; clk_in       ; clk_in      ; 1.000        ; -0.050     ; 3.786      ;
; -2.845 ; paddle2_ctrl:paddle2_ctrl_inst|count_clk[31] ; paddle2_ctrl:paddle2_ctrl_inst|y_paddle_internal[30] ; clk_in       ; clk_in      ; 1.000        ; -0.050     ; 3.782      ;
; -2.781 ; paddle2_ctrl:paddle2_ctrl_inst|count_clk[31] ; paddle2_ctrl:paddle2_ctrl_inst|y_paddle_internal[29] ; clk_in       ; clk_in      ; 1.000        ; -0.050     ; 3.718      ;
; -2.777 ; paddle2_ctrl:paddle2_ctrl_inst|count_clk[31] ; paddle2_ctrl:paddle2_ctrl_inst|y_paddle_internal[28] ; clk_in       ; clk_in      ; 1.000        ; -0.050     ; 3.714      ;
; -2.749 ; paddle2_ctrl:paddle2_ctrl_inst|count_clk[17] ; paddle2_ctrl:paddle2_ctrl_inst|y_paddle_internal[31] ; clk_in       ; clk_in      ; 1.000        ; -0.050     ; 3.686      ;
; -2.749 ; paddle2_ctrl:paddle2_ctrl_inst|count_clk[18] ; paddle2_ctrl:paddle2_ctrl_inst|y_paddle_internal[31] ; clk_in       ; clk_in      ; 1.000        ; -0.050     ; 3.686      ;
; -2.745 ; paddle2_ctrl:paddle2_ctrl_inst|count_clk[26] ; paddle2_ctrl:paddle2_ctrl_inst|y_paddle_internal[31] ; clk_in       ; clk_in      ; 1.000        ; -0.050     ; 3.682      ;
; -2.745 ; paddle2_ctrl:paddle2_ctrl_inst|count_clk[17] ; paddle2_ctrl:paddle2_ctrl_inst|y_paddle_internal[30] ; clk_in       ; clk_in      ; 1.000        ; -0.050     ; 3.682      ;
; -2.745 ; paddle2_ctrl:paddle2_ctrl_inst|count_clk[18] ; paddle2_ctrl:paddle2_ctrl_inst|y_paddle_internal[30] ; clk_in       ; clk_in      ; 1.000        ; -0.050     ; 3.682      ;
; -2.741 ; paddle2_ctrl:paddle2_ctrl_inst|count_clk[26] ; paddle2_ctrl:paddle2_ctrl_inst|y_paddle_internal[30] ; clk_in       ; clk_in      ; 1.000        ; -0.050     ; 3.678      ;
; -2.741 ; paddle2_ctrl:paddle2_ctrl_inst|count_clk[24] ; paddle2_ctrl:paddle2_ctrl_inst|y_paddle_internal[31] ; clk_in       ; clk_in      ; 1.000        ; -0.050     ; 3.678      ;
; -2.737 ; paddle2_ctrl:paddle2_ctrl_inst|count_clk[24] ; paddle2_ctrl:paddle2_ctrl_inst|y_paddle_internal[30] ; clk_in       ; clk_in      ; 1.000        ; -0.050     ; 3.674      ;
; -2.736 ; paddle2_ctrl:paddle2_ctrl_inst|count_clk[21] ; paddle2_ctrl:paddle2_ctrl_inst|y_paddle_internal[31] ; clk_in       ; clk_in      ; 1.000        ; -0.050     ; 3.673      ;
; -2.733 ; paddle2_ctrl:paddle2_ctrl_inst|count_clk[30] ; paddle2_ctrl:paddle2_ctrl_inst|y_paddle_internal[31] ; clk_in       ; clk_in      ; 1.000        ; -0.050     ; 3.670      ;
; -2.732 ; paddle2_ctrl:paddle2_ctrl_inst|count_clk[21] ; paddle2_ctrl:paddle2_ctrl_inst|y_paddle_internal[30] ; clk_in       ; clk_in      ; 1.000        ; -0.050     ; 3.669      ;
; -2.729 ; paddle2_ctrl:paddle2_ctrl_inst|count_clk[30] ; paddle2_ctrl:paddle2_ctrl_inst|y_paddle_internal[30] ; clk_in       ; clk_in      ; 1.000        ; -0.050     ; 3.666      ;
; -2.713 ; paddle2_ctrl:paddle2_ctrl_inst|count_clk[31] ; paddle2_ctrl:paddle2_ctrl_inst|y_paddle_internal[27] ; clk_in       ; clk_in      ; 1.000        ; -0.050     ; 3.650      ;
; -2.709 ; paddle2_ctrl:paddle2_ctrl_inst|count_clk[31] ; paddle2_ctrl:paddle2_ctrl_inst|y_paddle_internal[26] ; clk_in       ; clk_in      ; 1.000        ; -0.050     ; 3.646      ;
; -2.709 ; paddle2_ctrl:paddle2_ctrl_inst|count_clk[23] ; paddle2_ctrl:paddle2_ctrl_inst|y_paddle_internal[31] ; clk_in       ; clk_in      ; 1.000        ; -0.050     ; 3.646      ;
; -2.705 ; paddle2_ctrl:paddle2_ctrl_inst|count_clk[23] ; paddle2_ctrl:paddle2_ctrl_inst|y_paddle_internal[30] ; clk_in       ; clk_in      ; 1.000        ; -0.050     ; 3.642      ;
; -2.700 ; paddle2_ctrl:paddle2_ctrl_inst|count_clk[25] ; paddle2_ctrl:paddle2_ctrl_inst|y_paddle_internal[31] ; clk_in       ; clk_in      ; 1.000        ; -0.050     ; 3.637      ;
; -2.696 ; paddle2_ctrl:paddle2_ctrl_inst|count_clk[25] ; paddle2_ctrl:paddle2_ctrl_inst|y_paddle_internal[30] ; clk_in       ; clk_in      ; 1.000        ; -0.050     ; 3.633      ;
; -2.694 ; paddle2_ctrl:paddle2_ctrl_inst|count_clk[6]  ; paddle2_ctrl:paddle2_ctrl_inst|y_paddle_internal[31] ; clk_in       ; clk_in      ; 1.000        ; -0.049     ; 3.632      ;
; -2.694 ; paddle2_ctrl:paddle2_ctrl_inst|count_clk[29] ; paddle2_ctrl:paddle2_ctrl_inst|y_paddle_internal[31] ; clk_in       ; clk_in      ; 1.000        ; -0.050     ; 3.631      ;
; -2.690 ; paddle2_ctrl:paddle2_ctrl_inst|count_clk[6]  ; paddle2_ctrl:paddle2_ctrl_inst|y_paddle_internal[30] ; clk_in       ; clk_in      ; 1.000        ; -0.049     ; 3.628      ;
; -2.690 ; paddle2_ctrl:paddle2_ctrl_inst|count_clk[29] ; paddle2_ctrl:paddle2_ctrl_inst|y_paddle_internal[30] ; clk_in       ; clk_in      ; 1.000        ; -0.050     ; 3.627      ;
; -2.685 ; paddle2_ctrl:paddle2_ctrl_inst|count_clk[16] ; paddle2_ctrl:paddle2_ctrl_inst|y_paddle_internal[31] ; clk_in       ; clk_in      ; 1.000        ; -0.050     ; 3.622      ;
; -2.681 ; paddle2_ctrl:paddle2_ctrl_inst|count_clk[17] ; paddle2_ctrl:paddle2_ctrl_inst|y_paddle_internal[29] ; clk_in       ; clk_in      ; 1.000        ; -0.050     ; 3.618      ;
; -2.681 ; paddle2_ctrl:paddle2_ctrl_inst|count_clk[16] ; paddle2_ctrl:paddle2_ctrl_inst|y_paddle_internal[30] ; clk_in       ; clk_in      ; 1.000        ; -0.050     ; 3.618      ;
; -2.681 ; paddle2_ctrl:paddle2_ctrl_inst|count_clk[18] ; paddle2_ctrl:paddle2_ctrl_inst|y_paddle_internal[29] ; clk_in       ; clk_in      ; 1.000        ; -0.050     ; 3.618      ;
; -2.677 ; paddle2_ctrl:paddle2_ctrl_inst|count_clk[26] ; paddle2_ctrl:paddle2_ctrl_inst|y_paddle_internal[29] ; clk_in       ; clk_in      ; 1.000        ; -0.050     ; 3.614      ;
; -2.677 ; paddle2_ctrl:paddle2_ctrl_inst|count_clk[17] ; paddle2_ctrl:paddle2_ctrl_inst|y_paddle_internal[28] ; clk_in       ; clk_in      ; 1.000        ; -0.050     ; 3.614      ;
; -2.677 ; paddle2_ctrl:paddle2_ctrl_inst|count_clk[18] ; paddle2_ctrl:paddle2_ctrl_inst|y_paddle_internal[28] ; clk_in       ; clk_in      ; 1.000        ; -0.050     ; 3.614      ;
; -2.673 ; paddle2_ctrl:paddle2_ctrl_inst|count_clk[26] ; paddle2_ctrl:paddle2_ctrl_inst|y_paddle_internal[28] ; clk_in       ; clk_in      ; 1.000        ; -0.050     ; 3.610      ;
; -2.673 ; paddle2_ctrl:paddle2_ctrl_inst|count_clk[24] ; paddle2_ctrl:paddle2_ctrl_inst|y_paddle_internal[29] ; clk_in       ; clk_in      ; 1.000        ; -0.050     ; 3.610      ;
; -2.669 ; paddle2_ctrl:paddle2_ctrl_inst|count_clk[24] ; paddle2_ctrl:paddle2_ctrl_inst|y_paddle_internal[28] ; clk_in       ; clk_in      ; 1.000        ; -0.050     ; 3.606      ;
; -2.668 ; paddle2_ctrl:paddle2_ctrl_inst|count_clk[21] ; paddle2_ctrl:paddle2_ctrl_inst|y_paddle_internal[29] ; clk_in       ; clk_in      ; 1.000        ; -0.050     ; 3.605      ;
; -2.665 ; paddle2_ctrl:paddle2_ctrl_inst|count_clk[30] ; paddle2_ctrl:paddle2_ctrl_inst|y_paddle_internal[29] ; clk_in       ; clk_in      ; 1.000        ; -0.050     ; 3.602      ;
; -2.664 ; paddle2_ctrl:paddle2_ctrl_inst|count_clk[21] ; paddle2_ctrl:paddle2_ctrl_inst|y_paddle_internal[28] ; clk_in       ; clk_in      ; 1.000        ; -0.050     ; 3.601      ;
; -2.661 ; paddle2_ctrl:paddle2_ctrl_inst|count_clk[30] ; paddle2_ctrl:paddle2_ctrl_inst|y_paddle_internal[28] ; clk_in       ; clk_in      ; 1.000        ; -0.050     ; 3.598      ;
; -2.655 ; paddle2_ctrl:paddle2_ctrl_inst|count_clk[27] ; paddle2_ctrl:paddle2_ctrl_inst|y_paddle_internal[31] ; clk_in       ; clk_in      ; 1.000        ; -0.050     ; 3.592      ;
; -2.651 ; paddle2_ctrl:paddle2_ctrl_inst|count_clk[27] ; paddle2_ctrl:paddle2_ctrl_inst|y_paddle_internal[30] ; clk_in       ; clk_in      ; 1.000        ; -0.050     ; 3.588      ;
; -2.648 ; paddle2_ctrl:paddle2_ctrl_inst|count_clk[4]  ; paddle2_ctrl:paddle2_ctrl_inst|y_paddle_internal[31] ; clk_in       ; clk_in      ; 1.000        ; -0.049     ; 3.586      ;
; -2.645 ; paddle2_ctrl:paddle2_ctrl_inst|count_clk[31] ; paddle2_ctrl:paddle2_ctrl_inst|y_paddle_internal[25] ; clk_in       ; clk_in      ; 1.000        ; -0.050     ; 3.582      ;
; -2.644 ; paddle2_ctrl:paddle2_ctrl_inst|count_clk[28] ; paddle2_ctrl:paddle2_ctrl_inst|y_paddle_internal[31] ; clk_in       ; clk_in      ; 1.000        ; -0.050     ; 3.581      ;
; -2.644 ; paddle2_ctrl:paddle2_ctrl_inst|count_clk[4]  ; paddle2_ctrl:paddle2_ctrl_inst|y_paddle_internal[30] ; clk_in       ; clk_in      ; 1.000        ; -0.049     ; 3.582      ;
; -2.643 ; paddle2_ctrl:paddle2_ctrl_inst|count_clk[22] ; paddle2_ctrl:paddle2_ctrl_inst|y_paddle_internal[31] ; clk_in       ; clk_in      ; 1.000        ; -0.050     ; 3.580      ;
; -2.641 ; paddle2_ctrl:paddle2_ctrl_inst|count_clk[31] ; paddle2_ctrl:paddle2_ctrl_inst|y_paddle_internal[24] ; clk_in       ; clk_in      ; 1.000        ; -0.050     ; 3.578      ;
; -2.641 ; paddle2_ctrl:paddle2_ctrl_inst|count_clk[23] ; paddle2_ctrl:paddle2_ctrl_inst|y_paddle_internal[29] ; clk_in       ; clk_in      ; 1.000        ; -0.050     ; 3.578      ;
; -2.640 ; paddle2_ctrl:paddle2_ctrl_inst|count_clk[28] ; paddle2_ctrl:paddle2_ctrl_inst|y_paddle_internal[30] ; clk_in       ; clk_in      ; 1.000        ; -0.050     ; 3.577      ;
; -2.639 ; paddle2_ctrl:paddle2_ctrl_inst|count_clk[22] ; paddle2_ctrl:paddle2_ctrl_inst|y_paddle_internal[30] ; clk_in       ; clk_in      ; 1.000        ; -0.050     ; 3.576      ;
; -2.637 ; paddle2_ctrl:paddle2_ctrl_inst|count_clk[23] ; paddle2_ctrl:paddle2_ctrl_inst|y_paddle_internal[28] ; clk_in       ; clk_in      ; 1.000        ; -0.050     ; 3.574      ;
; -2.632 ; paddle2_ctrl:paddle2_ctrl_inst|count_clk[25] ; paddle2_ctrl:paddle2_ctrl_inst|y_paddle_internal[29] ; clk_in       ; clk_in      ; 1.000        ; -0.050     ; 3.569      ;
; -2.628 ; paddle2_ctrl:paddle2_ctrl_inst|count_clk[25] ; paddle2_ctrl:paddle2_ctrl_inst|y_paddle_internal[28] ; clk_in       ; clk_in      ; 1.000        ; -0.050     ; 3.565      ;
; -2.626 ; paddle2_ctrl:paddle2_ctrl_inst|count_clk[6]  ; paddle2_ctrl:paddle2_ctrl_inst|y_paddle_internal[29] ; clk_in       ; clk_in      ; 1.000        ; -0.049     ; 3.564      ;
; -2.626 ; paddle2_ctrl:paddle2_ctrl_inst|count_clk[29] ; paddle2_ctrl:paddle2_ctrl_inst|y_paddle_internal[29] ; clk_in       ; clk_in      ; 1.000        ; -0.050     ; 3.563      ;
; -2.622 ; paddle2_ctrl:paddle2_ctrl_inst|count_clk[6]  ; paddle2_ctrl:paddle2_ctrl_inst|y_paddle_internal[28] ; clk_in       ; clk_in      ; 1.000        ; -0.049     ; 3.560      ;
; -2.622 ; paddle2_ctrl:paddle2_ctrl_inst|count_clk[29] ; paddle2_ctrl:paddle2_ctrl_inst|y_paddle_internal[28] ; clk_in       ; clk_in      ; 1.000        ; -0.050     ; 3.559      ;
; -2.619 ; paddle2_ctrl:paddle2_ctrl_inst|count_clk[15] ; paddle2_ctrl:paddle2_ctrl_inst|y_paddle_internal[31] ; clk_in       ; clk_in      ; 1.000        ; -0.049     ; 3.557      ;
; -2.617 ; paddle2_ctrl:paddle2_ctrl_inst|count_clk[16] ; paddle2_ctrl:paddle2_ctrl_inst|y_paddle_internal[29] ; clk_in       ; clk_in      ; 1.000        ; -0.050     ; 3.554      ;
; -2.616 ; paddle2_ctrl:paddle2_ctrl_inst|count_clk[7]  ; paddle2_ctrl:paddle2_ctrl_inst|y_paddle_internal[31] ; clk_in       ; clk_in      ; 1.000        ; -0.050     ; 3.553      ;
; -2.616 ; paddle2_ctrl:paddle2_ctrl_inst|count_clk[5]  ; paddle2_ctrl:paddle2_ctrl_inst|y_paddle_internal[31] ; clk_in       ; clk_in      ; 1.000        ; -0.050     ; 3.553      ;
; -2.615 ; paddle2_ctrl:paddle2_ctrl_inst|count_clk[15] ; paddle2_ctrl:paddle2_ctrl_inst|y_paddle_internal[30] ; clk_in       ; clk_in      ; 1.000        ; -0.049     ; 3.553      ;
; -2.614 ; paddle2_ctrl:paddle2_ctrl_inst|count_clk[19] ; paddle2_ctrl:paddle2_ctrl_inst|y_paddle_internal[31] ; clk_in       ; clk_in      ; 1.000        ; -0.050     ; 3.551      ;
; -2.614 ; paddle2_ctrl:paddle2_ctrl_inst|count_clk[9]  ; paddle2_ctrl:paddle2_ctrl_inst|y_paddle_internal[31] ; clk_in       ; clk_in      ; 1.000        ; -0.049     ; 3.552      ;
; -2.613 ; paddle2_ctrl:paddle2_ctrl_inst|count_clk[17] ; paddle2_ctrl:paddle2_ctrl_inst|y_paddle_internal[27] ; clk_in       ; clk_in      ; 1.000        ; -0.050     ; 3.550      ;
; -2.613 ; paddle2_ctrl:paddle2_ctrl_inst|count_clk[16] ; paddle2_ctrl:paddle2_ctrl_inst|y_paddle_internal[28] ; clk_in       ; clk_in      ; 1.000        ; -0.050     ; 3.550      ;
; -2.613 ; paddle2_ctrl:paddle2_ctrl_inst|count_clk[18] ; paddle2_ctrl:paddle2_ctrl_inst|y_paddle_internal[27] ; clk_in       ; clk_in      ; 1.000        ; -0.050     ; 3.550      ;
; -2.612 ; paddle2_ctrl:paddle2_ctrl_inst|count_clk[7]  ; paddle2_ctrl:paddle2_ctrl_inst|y_paddle_internal[30] ; clk_in       ; clk_in      ; 1.000        ; -0.050     ; 3.549      ;
; -2.612 ; paddle2_ctrl:paddle2_ctrl_inst|count_clk[5]  ; paddle2_ctrl:paddle2_ctrl_inst|y_paddle_internal[30] ; clk_in       ; clk_in      ; 1.000        ; -0.050     ; 3.549      ;
; -2.610 ; paddle2_ctrl:paddle2_ctrl_inst|count_clk[19] ; paddle2_ctrl:paddle2_ctrl_inst|y_paddle_internal[30] ; clk_in       ; clk_in      ; 1.000        ; -0.050     ; 3.547      ;
; -2.610 ; paddle2_ctrl:paddle2_ctrl_inst|count_clk[20] ; paddle2_ctrl:paddle2_ctrl_inst|y_paddle_internal[31] ; clk_in       ; clk_in      ; 1.000        ; -0.050     ; 3.547      ;
; -2.610 ; paddle2_ctrl:paddle2_ctrl_inst|count_clk[9]  ; paddle2_ctrl:paddle2_ctrl_inst|y_paddle_internal[30] ; clk_in       ; clk_in      ; 1.000        ; -0.049     ; 3.548      ;
; -2.609 ; paddle2_ctrl:paddle2_ctrl_inst|count_clk[26] ; paddle2_ctrl:paddle2_ctrl_inst|y_paddle_internal[27] ; clk_in       ; clk_in      ; 1.000        ; -0.050     ; 3.546      ;
; -2.609 ; paddle2_ctrl:paddle2_ctrl_inst|count_clk[17] ; paddle2_ctrl:paddle2_ctrl_inst|y_paddle_internal[26] ; clk_in       ; clk_in      ; 1.000        ; -0.050     ; 3.546      ;
; -2.609 ; paddle2_ctrl:paddle2_ctrl_inst|count_clk[18] ; paddle2_ctrl:paddle2_ctrl_inst|y_paddle_internal[26] ; clk_in       ; clk_in      ; 1.000        ; -0.050     ; 3.546      ;
; -2.606 ; paddle2_ctrl:paddle2_ctrl_inst|count_clk[20] ; paddle2_ctrl:paddle2_ctrl_inst|y_paddle_internal[30] ; clk_in       ; clk_in      ; 1.000        ; -0.050     ; 3.543      ;
; -2.605 ; paddle2_ctrl:paddle2_ctrl_inst|count_clk[26] ; paddle2_ctrl:paddle2_ctrl_inst|y_paddle_internal[26] ; clk_in       ; clk_in      ; 1.000        ; -0.050     ; 3.542      ;
; -2.605 ; paddle2_ctrl:paddle2_ctrl_inst|count_clk[24] ; paddle2_ctrl:paddle2_ctrl_inst|y_paddle_internal[27] ; clk_in       ; clk_in      ; 1.000        ; -0.050     ; 3.542      ;
; -2.601 ; paddle2_ctrl:paddle2_ctrl_inst|count_clk[24] ; paddle2_ctrl:paddle2_ctrl_inst|y_paddle_internal[26] ; clk_in       ; clk_in      ; 1.000        ; -0.050     ; 3.538      ;
; -2.600 ; paddle2_ctrl:paddle2_ctrl_inst|count_clk[21] ; paddle2_ctrl:paddle2_ctrl_inst|y_paddle_internal[27] ; clk_in       ; clk_in      ; 1.000        ; -0.050     ; 3.537      ;
; -2.597 ; paddle2_ctrl:paddle2_ctrl_inst|count_clk[30] ; paddle2_ctrl:paddle2_ctrl_inst|y_paddle_internal[27] ; clk_in       ; clk_in      ; 1.000        ; -0.050     ; 3.534      ;
; -2.596 ; paddle2_ctrl:paddle2_ctrl_inst|count_clk[21] ; paddle2_ctrl:paddle2_ctrl_inst|y_paddle_internal[26] ; clk_in       ; clk_in      ; 1.000        ; -0.050     ; 3.533      ;
; -2.593 ; paddle2_ctrl:paddle2_ctrl_inst|count_clk[30] ; paddle2_ctrl:paddle2_ctrl_inst|y_paddle_internal[26] ; clk_in       ; clk_in      ; 1.000        ; -0.050     ; 3.530      ;
; -2.587 ; paddle2_ctrl:paddle2_ctrl_inst|count_clk[27] ; paddle2_ctrl:paddle2_ctrl_inst|y_paddle_internal[29] ; clk_in       ; clk_in      ; 1.000        ; -0.050     ; 3.524      ;
; -2.583 ; paddle2_ctrl:paddle2_ctrl_inst|count_clk[27] ; paddle2_ctrl:paddle2_ctrl_inst|y_paddle_internal[28] ; clk_in       ; clk_in      ; 1.000        ; -0.050     ; 3.520      ;
; -2.580 ; paddle2_ctrl:paddle2_ctrl_inst|count_clk[4]  ; paddle2_ctrl:paddle2_ctrl_inst|y_paddle_internal[29] ; clk_in       ; clk_in      ; 1.000        ; -0.049     ; 3.518      ;
; -2.577 ; paddle2_ctrl:paddle2_ctrl_inst|count_clk[31] ; paddle2_ctrl:paddle2_ctrl_inst|y_paddle_internal[23] ; clk_in       ; clk_in      ; 1.000        ; -0.050     ; 3.514      ;
; -2.576 ; paddle2_ctrl:paddle2_ctrl_inst|count_clk[28] ; paddle2_ctrl:paddle2_ctrl_inst|y_paddle_internal[29] ; clk_in       ; clk_in      ; 1.000        ; -0.050     ; 3.513      ;
; -2.576 ; paddle2_ctrl:paddle2_ctrl_inst|count_clk[4]  ; paddle2_ctrl:paddle2_ctrl_inst|y_paddle_internal[28] ; clk_in       ; clk_in      ; 1.000        ; -0.049     ; 3.514      ;
; -2.575 ; paddle2_ctrl:paddle2_ctrl_inst|count_clk[22] ; paddle2_ctrl:paddle2_ctrl_inst|y_paddle_internal[29] ; clk_in       ; clk_in      ; 1.000        ; -0.050     ; 3.512      ;
; -2.573 ; paddle2_ctrl:paddle2_ctrl_inst|count_clk[31] ; paddle2_ctrl:paddle2_ctrl_inst|y_paddle_internal[22] ; clk_in       ; clk_in      ; 1.000        ; -0.050     ; 3.510      ;
; -2.573 ; paddle2_ctrl:paddle2_ctrl_inst|count_clk[23] ; paddle2_ctrl:paddle2_ctrl_inst|y_paddle_internal[27] ; clk_in       ; clk_in      ; 1.000        ; -0.050     ; 3.510      ;
; -2.572 ; paddle2_ctrl:paddle2_ctrl_inst|count_clk[28] ; paddle2_ctrl:paddle2_ctrl_inst|y_paddle_internal[28] ; clk_in       ; clk_in      ; 1.000        ; -0.050     ; 3.509      ;
; -2.571 ; paddle2_ctrl:paddle2_ctrl_inst|count_clk[22] ; paddle2_ctrl:paddle2_ctrl_inst|y_paddle_internal[28] ; clk_in       ; clk_in      ; 1.000        ; -0.050     ; 3.508      ;
; -2.569 ; paddle2_ctrl:paddle2_ctrl_inst|count_clk[23] ; paddle2_ctrl:paddle2_ctrl_inst|y_paddle_internal[26] ; clk_in       ; clk_in      ; 1.000        ; -0.050     ; 3.506      ;
; -2.564 ; paddle2_ctrl:paddle2_ctrl_inst|count_clk[25] ; paddle2_ctrl:paddle2_ctrl_inst|y_paddle_internal[27] ; clk_in       ; clk_in      ; 1.000        ; -0.050     ; 3.501      ;
; -2.560 ; paddle2_ctrl:paddle2_ctrl_inst|count_clk[25] ; paddle2_ctrl:paddle2_ctrl_inst|y_paddle_internal[26] ; clk_in       ; clk_in      ; 1.000        ; -0.050     ; 3.497      ;
; -2.558 ; paddle2_ctrl:paddle2_ctrl_inst|count_clk[6]  ; paddle2_ctrl:paddle2_ctrl_inst|y_paddle_internal[27] ; clk_in       ; clk_in      ; 1.000        ; -0.049     ; 3.496      ;
; -2.558 ; paddle2_ctrl:paddle2_ctrl_inst|count_clk[29] ; paddle2_ctrl:paddle2_ctrl_inst|y_paddle_internal[27] ; clk_in       ; clk_in      ; 1.000        ; -0.050     ; 3.495      ;
+--------+----------------------------------------------+------------------------------------------------------+--------------+-------------+--------------+------------+------------+


+---------------------------------------------------------------------------------------------------------------------------------------------------------------------------------------------------------------------------------------------------------+
; Fast 1200mV 0C Model Setup: 'vga_controller:vga_controller_inst|clk_25'                                                                                                                                                                                 ;
+--------+-------------------------------------------------------+-------------------------------------------------------+-------------------------------------------+-------------------------------------------+--------------+------------+------------+
; Slack  ; From Node                                             ; To Node                                               ; Launch Clock                              ; Latch Clock                               ; Relationship ; Clock Skew ; Data Delay ;
+--------+-------------------------------------------------------+-------------------------------------------------------+-------------------------------------------+-------------------------------------------+--------------+------------+------------+
; -1.179 ; vga_controller:vga_controller_inst|h_pos_internal[10] ; vga_controller:vga_controller_inst|v_pos_internal[1]  ; vga_controller:vga_controller_inst|clk_25 ; vga_controller:vga_controller_inst|clk_25 ; 1.000        ; -0.036     ; 2.130      ;
; -1.179 ; vga_controller:vga_controller_inst|h_pos_internal[10] ; vga_controller:vga_controller_inst|v_pos_internal[3]  ; vga_controller:vga_controller_inst|clk_25 ; vga_controller:vga_controller_inst|clk_25 ; 1.000        ; -0.036     ; 2.130      ;
; -1.179 ; vga_controller:vga_controller_inst|h_pos_internal[10] ; vga_controller:vga_controller_inst|v_pos_internal[2]  ; vga_controller:vga_controller_inst|clk_25 ; vga_controller:vga_controller_inst|clk_25 ; 1.000        ; -0.036     ; 2.130      ;
; -1.154 ; vga_controller:vga_controller_inst|h_pos_internal[10] ; vga_controller:vga_controller_inst|v_pos_internal[0]  ; vga_controller:vga_controller_inst|clk_25 ; vga_controller:vga_controller_inst|clk_25 ; 1.000        ; -0.037     ; 2.104      ;
; -1.154 ; vga_controller:vga_controller_inst|h_pos_internal[10] ; vga_controller:vga_controller_inst|v_pos_internal[7]  ; vga_controller:vga_controller_inst|clk_25 ; vga_controller:vga_controller_inst|clk_25 ; 1.000        ; -0.037     ; 2.104      ;
; -1.154 ; vga_controller:vga_controller_inst|h_pos_internal[10] ; vga_controller:vga_controller_inst|v_pos_internal[4]  ; vga_controller:vga_controller_inst|clk_25 ; vga_controller:vga_controller_inst|clk_25 ; 1.000        ; -0.037     ; 2.104      ;
; -1.154 ; vga_controller:vga_controller_inst|h_pos_internal[10] ; vga_controller:vga_controller_inst|v_pos_internal[6]  ; vga_controller:vga_controller_inst|clk_25 ; vga_controller:vga_controller_inst|clk_25 ; 1.000        ; -0.037     ; 2.104      ;
; -1.154 ; vga_controller:vga_controller_inst|h_pos_internal[10] ; vga_controller:vga_controller_inst|v_pos_internal[5]  ; vga_controller:vga_controller_inst|clk_25 ; vga_controller:vga_controller_inst|clk_25 ; 1.000        ; -0.037     ; 2.104      ;
; -1.154 ; vga_controller:vga_controller_inst|h_pos_internal[10] ; vga_controller:vga_controller_inst|v_pos_internal[8]  ; vga_controller:vga_controller_inst|clk_25 ; vga_controller:vga_controller_inst|clk_25 ; 1.000        ; -0.037     ; 2.104      ;
; -1.154 ; vga_controller:vga_controller_inst|h_pos_internal[10] ; vga_controller:vga_controller_inst|v_pos_internal[13] ; vga_controller:vga_controller_inst|clk_25 ; vga_controller:vga_controller_inst|clk_25 ; 1.000        ; -0.037     ; 2.104      ;
; -1.154 ; vga_controller:vga_controller_inst|h_pos_internal[10] ; vga_controller:vga_controller_inst|v_pos_internal[12] ; vga_controller:vga_controller_inst|clk_25 ; vga_controller:vga_controller_inst|clk_25 ; 1.000        ; -0.037     ; 2.104      ;
; -1.154 ; vga_controller:vga_controller_inst|h_pos_internal[10] ; vga_controller:vga_controller_inst|v_pos_internal[14] ; vga_controller:vga_controller_inst|clk_25 ; vga_controller:vga_controller_inst|clk_25 ; 1.000        ; -0.037     ; 2.104      ;
; -1.154 ; vga_controller:vga_controller_inst|h_pos_internal[10] ; vga_controller:vga_controller_inst|v_pos_internal[15] ; vga_controller:vga_controller_inst|clk_25 ; vga_controller:vga_controller_inst|clk_25 ; 1.000        ; -0.037     ; 2.104      ;
; -1.154 ; vga_controller:vga_controller_inst|h_pos_internal[10] ; vga_controller:vga_controller_inst|v_pos_internal[10] ; vga_controller:vga_controller_inst|clk_25 ; vga_controller:vga_controller_inst|clk_25 ; 1.000        ; -0.037     ; 2.104      ;
; -1.154 ; vga_controller:vga_controller_inst|h_pos_internal[10] ; vga_controller:vga_controller_inst|v_pos_internal[11] ; vga_controller:vga_controller_inst|clk_25 ; vga_controller:vga_controller_inst|clk_25 ; 1.000        ; -0.037     ; 2.104      ;
; -1.151 ; vga_controller:vga_controller_inst|h_pos_internal[10] ; vga_controller:vga_controller_inst|v_pos_internal[21] ; vga_controller:vga_controller_inst|clk_25 ; vga_controller:vga_controller_inst|clk_25 ; 1.000        ; -0.036     ; 2.102      ;
; -1.151 ; vga_controller:vga_controller_inst|h_pos_internal[10] ; vga_controller:vga_controller_inst|v_pos_internal[20] ; vga_controller:vga_controller_inst|clk_25 ; vga_controller:vga_controller_inst|clk_25 ; 1.000        ; -0.036     ; 2.102      ;
; -1.151 ; vga_controller:vga_controller_inst|h_pos_internal[10] ; vga_controller:vga_controller_inst|v_pos_internal[19] ; vga_controller:vga_controller_inst|clk_25 ; vga_controller:vga_controller_inst|clk_25 ; 1.000        ; -0.036     ; 2.102      ;
; -1.151 ; vga_controller:vga_controller_inst|h_pos_internal[10] ; vga_controller:vga_controller_inst|v_pos_internal[18] ; vga_controller:vga_controller_inst|clk_25 ; vga_controller:vga_controller_inst|clk_25 ; 1.000        ; -0.036     ; 2.102      ;
; -1.151 ; vga_controller:vga_controller_inst|h_pos_internal[10] ; vga_controller:vga_controller_inst|v_pos_internal[25] ; vga_controller:vga_controller_inst|clk_25 ; vga_controller:vga_controller_inst|clk_25 ; 1.000        ; -0.036     ; 2.102      ;
; -1.151 ; vga_controller:vga_controller_inst|h_pos_internal[10] ; vga_controller:vga_controller_inst|v_pos_internal[22] ; vga_controller:vga_controller_inst|clk_25 ; vga_controller:vga_controller_inst|clk_25 ; 1.000        ; -0.036     ; 2.102      ;
; -1.151 ; vga_controller:vga_controller_inst|h_pos_internal[10] ; vga_controller:vga_controller_inst|v_pos_internal[23] ; vga_controller:vga_controller_inst|clk_25 ; vga_controller:vga_controller_inst|clk_25 ; 1.000        ; -0.036     ; 2.102      ;
; -1.151 ; vga_controller:vga_controller_inst|h_pos_internal[10] ; vga_controller:vga_controller_inst|v_pos_internal[24] ; vga_controller:vga_controller_inst|clk_25 ; vga_controller:vga_controller_inst|clk_25 ; 1.000        ; -0.036     ; 2.102      ;
; -1.151 ; vga_controller:vga_controller_inst|h_pos_internal[10] ; vga_controller:vga_controller_inst|v_pos_internal[31] ; vga_controller:vga_controller_inst|clk_25 ; vga_controller:vga_controller_inst|clk_25 ; 1.000        ; -0.036     ; 2.102      ;
; -1.151 ; vga_controller:vga_controller_inst|h_pos_internal[10] ; vga_controller:vga_controller_inst|v_pos_internal[30] ; vga_controller:vga_controller_inst|clk_25 ; vga_controller:vga_controller_inst|clk_25 ; 1.000        ; -0.036     ; 2.102      ;
; -1.151 ; vga_controller:vga_controller_inst|h_pos_internal[10] ; vga_controller:vga_controller_inst|v_pos_internal[16] ; vga_controller:vga_controller_inst|clk_25 ; vga_controller:vga_controller_inst|clk_25 ; 1.000        ; -0.036     ; 2.102      ;
; -1.151 ; vga_controller:vga_controller_inst|h_pos_internal[10] ; vga_controller:vga_controller_inst|v_pos_internal[17] ; vga_controller:vga_controller_inst|clk_25 ; vga_controller:vga_controller_inst|clk_25 ; 1.000        ; -0.036     ; 2.102      ;
; -1.151 ; vga_controller:vga_controller_inst|h_pos_internal[10] ; vga_controller:vga_controller_inst|v_pos_internal[26] ; vga_controller:vga_controller_inst|clk_25 ; vga_controller:vga_controller_inst|clk_25 ; 1.000        ; -0.036     ; 2.102      ;
; -1.151 ; vga_controller:vga_controller_inst|h_pos_internal[10] ; vga_controller:vga_controller_inst|v_pos_internal[29] ; vga_controller:vga_controller_inst|clk_25 ; vga_controller:vga_controller_inst|clk_25 ; 1.000        ; -0.036     ; 2.102      ;
; -1.151 ; vga_controller:vga_controller_inst|h_pos_internal[10] ; vga_controller:vga_controller_inst|v_pos_internal[28] ; vga_controller:vga_controller_inst|clk_25 ; vga_controller:vga_controller_inst|clk_25 ; 1.000        ; -0.036     ; 2.102      ;
; -1.151 ; vga_controller:vga_controller_inst|h_pos_internal[10] ; vga_controller:vga_controller_inst|v_pos_internal[27] ; vga_controller:vga_controller_inst|clk_25 ; vga_controller:vga_controller_inst|clk_25 ; 1.000        ; -0.036     ; 2.102      ;
; -1.120 ; vga_controller:vga_controller_inst|h_pos_internal[11] ; vga_controller:vga_controller_inst|v_pos_internal[1]  ; vga_controller:vga_controller_inst|clk_25 ; vga_controller:vga_controller_inst|clk_25 ; 1.000        ; -0.036     ; 2.071      ;
; -1.120 ; vga_controller:vga_controller_inst|h_pos_internal[11] ; vga_controller:vga_controller_inst|v_pos_internal[3]  ; vga_controller:vga_controller_inst|clk_25 ; vga_controller:vga_controller_inst|clk_25 ; 1.000        ; -0.036     ; 2.071      ;
; -1.120 ; vga_controller:vga_controller_inst|h_pos_internal[11] ; vga_controller:vga_controller_inst|v_pos_internal[2]  ; vga_controller:vga_controller_inst|clk_25 ; vga_controller:vga_controller_inst|clk_25 ; 1.000        ; -0.036     ; 2.071      ;
; -1.095 ; vga_controller:vga_controller_inst|h_pos_internal[11] ; vga_controller:vga_controller_inst|v_pos_internal[0]  ; vga_controller:vga_controller_inst|clk_25 ; vga_controller:vga_controller_inst|clk_25 ; 1.000        ; -0.037     ; 2.045      ;
; -1.095 ; vga_controller:vga_controller_inst|h_pos_internal[11] ; vga_controller:vga_controller_inst|v_pos_internal[7]  ; vga_controller:vga_controller_inst|clk_25 ; vga_controller:vga_controller_inst|clk_25 ; 1.000        ; -0.037     ; 2.045      ;
; -1.095 ; vga_controller:vga_controller_inst|h_pos_internal[11] ; vga_controller:vga_controller_inst|v_pos_internal[4]  ; vga_controller:vga_controller_inst|clk_25 ; vga_controller:vga_controller_inst|clk_25 ; 1.000        ; -0.037     ; 2.045      ;
; -1.095 ; vga_controller:vga_controller_inst|h_pos_internal[11] ; vga_controller:vga_controller_inst|v_pos_internal[6]  ; vga_controller:vga_controller_inst|clk_25 ; vga_controller:vga_controller_inst|clk_25 ; 1.000        ; -0.037     ; 2.045      ;
; -1.095 ; vga_controller:vga_controller_inst|h_pos_internal[11] ; vga_controller:vga_controller_inst|v_pos_internal[5]  ; vga_controller:vga_controller_inst|clk_25 ; vga_controller:vga_controller_inst|clk_25 ; 1.000        ; -0.037     ; 2.045      ;
; -1.095 ; vga_controller:vga_controller_inst|h_pos_internal[11] ; vga_controller:vga_controller_inst|v_pos_internal[8]  ; vga_controller:vga_controller_inst|clk_25 ; vga_controller:vga_controller_inst|clk_25 ; 1.000        ; -0.037     ; 2.045      ;
; -1.095 ; vga_controller:vga_controller_inst|h_pos_internal[11] ; vga_controller:vga_controller_inst|v_pos_internal[13] ; vga_controller:vga_controller_inst|clk_25 ; vga_controller:vga_controller_inst|clk_25 ; 1.000        ; -0.037     ; 2.045      ;
; -1.095 ; vga_controller:vga_controller_inst|h_pos_internal[11] ; vga_controller:vga_controller_inst|v_pos_internal[12] ; vga_controller:vga_controller_inst|clk_25 ; vga_controller:vga_controller_inst|clk_25 ; 1.000        ; -0.037     ; 2.045      ;
; -1.095 ; vga_controller:vga_controller_inst|h_pos_internal[11] ; vga_controller:vga_controller_inst|v_pos_internal[14] ; vga_controller:vga_controller_inst|clk_25 ; vga_controller:vga_controller_inst|clk_25 ; 1.000        ; -0.037     ; 2.045      ;
; -1.095 ; vga_controller:vga_controller_inst|h_pos_internal[11] ; vga_controller:vga_controller_inst|v_pos_internal[15] ; vga_controller:vga_controller_inst|clk_25 ; vga_controller:vga_controller_inst|clk_25 ; 1.000        ; -0.037     ; 2.045      ;
; -1.095 ; vga_controller:vga_controller_inst|h_pos_internal[11] ; vga_controller:vga_controller_inst|v_pos_internal[10] ; vga_controller:vga_controller_inst|clk_25 ; vga_controller:vga_controller_inst|clk_25 ; 1.000        ; -0.037     ; 2.045      ;
; -1.095 ; vga_controller:vga_controller_inst|h_pos_internal[11] ; vga_controller:vga_controller_inst|v_pos_internal[11] ; vga_controller:vga_controller_inst|clk_25 ; vga_controller:vga_controller_inst|clk_25 ; 1.000        ; -0.037     ; 2.045      ;
; -1.092 ; vga_controller:vga_controller_inst|h_pos_internal[11] ; vga_controller:vga_controller_inst|v_pos_internal[21] ; vga_controller:vga_controller_inst|clk_25 ; vga_controller:vga_controller_inst|clk_25 ; 1.000        ; -0.036     ; 2.043      ;
; -1.092 ; vga_controller:vga_controller_inst|h_pos_internal[11] ; vga_controller:vga_controller_inst|v_pos_internal[20] ; vga_controller:vga_controller_inst|clk_25 ; vga_controller:vga_controller_inst|clk_25 ; 1.000        ; -0.036     ; 2.043      ;
; -1.092 ; vga_controller:vga_controller_inst|h_pos_internal[11] ; vga_controller:vga_controller_inst|v_pos_internal[19] ; vga_controller:vga_controller_inst|clk_25 ; vga_controller:vga_controller_inst|clk_25 ; 1.000        ; -0.036     ; 2.043      ;
; -1.092 ; vga_controller:vga_controller_inst|h_pos_internal[11] ; vga_controller:vga_controller_inst|v_pos_internal[18] ; vga_controller:vga_controller_inst|clk_25 ; vga_controller:vga_controller_inst|clk_25 ; 1.000        ; -0.036     ; 2.043      ;
; -1.092 ; vga_controller:vga_controller_inst|h_pos_internal[11] ; vga_controller:vga_controller_inst|v_pos_internal[25] ; vga_controller:vga_controller_inst|clk_25 ; vga_controller:vga_controller_inst|clk_25 ; 1.000        ; -0.036     ; 2.043      ;
; -1.092 ; vga_controller:vga_controller_inst|h_pos_internal[11] ; vga_controller:vga_controller_inst|v_pos_internal[22] ; vga_controller:vga_controller_inst|clk_25 ; vga_controller:vga_controller_inst|clk_25 ; 1.000        ; -0.036     ; 2.043      ;
; -1.092 ; vga_controller:vga_controller_inst|h_pos_internal[11] ; vga_controller:vga_controller_inst|v_pos_internal[23] ; vga_controller:vga_controller_inst|clk_25 ; vga_controller:vga_controller_inst|clk_25 ; 1.000        ; -0.036     ; 2.043      ;
; -1.092 ; vga_controller:vga_controller_inst|h_pos_internal[11] ; vga_controller:vga_controller_inst|v_pos_internal[24] ; vga_controller:vga_controller_inst|clk_25 ; vga_controller:vga_controller_inst|clk_25 ; 1.000        ; -0.036     ; 2.043      ;
; -1.092 ; vga_controller:vga_controller_inst|h_pos_internal[11] ; vga_controller:vga_controller_inst|v_pos_internal[31] ; vga_controller:vga_controller_inst|clk_25 ; vga_controller:vga_controller_inst|clk_25 ; 1.000        ; -0.036     ; 2.043      ;
; -1.092 ; vga_controller:vga_controller_inst|h_pos_internal[11] ; vga_controller:vga_controller_inst|v_pos_internal[30] ; vga_controller:vga_controller_inst|clk_25 ; vga_controller:vga_controller_inst|clk_25 ; 1.000        ; -0.036     ; 2.043      ;
; -1.092 ; vga_controller:vga_controller_inst|h_pos_internal[11] ; vga_controller:vga_controller_inst|v_pos_internal[16] ; vga_controller:vga_controller_inst|clk_25 ; vga_controller:vga_controller_inst|clk_25 ; 1.000        ; -0.036     ; 2.043      ;
; -1.092 ; vga_controller:vga_controller_inst|h_pos_internal[11] ; vga_controller:vga_controller_inst|v_pos_internal[17] ; vga_controller:vga_controller_inst|clk_25 ; vga_controller:vga_controller_inst|clk_25 ; 1.000        ; -0.036     ; 2.043      ;
; -1.092 ; vga_controller:vga_controller_inst|h_pos_internal[11] ; vga_controller:vga_controller_inst|v_pos_internal[26] ; vga_controller:vga_controller_inst|clk_25 ; vga_controller:vga_controller_inst|clk_25 ; 1.000        ; -0.036     ; 2.043      ;
; -1.092 ; vga_controller:vga_controller_inst|h_pos_internal[11] ; vga_controller:vga_controller_inst|v_pos_internal[29] ; vga_controller:vga_controller_inst|clk_25 ; vga_controller:vga_controller_inst|clk_25 ; 1.000        ; -0.036     ; 2.043      ;
; -1.092 ; vga_controller:vga_controller_inst|h_pos_internal[11] ; vga_controller:vga_controller_inst|v_pos_internal[28] ; vga_controller:vga_controller_inst|clk_25 ; vga_controller:vga_controller_inst|clk_25 ; 1.000        ; -0.036     ; 2.043      ;
; -1.092 ; vga_controller:vga_controller_inst|h_pos_internal[11] ; vga_controller:vga_controller_inst|v_pos_internal[27] ; vga_controller:vga_controller_inst|clk_25 ; vga_controller:vga_controller_inst|clk_25 ; 1.000        ; -0.036     ; 2.043      ;
; -1.079 ; vga_controller:vga_controller_inst|h_pos_internal[30] ; vga_controller:vga_controller_inst|v_pos_internal[1]  ; vga_controller:vga_controller_inst|clk_25 ; vga_controller:vga_controller_inst|clk_25 ; 1.000        ; -0.037     ; 2.029      ;
; -1.079 ; vga_controller:vga_controller_inst|h_pos_internal[30] ; vga_controller:vga_controller_inst|v_pos_internal[3]  ; vga_controller:vga_controller_inst|clk_25 ; vga_controller:vga_controller_inst|clk_25 ; 1.000        ; -0.037     ; 2.029      ;
; -1.079 ; vga_controller:vga_controller_inst|h_pos_internal[30] ; vga_controller:vga_controller_inst|v_pos_internal[2]  ; vga_controller:vga_controller_inst|clk_25 ; vga_controller:vga_controller_inst|clk_25 ; 1.000        ; -0.037     ; 2.029      ;
; -1.054 ; vga_controller:vga_controller_inst|h_pos_internal[30] ; vga_controller:vga_controller_inst|v_pos_internal[0]  ; vga_controller:vga_controller_inst|clk_25 ; vga_controller:vga_controller_inst|clk_25 ; 1.000        ; -0.038     ; 2.003      ;
; -1.054 ; vga_controller:vga_controller_inst|h_pos_internal[30] ; vga_controller:vga_controller_inst|v_pos_internal[7]  ; vga_controller:vga_controller_inst|clk_25 ; vga_controller:vga_controller_inst|clk_25 ; 1.000        ; -0.038     ; 2.003      ;
; -1.054 ; vga_controller:vga_controller_inst|h_pos_internal[30] ; vga_controller:vga_controller_inst|v_pos_internal[4]  ; vga_controller:vga_controller_inst|clk_25 ; vga_controller:vga_controller_inst|clk_25 ; 1.000        ; -0.038     ; 2.003      ;
; -1.054 ; vga_controller:vga_controller_inst|h_pos_internal[30] ; vga_controller:vga_controller_inst|v_pos_internal[6]  ; vga_controller:vga_controller_inst|clk_25 ; vga_controller:vga_controller_inst|clk_25 ; 1.000        ; -0.038     ; 2.003      ;
; -1.054 ; vga_controller:vga_controller_inst|h_pos_internal[30] ; vga_controller:vga_controller_inst|v_pos_internal[5]  ; vga_controller:vga_controller_inst|clk_25 ; vga_controller:vga_controller_inst|clk_25 ; 1.000        ; -0.038     ; 2.003      ;
; -1.054 ; vga_controller:vga_controller_inst|h_pos_internal[30] ; vga_controller:vga_controller_inst|v_pos_internal[8]  ; vga_controller:vga_controller_inst|clk_25 ; vga_controller:vga_controller_inst|clk_25 ; 1.000        ; -0.038     ; 2.003      ;
; -1.054 ; vga_controller:vga_controller_inst|h_pos_internal[30] ; vga_controller:vga_controller_inst|v_pos_internal[13] ; vga_controller:vga_controller_inst|clk_25 ; vga_controller:vga_controller_inst|clk_25 ; 1.000        ; -0.038     ; 2.003      ;
; -1.054 ; vga_controller:vga_controller_inst|h_pos_internal[30] ; vga_controller:vga_controller_inst|v_pos_internal[12] ; vga_controller:vga_controller_inst|clk_25 ; vga_controller:vga_controller_inst|clk_25 ; 1.000        ; -0.038     ; 2.003      ;
; -1.054 ; vga_controller:vga_controller_inst|h_pos_internal[30] ; vga_controller:vga_controller_inst|v_pos_internal[14] ; vga_controller:vga_controller_inst|clk_25 ; vga_controller:vga_controller_inst|clk_25 ; 1.000        ; -0.038     ; 2.003      ;
; -1.054 ; vga_controller:vga_controller_inst|h_pos_internal[30] ; vga_controller:vga_controller_inst|v_pos_internal[15] ; vga_controller:vga_controller_inst|clk_25 ; vga_controller:vga_controller_inst|clk_25 ; 1.000        ; -0.038     ; 2.003      ;
; -1.054 ; vga_controller:vga_controller_inst|h_pos_internal[30] ; vga_controller:vga_controller_inst|v_pos_internal[10] ; vga_controller:vga_controller_inst|clk_25 ; vga_controller:vga_controller_inst|clk_25 ; 1.000        ; -0.038     ; 2.003      ;
; -1.054 ; vga_controller:vga_controller_inst|h_pos_internal[30] ; vga_controller:vga_controller_inst|v_pos_internal[11] ; vga_controller:vga_controller_inst|clk_25 ; vga_controller:vga_controller_inst|clk_25 ; 1.000        ; -0.038     ; 2.003      ;
; -1.051 ; vga_controller:vga_controller_inst|h_pos_internal[30] ; vga_controller:vga_controller_inst|v_pos_internal[21] ; vga_controller:vga_controller_inst|clk_25 ; vga_controller:vga_controller_inst|clk_25 ; 1.000        ; -0.037     ; 2.001      ;
; -1.051 ; vga_controller:vga_controller_inst|h_pos_internal[30] ; vga_controller:vga_controller_inst|v_pos_internal[20] ; vga_controller:vga_controller_inst|clk_25 ; vga_controller:vga_controller_inst|clk_25 ; 1.000        ; -0.037     ; 2.001      ;
; -1.051 ; vga_controller:vga_controller_inst|h_pos_internal[30] ; vga_controller:vga_controller_inst|v_pos_internal[19] ; vga_controller:vga_controller_inst|clk_25 ; vga_controller:vga_controller_inst|clk_25 ; 1.000        ; -0.037     ; 2.001      ;
; -1.051 ; vga_controller:vga_controller_inst|h_pos_internal[30] ; vga_controller:vga_controller_inst|v_pos_internal[18] ; vga_controller:vga_controller_inst|clk_25 ; vga_controller:vga_controller_inst|clk_25 ; 1.000        ; -0.037     ; 2.001      ;
; -1.051 ; vga_controller:vga_controller_inst|h_pos_internal[30] ; vga_controller:vga_controller_inst|v_pos_internal[25] ; vga_controller:vga_controller_inst|clk_25 ; vga_controller:vga_controller_inst|clk_25 ; 1.000        ; -0.037     ; 2.001      ;
; -1.051 ; vga_controller:vga_controller_inst|h_pos_internal[30] ; vga_controller:vga_controller_inst|v_pos_internal[22] ; vga_controller:vga_controller_inst|clk_25 ; vga_controller:vga_controller_inst|clk_25 ; 1.000        ; -0.037     ; 2.001      ;
; -1.051 ; vga_controller:vga_controller_inst|h_pos_internal[30] ; vga_controller:vga_controller_inst|v_pos_internal[23] ; vga_controller:vga_controller_inst|clk_25 ; vga_controller:vga_controller_inst|clk_25 ; 1.000        ; -0.037     ; 2.001      ;
; -1.051 ; vga_controller:vga_controller_inst|h_pos_internal[30] ; vga_controller:vga_controller_inst|v_pos_internal[24] ; vga_controller:vga_controller_inst|clk_25 ; vga_controller:vga_controller_inst|clk_25 ; 1.000        ; -0.037     ; 2.001      ;
; -1.051 ; vga_controller:vga_controller_inst|h_pos_internal[30] ; vga_controller:vga_controller_inst|v_pos_internal[31] ; vga_controller:vga_controller_inst|clk_25 ; vga_controller:vga_controller_inst|clk_25 ; 1.000        ; -0.037     ; 2.001      ;
; -1.051 ; vga_controller:vga_controller_inst|h_pos_internal[30] ; vga_controller:vga_controller_inst|v_pos_internal[30] ; vga_controller:vga_controller_inst|clk_25 ; vga_controller:vga_controller_inst|clk_25 ; 1.000        ; -0.037     ; 2.001      ;
; -1.051 ; vga_controller:vga_controller_inst|h_pos_internal[30] ; vga_controller:vga_controller_inst|v_pos_internal[16] ; vga_controller:vga_controller_inst|clk_25 ; vga_controller:vga_controller_inst|clk_25 ; 1.000        ; -0.037     ; 2.001      ;
; -1.051 ; vga_controller:vga_controller_inst|h_pos_internal[30] ; vga_controller:vga_controller_inst|v_pos_internal[17] ; vga_controller:vga_controller_inst|clk_25 ; vga_controller:vga_controller_inst|clk_25 ; 1.000        ; -0.037     ; 2.001      ;
; -1.051 ; vga_controller:vga_controller_inst|h_pos_internal[30] ; vga_controller:vga_controller_inst|v_pos_internal[26] ; vga_controller:vga_controller_inst|clk_25 ; vga_controller:vga_controller_inst|clk_25 ; 1.000        ; -0.037     ; 2.001      ;
; -1.051 ; vga_controller:vga_controller_inst|h_pos_internal[30] ; vga_controller:vga_controller_inst|v_pos_internal[29] ; vga_controller:vga_controller_inst|clk_25 ; vga_controller:vga_controller_inst|clk_25 ; 1.000        ; -0.037     ; 2.001      ;
; -1.051 ; vga_controller:vga_controller_inst|h_pos_internal[30] ; vga_controller:vga_controller_inst|v_pos_internal[28] ; vga_controller:vga_controller_inst|clk_25 ; vga_controller:vga_controller_inst|clk_25 ; 1.000        ; -0.037     ; 2.001      ;
; -1.051 ; vga_controller:vga_controller_inst|h_pos_internal[30] ; vga_controller:vga_controller_inst|v_pos_internal[27] ; vga_controller:vga_controller_inst|clk_25 ; vga_controller:vga_controller_inst|clk_25 ; 1.000        ; -0.037     ; 2.001      ;
; -1.048 ; vga_controller:vga_controller_inst|h_pos_internal[0]  ; vga_controller:vga_controller_inst|h_pos_internal[31] ; vga_controller:vga_controller_inst|clk_25 ; vga_controller:vga_controller_inst|clk_25 ; 1.000        ; -0.035     ; 2.000      ;
; -1.042 ; vga_controller:vga_controller_inst|h_pos_internal[0]  ; vga_controller:vga_controller_inst|h_pos_internal[30] ; vga_controller:vga_controller_inst|clk_25 ; vga_controller:vga_controller_inst|clk_25 ; 1.000        ; -0.035     ; 1.994      ;
; -0.980 ; vga_controller:vga_controller_inst|h_pos_internal[0]  ; vga_controller:vga_controller_inst|h_pos_internal[29] ; vga_controller:vga_controller_inst|clk_25 ; vga_controller:vga_controller_inst|clk_25 ; 1.000        ; -0.035     ; 1.932      ;
; -0.977 ; vga_controller:vga_controller_inst|h_pos_internal[5]  ; vga_controller:vga_controller_inst|h_pos_internal[31] ; vga_controller:vga_controller_inst|clk_25 ; vga_controller:vga_controller_inst|clk_25 ; 1.000        ; -0.035     ; 1.929      ;
; -0.974 ; vga_controller:vga_controller_inst|h_pos_internal[0]  ; vga_controller:vga_controller_inst|h_pos_internal[28] ; vga_controller:vga_controller_inst|clk_25 ; vga_controller:vga_controller_inst|clk_25 ; 1.000        ; -0.035     ; 1.926      ;
; -0.973 ; vga_controller:vga_controller_inst|h_pos_internal[5]  ; vga_controller:vga_controller_inst|h_pos_internal[30] ; vga_controller:vga_controller_inst|clk_25 ; vga_controller:vga_controller_inst|clk_25 ; 1.000        ; -0.035     ; 1.925      ;
; -0.967 ; vga_controller:vga_controller_inst|h_pos_internal[31] ; vga_controller:vga_controller_inst|v_pos_internal[1]  ; vga_controller:vga_controller_inst|clk_25 ; vga_controller:vga_controller_inst|clk_25 ; 1.000        ; -0.037     ; 1.917      ;
+--------+-------------------------------------------------------+-------------------------------------------------------+-------------------------------------------+-------------------------------------------+--------------+------------+------------+


+-----------------------------------------------------------------------------------------------------------------------------------------------------------------------------------------------------------------------+
; Fast 1200mV 0C Model Hold: 'clk_in'                                                                                                                                                                                   ;
+--------+-----------------------------------------------------+-----------------------------------------------------+-------------------------------------------+-------------+--------------+------------+------------+
; Slack  ; From Node                                           ; To Node                                             ; Launch Clock                              ; Latch Clock ; Relationship ; Clock Skew ; Data Delay ;
+--------+-----------------------------------------------------+-----------------------------------------------------+-------------------------------------------+-------------+--------------+------------+------------+
; -0.011 ; vga_controller:vga_controller_inst|clk_25           ; vga_controller:vga_controller_inst|clk_25           ; vga_controller:vga_controller_inst|clk_25 ; clk_in      ; 0.000        ; 1.411      ; 1.619      ;
; 0.167  ; debounce_pb:debounce_paddledwn2|button_state        ; debounce_pb:debounce_paddledwn2|button_state        ; clk_in                                    ; clk_in      ; 0.000        ; 0.036      ; 0.307      ;
; 0.167  ; gameCtrl_FSM:gameCtrl_FSM_inst|fsm.gameRunning      ; gameCtrl_FSM:gameCtrl_FSM_inst|fsm.gameRunning      ; clk_in                                    ; clk_in      ; 0.000        ; 0.036      ; 0.307      ;
; 0.167  ; gameCtrl_FSM:gameCtrl_FSM_inst|fsm.scoreP2          ; gameCtrl_FSM:gameCtrl_FSM_inst|fsm.scoreP2          ; clk_in                                    ; clk_in      ; 0.000        ; 0.036      ; 0.307      ;
; 0.168  ; debounce_pb:debounce_startGame|button_state         ; debounce_pb:debounce_startGame|button_state         ; clk_in                                    ; clk_in      ; 0.000        ; 0.035      ; 0.307      ;
; 0.168  ; uart_receiver:uart_receiver_inst|output_byte[2]     ; uart_receiver:uart_receiver_inst|output_byte[2]     ; clk_in                                    ; clk_in      ; 0.000        ; 0.035      ; 0.307      ;
; 0.168  ; uart_receiver:uart_receiver_inst|output_byte[1]     ; uart_receiver:uart_receiver_inst|output_byte[1]     ; clk_in                                    ; clk_in      ; 0.000        ; 0.035      ; 0.307      ;
; 0.168  ; uart_receiver:uart_receiver_inst|output_byte[3]     ; uart_receiver:uart_receiver_inst|output_byte[3]     ; clk_in                                    ; clk_in      ; 0.000        ; 0.035      ; 0.307      ;
; 0.168  ; uart_receiver:uart_receiver_inst|output_byte[7]     ; uart_receiver:uart_receiver_inst|output_byte[7]     ; clk_in                                    ; clk_in      ; 0.000        ; 0.035      ; 0.307      ;
; 0.168  ; uart_receiver:uart_receiver_inst|output_byte[5]     ; uart_receiver:uart_receiver_inst|output_byte[5]     ; clk_in                                    ; clk_in      ; 0.000        ; 0.035      ; 0.307      ;
; 0.168  ; uart_receiver:uart_receiver_inst|output_byte[0]     ; uart_receiver:uart_receiver_inst|output_byte[0]     ; clk_in                                    ; clk_in      ; 0.000        ; 0.035      ; 0.307      ;
; 0.168  ; uart_receiver:uart_receiver_inst|output_byte[4]     ; uart_receiver:uart_receiver_inst|output_byte[4]     ; clk_in                                    ; clk_in      ; 0.000        ; 0.035      ; 0.307      ;
; 0.168  ; uart_receiver:uart_receiver_inst|output_byte[6]     ; uart_receiver:uart_receiver_inst|output_byte[6]     ; clk_in                                    ; clk_in      ; 0.000        ; 0.035      ; 0.307      ;
; 0.168  ; uart_receiver:uart_receiver_inst|fsm_state[1]       ; uart_receiver:uart_receiver_inst|fsm_state[1]       ; clk_in                                    ; clk_in      ; 0.000        ; 0.035      ; 0.307      ;
; 0.168  ; debounce_pb:debounce_paddleup2|button_state         ; debounce_pb:debounce_paddleup2|button_state         ; clk_in                                    ; clk_in      ; 0.000        ; 0.035      ; 0.307      ;
; 0.168  ; gameCtrl_FSM:gameCtrl_FSM_inst|P1score_internal[31] ; gameCtrl_FSM:gameCtrl_FSM_inst|P1score_internal[31] ; clk_in                                    ; clk_in      ; 0.000        ; 0.035      ; 0.307      ;
; 0.168  ; gameCtrl_FSM:gameCtrl_FSM_inst|P1score_internal[22] ; gameCtrl_FSM:gameCtrl_FSM_inst|P1score_internal[22] ; clk_in                                    ; clk_in      ; 0.000        ; 0.035      ; 0.307      ;
; 0.168  ; gameCtrl_FSM:gameCtrl_FSM_inst|P1score_internal[23] ; gameCtrl_FSM:gameCtrl_FSM_inst|P1score_internal[23] ; clk_in                                    ; clk_in      ; 0.000        ; 0.035      ; 0.307      ;
; 0.168  ; gameCtrl_FSM:gameCtrl_FSM_inst|P1score_internal[30] ; gameCtrl_FSM:gameCtrl_FSM_inst|P1score_internal[30] ; clk_in                                    ; clk_in      ; 0.000        ; 0.035      ; 0.307      ;
; 0.168  ; gameCtrl_FSM:gameCtrl_FSM_inst|P1score_internal[28] ; gameCtrl_FSM:gameCtrl_FSM_inst|P1score_internal[28] ; clk_in                                    ; clk_in      ; 0.000        ; 0.035      ; 0.307      ;
; 0.168  ; gameCtrl_FSM:gameCtrl_FSM_inst|P1score_internal[29] ; gameCtrl_FSM:gameCtrl_FSM_inst|P1score_internal[29] ; clk_in                                    ; clk_in      ; 0.000        ; 0.035      ; 0.307      ;
; 0.168  ; gameCtrl_FSM:gameCtrl_FSM_inst|P1score_internal[5]  ; gameCtrl_FSM:gameCtrl_FSM_inst|P1score_internal[5]  ; clk_in                                    ; clk_in      ; 0.000        ; 0.035      ; 0.307      ;
; 0.168  ; gameCtrl_FSM:gameCtrl_FSM_inst|P1score_internal[13] ; gameCtrl_FSM:gameCtrl_FSM_inst|P1score_internal[13] ; clk_in                                    ; clk_in      ; 0.000        ; 0.035      ; 0.307      ;
; 0.168  ; gameCtrl_FSM:gameCtrl_FSM_inst|P1score_internal[15] ; gameCtrl_FSM:gameCtrl_FSM_inst|P1score_internal[15] ; clk_in                                    ; clk_in      ; 0.000        ; 0.035      ; 0.307      ;
; 0.168  ; gameCtrl_FSM:gameCtrl_FSM_inst|P1score_internal[12] ; gameCtrl_FSM:gameCtrl_FSM_inst|P1score_internal[12] ; clk_in                                    ; clk_in      ; 0.000        ; 0.035      ; 0.307      ;
; 0.168  ; gameCtrl_FSM:gameCtrl_FSM_inst|P1score_internal[14] ; gameCtrl_FSM:gameCtrl_FSM_inst|P1score_internal[14] ; clk_in                                    ; clk_in      ; 0.000        ; 0.035      ; 0.307      ;
; 0.168  ; gameCtrl_FSM:gameCtrl_FSM_inst|P1score_internal[9]  ; gameCtrl_FSM:gameCtrl_FSM_inst|P1score_internal[9]  ; clk_in                                    ; clk_in      ; 0.000        ; 0.035      ; 0.307      ;
; 0.168  ; gameCtrl_FSM:gameCtrl_FSM_inst|P1score_internal[11] ; gameCtrl_FSM:gameCtrl_FSM_inst|P1score_internal[11] ; clk_in                                    ; clk_in      ; 0.000        ; 0.035      ; 0.307      ;
; 0.168  ; gameCtrl_FSM:gameCtrl_FSM_inst|P1score_internal[10] ; gameCtrl_FSM:gameCtrl_FSM_inst|P1score_internal[10] ; clk_in                                    ; clk_in      ; 0.000        ; 0.035      ; 0.307      ;
; 0.168  ; gameCtrl_FSM:gameCtrl_FSM_inst|P1score_internal[8]  ; gameCtrl_FSM:gameCtrl_FSM_inst|P1score_internal[8]  ; clk_in                                    ; clk_in      ; 0.000        ; 0.035      ; 0.307      ;
; 0.168  ; gameCtrl_FSM:gameCtrl_FSM_inst|P1score_internal[21] ; gameCtrl_FSM:gameCtrl_FSM_inst|P1score_internal[21] ; clk_in                                    ; clk_in      ; 0.000        ; 0.035      ; 0.307      ;
; 0.168  ; gameCtrl_FSM:gameCtrl_FSM_inst|P1score_internal[20] ; gameCtrl_FSM:gameCtrl_FSM_inst|P1score_internal[20] ; clk_in                                    ; clk_in      ; 0.000        ; 0.035      ; 0.307      ;
; 0.168  ; gameCtrl_FSM:gameCtrl_FSM_inst|P1score_internal[16] ; gameCtrl_FSM:gameCtrl_FSM_inst|P1score_internal[16] ; clk_in                                    ; clk_in      ; 0.000        ; 0.035      ; 0.307      ;
; 0.168  ; gameCtrl_FSM:gameCtrl_FSM_inst|P1score_internal[19] ; gameCtrl_FSM:gameCtrl_FSM_inst|P1score_internal[19] ; clk_in                                    ; clk_in      ; 0.000        ; 0.035      ; 0.307      ;
; 0.168  ; gameCtrl_FSM:gameCtrl_FSM_inst|P1score_internal[17] ; gameCtrl_FSM:gameCtrl_FSM_inst|P1score_internal[17] ; clk_in                                    ; clk_in      ; 0.000        ; 0.035      ; 0.307      ;
; 0.168  ; gameCtrl_FSM:gameCtrl_FSM_inst|P1score_internal[18] ; gameCtrl_FSM:gameCtrl_FSM_inst|P1score_internal[18] ; clk_in                                    ; clk_in      ; 0.000        ; 0.035      ; 0.307      ;
; 0.168  ; gameCtrl_FSM:gameCtrl_FSM_inst|P1score_internal[26] ; gameCtrl_FSM:gameCtrl_FSM_inst|P1score_internal[26] ; clk_in                                    ; clk_in      ; 0.000        ; 0.035      ; 0.307      ;
; 0.168  ; gameCtrl_FSM:gameCtrl_FSM_inst|P1score_internal[24] ; gameCtrl_FSM:gameCtrl_FSM_inst|P1score_internal[24] ; clk_in                                    ; clk_in      ; 0.000        ; 0.035      ; 0.307      ;
; 0.168  ; gameCtrl_FSM:gameCtrl_FSM_inst|fsm.idle             ; gameCtrl_FSM:gameCtrl_FSM_inst|fsm.idle             ; clk_in                                    ; clk_in      ; 0.000        ; 0.035      ; 0.307      ;
; 0.168  ; gameCtrl_FSM:gameCtrl_FSM_inst|P2score_internal[31] ; gameCtrl_FSM:gameCtrl_FSM_inst|P2score_internal[31] ; clk_in                                    ; clk_in      ; 0.000        ; 0.035      ; 0.307      ;
; 0.168  ; gameCtrl_FSM:gameCtrl_FSM_inst|P2score_internal[22] ; gameCtrl_FSM:gameCtrl_FSM_inst|P2score_internal[22] ; clk_in                                    ; clk_in      ; 0.000        ; 0.035      ; 0.307      ;
; 0.168  ; gameCtrl_FSM:gameCtrl_FSM_inst|P2score_internal[23] ; gameCtrl_FSM:gameCtrl_FSM_inst|P2score_internal[23] ; clk_in                                    ; clk_in      ; 0.000        ; 0.035      ; 0.307      ;
; 0.168  ; gameCtrl_FSM:gameCtrl_FSM_inst|P2score_internal[28] ; gameCtrl_FSM:gameCtrl_FSM_inst|P2score_internal[28] ; clk_in                                    ; clk_in      ; 0.000        ; 0.035      ; 0.307      ;
; 0.168  ; gameCtrl_FSM:gameCtrl_FSM_inst|P2score_internal[30] ; gameCtrl_FSM:gameCtrl_FSM_inst|P2score_internal[30] ; clk_in                                    ; clk_in      ; 0.000        ; 0.035      ; 0.307      ;
; 0.168  ; gameCtrl_FSM:gameCtrl_FSM_inst|P2score_internal[29] ; gameCtrl_FSM:gameCtrl_FSM_inst|P2score_internal[29] ; clk_in                                    ; clk_in      ; 0.000        ; 0.035      ; 0.307      ;
; 0.168  ; gameCtrl_FSM:gameCtrl_FSM_inst|P1score_internal[4]  ; gameCtrl_FSM:gameCtrl_FSM_inst|P1score_internal[4]  ; clk_in                                    ; clk_in      ; 0.000        ; 0.035      ; 0.307      ;
; 0.168  ; gameCtrl_FSM:gameCtrl_FSM_inst|P1score_internal[7]  ; gameCtrl_FSM:gameCtrl_FSM_inst|P1score_internal[7]  ; clk_in                                    ; clk_in      ; 0.000        ; 0.035      ; 0.307      ;
; 0.168  ; gameCtrl_FSM:gameCtrl_FSM_inst|P1score_internal[6]  ; gameCtrl_FSM:gameCtrl_FSM_inst|P1score_internal[6]  ; clk_in                                    ; clk_in      ; 0.000        ; 0.035      ; 0.307      ;
; 0.168  ; gameCtrl_FSM:gameCtrl_FSM_inst|P1score_internal[3]  ; gameCtrl_FSM:gameCtrl_FSM_inst|P1score_internal[3]  ; clk_in                                    ; clk_in      ; 0.000        ; 0.035      ; 0.307      ;
; 0.168  ; gameCtrl_FSM:gameCtrl_FSM_inst|P1score_internal[0]  ; gameCtrl_FSM:gameCtrl_FSM_inst|P1score_internal[0]  ; clk_in                                    ; clk_in      ; 0.000        ; 0.035      ; 0.307      ;
; 0.168  ; gameCtrl_FSM:gameCtrl_FSM_inst|P1score_internal[1]  ; gameCtrl_FSM:gameCtrl_FSM_inst|P1score_internal[1]  ; clk_in                                    ; clk_in      ; 0.000        ; 0.035      ; 0.307      ;
; 0.168  ; gameCtrl_FSM:gameCtrl_FSM_inst|P1score_internal[2]  ; gameCtrl_FSM:gameCtrl_FSM_inst|P1score_internal[2]  ; clk_in                                    ; clk_in      ; 0.000        ; 0.035      ; 0.307      ;
; 0.168  ; gameCtrl_FSM:gameCtrl_FSM_inst|P1score_internal[25] ; gameCtrl_FSM:gameCtrl_FSM_inst|P1score_internal[25] ; clk_in                                    ; clk_in      ; 0.000        ; 0.035      ; 0.307      ;
; 0.168  ; gameCtrl_FSM:gameCtrl_FSM_inst|P1score_internal[27] ; gameCtrl_FSM:gameCtrl_FSM_inst|P1score_internal[27] ; clk_in                                    ; clk_in      ; 0.000        ; 0.035      ; 0.307      ;
; 0.168  ; gameCtrl_FSM:gameCtrl_FSM_inst|P2score_internal[17] ; gameCtrl_FSM:gameCtrl_FSM_inst|P2score_internal[17] ; clk_in                                    ; clk_in      ; 0.000        ; 0.035      ; 0.307      ;
; 0.168  ; gameCtrl_FSM:gameCtrl_FSM_inst|P2score_internal[19] ; gameCtrl_FSM:gameCtrl_FSM_inst|P2score_internal[19] ; clk_in                                    ; clk_in      ; 0.000        ; 0.035      ; 0.307      ;
; 0.168  ; gameCtrl_FSM:gameCtrl_FSM_inst|P2score_internal[18] ; gameCtrl_FSM:gameCtrl_FSM_inst|P2score_internal[18] ; clk_in                                    ; clk_in      ; 0.000        ; 0.035      ; 0.307      ;
; 0.168  ; gameCtrl_FSM:gameCtrl_FSM_inst|P2score_internal[16] ; gameCtrl_FSM:gameCtrl_FSM_inst|P2score_internal[16] ; clk_in                                    ; clk_in      ; 0.000        ; 0.035      ; 0.307      ;
; 0.168  ; gameCtrl_FSM:gameCtrl_FSM_inst|P2score_internal[20] ; gameCtrl_FSM:gameCtrl_FSM_inst|P2score_internal[20] ; clk_in                                    ; clk_in      ; 0.000        ; 0.035      ; 0.307      ;
; 0.168  ; gameCtrl_FSM:gameCtrl_FSM_inst|P2score_internal[21] ; gameCtrl_FSM:gameCtrl_FSM_inst|P2score_internal[21] ; clk_in                                    ; clk_in      ; 0.000        ; 0.035      ; 0.307      ;
; 0.168  ; gameCtrl_FSM:gameCtrl_FSM_inst|P2score_internal[25] ; gameCtrl_FSM:gameCtrl_FSM_inst|P2score_internal[25] ; clk_in                                    ; clk_in      ; 0.000        ; 0.035      ; 0.307      ;
; 0.168  ; gameCtrl_FSM:gameCtrl_FSM_inst|P2score_internal[27] ; gameCtrl_FSM:gameCtrl_FSM_inst|P2score_internal[27] ; clk_in                                    ; clk_in      ; 0.000        ; 0.035      ; 0.307      ;
; 0.168  ; gameCtrl_FSM:gameCtrl_FSM_inst|P2score_internal[24] ; gameCtrl_FSM:gameCtrl_FSM_inst|P2score_internal[24] ; clk_in                                    ; clk_in      ; 0.000        ; 0.035      ; 0.307      ;
; 0.168  ; gameCtrl_FSM:gameCtrl_FSM_inst|P2score_internal[26] ; gameCtrl_FSM:gameCtrl_FSM_inst|P2score_internal[26] ; clk_in                                    ; clk_in      ; 0.000        ; 0.035      ; 0.307      ;
; 0.168  ; gameCtrl_FSM:gameCtrl_FSM_inst|P2score_internal[5]  ; gameCtrl_FSM:gameCtrl_FSM_inst|P2score_internal[5]  ; clk_in                                    ; clk_in      ; 0.000        ; 0.035      ; 0.307      ;
; 0.168  ; gameCtrl_FSM:gameCtrl_FSM_inst|P2score_internal[7]  ; gameCtrl_FSM:gameCtrl_FSM_inst|P2score_internal[7]  ; clk_in                                    ; clk_in      ; 0.000        ; 0.035      ; 0.307      ;
; 0.168  ; gameCtrl_FSM:gameCtrl_FSM_inst|P2score_internal[4]  ; gameCtrl_FSM:gameCtrl_FSM_inst|P2score_internal[4]  ; clk_in                                    ; clk_in      ; 0.000        ; 0.035      ; 0.307      ;
; 0.168  ; gameCtrl_FSM:gameCtrl_FSM_inst|P2score_internal[6]  ; gameCtrl_FSM:gameCtrl_FSM_inst|P2score_internal[6]  ; clk_in                                    ; clk_in      ; 0.000        ; 0.035      ; 0.307      ;
; 0.168  ; gameCtrl_FSM:gameCtrl_FSM_inst|P2score_internal[9]  ; gameCtrl_FSM:gameCtrl_FSM_inst|P2score_internal[9]  ; clk_in                                    ; clk_in      ; 0.000        ; 0.035      ; 0.307      ;
; 0.168  ; gameCtrl_FSM:gameCtrl_FSM_inst|P2score_internal[11] ; gameCtrl_FSM:gameCtrl_FSM_inst|P2score_internal[11] ; clk_in                                    ; clk_in      ; 0.000        ; 0.035      ; 0.307      ;
; 0.168  ; gameCtrl_FSM:gameCtrl_FSM_inst|P2score_internal[10] ; gameCtrl_FSM:gameCtrl_FSM_inst|P2score_internal[10] ; clk_in                                    ; clk_in      ; 0.000        ; 0.035      ; 0.307      ;
; 0.168  ; gameCtrl_FSM:gameCtrl_FSM_inst|P2score_internal[8]  ; gameCtrl_FSM:gameCtrl_FSM_inst|P2score_internal[8]  ; clk_in                                    ; clk_in      ; 0.000        ; 0.035      ; 0.307      ;
; 0.168  ; gameCtrl_FSM:gameCtrl_FSM_inst|P2score_internal[13] ; gameCtrl_FSM:gameCtrl_FSM_inst|P2score_internal[13] ; clk_in                                    ; clk_in      ; 0.000        ; 0.035      ; 0.307      ;
; 0.168  ; gameCtrl_FSM:gameCtrl_FSM_inst|P2score_internal[14] ; gameCtrl_FSM:gameCtrl_FSM_inst|P2score_internal[14] ; clk_in                                    ; clk_in      ; 0.000        ; 0.035      ; 0.307      ;
; 0.168  ; gameCtrl_FSM:gameCtrl_FSM_inst|P2score_internal[15] ; gameCtrl_FSM:gameCtrl_FSM_inst|P2score_internal[15] ; clk_in                                    ; clk_in      ; 0.000        ; 0.035      ; 0.307      ;
; 0.168  ; gameCtrl_FSM:gameCtrl_FSM_inst|P2score_internal[12] ; gameCtrl_FSM:gameCtrl_FSM_inst|P2score_internal[12] ; clk_in                                    ; clk_in      ; 0.000        ; 0.035      ; 0.307      ;
; 0.168  ; gameCtrl_FSM:gameCtrl_FSM_inst|P2score_internal[3]  ; gameCtrl_FSM:gameCtrl_FSM_inst|P2score_internal[3]  ; clk_in                                    ; clk_in      ; 0.000        ; 0.035      ; 0.307      ;
; 0.168  ; gameCtrl_FSM:gameCtrl_FSM_inst|P2score_internal[0]  ; gameCtrl_FSM:gameCtrl_FSM_inst|P2score_internal[0]  ; clk_in                                    ; clk_in      ; 0.000        ; 0.035      ; 0.307      ;
; 0.168  ; gameCtrl_FSM:gameCtrl_FSM_inst|P2score_internal[1]  ; gameCtrl_FSM:gameCtrl_FSM_inst|P2score_internal[1]  ; clk_in                                    ; clk_in      ; 0.000        ; 0.035      ; 0.307      ;
; 0.168  ; gameCtrl_FSM:gameCtrl_FSM_inst|P2score_internal[2]  ; gameCtrl_FSM:gameCtrl_FSM_inst|P2score_internal[2]  ; clk_in                                    ; clk_in      ; 0.000        ; 0.035      ; 0.307      ;
; 0.175  ; uart_receiver:uart_receiver_inst|fsm_state[2]       ; uart_receiver:uart_receiver_inst|fsm_state[2]       ; clk_in                                    ; clk_in      ; 0.000        ; 0.035      ; 0.314      ;
; 0.186  ; debounce_pb:debounce_startGame|clk_counter[18]      ; debounce_pb:debounce_startGame|clk_counter[18]      ; clk_in                                    ; clk_in      ; 0.000        ; 0.035      ; 0.325      ;
; 0.186  ; debounce_pb:debounce_paddleup2|clk_counter[18]      ; debounce_pb:debounce_paddleup2|clk_counter[18]      ; clk_in                                    ; clk_in      ; 0.000        ; 0.035      ; 0.325      ;
; 0.186  ; debounce_pb:debounce_paddledwn2|clk_counter[18]     ; debounce_pb:debounce_paddledwn2|clk_counter[18]     ; clk_in                                    ; clk_in      ; 0.000        ; 0.035      ; 0.325      ;
; 0.194  ; uart_receiver:uart_receiver_inst|fsm_state[2]       ; uart_receiver:uart_receiver_inst|fsm_state[0]       ; clk_in                                    ; clk_in      ; 0.000        ; 0.035      ; 0.333      ;
; 0.195  ; uart_receiver:uart_receiver_inst|fsm_state[2]       ; uart_receiver:uart_receiver_inst|valid_data         ; clk_in                                    ; clk_in      ; 0.000        ; 0.035      ; 0.334      ;
; 0.209  ; gameCtrl_FSM:gameCtrl_FSM_inst|P1score_internal[2]  ; displayScore_SSD:displayScore_SSD_p1|hex_value[3]   ; clk_in                                    ; clk_in      ; 0.000        ; 0.035      ; 0.348      ;
; 0.209  ; gameCtrl_FSM:gameCtrl_FSM_inst|P1score_internal[2]  ; displayScore_SSD:displayScore_SSD_p1|hex_value[5]   ; clk_in                                    ; clk_in      ; 0.000        ; 0.035      ; 0.348      ;
; 0.213  ; gameCtrl_FSM:gameCtrl_FSM_inst|P1score_internal[2]  ; displayScore_SSD:displayScore_SSD_p1|hex_value[0]   ; clk_in                                    ; clk_in      ; 0.000        ; 0.035      ; 0.352      ;
; 0.213  ; gameCtrl_FSM:gameCtrl_FSM_inst|P1score_internal[2]  ; displayScore_SSD:displayScore_SSD_p1|hex_value[1]   ; clk_in                                    ; clk_in      ; 0.000        ; 0.035      ; 0.352      ;
; 0.213  ; gameCtrl_FSM:gameCtrl_FSM_inst|P1score_internal[2]  ; displayScore_SSD:displayScore_SSD_p1|hex_value[2]   ; clk_in                                    ; clk_in      ; 0.000        ; 0.035      ; 0.352      ;
; 0.215  ; gameCtrl_FSM:gameCtrl_FSM_inst|P1score_internal[2]  ; displayScore_SSD:displayScore_SSD_p1|hex_value[4]   ; clk_in                                    ; clk_in      ; 0.000        ; 0.035      ; 0.354      ;
; 0.262  ; ball_ctrl:ball_ctrl_inst|ball_y_internal[3]         ; ball_ctrl:ball_ctrl_inst|ball_y_p[3]                ; clk_in                                    ; clk_in      ; 0.000        ; 0.035      ; 0.401      ;
; 0.262  ; ball_ctrl:ball_ctrl_inst|ball_y_internal[1]         ; ball_ctrl:ball_ctrl_inst|ball_y_p[1]                ; clk_in                                    ; clk_in      ; 0.000        ; 0.035      ; 0.401      ;
; 0.267  ; gameCtrl_FSM:gameCtrl_FSM_inst|P2score_internal[0]  ; displayScore_SSD:displayScore_SSD_p2|hex_value[5]   ; clk_in                                    ; clk_in      ; 0.000        ; 0.035      ; 0.406      ;
; 0.271  ; gameCtrl_FSM:gameCtrl_FSM_inst|P1score_internal[1]  ; displayScore_SSD:displayScore_SSD_p1|hex_value[5]   ; clk_in                                    ; clk_in      ; 0.000        ; 0.035      ; 0.410      ;
; 0.271  ; gameCtrl_FSM:gameCtrl_FSM_inst|P1score_internal[1]  ; displayScore_SSD:displayScore_SSD_p1|hex_value[2]   ; clk_in                                    ; clk_in      ; 0.000        ; 0.035      ; 0.410      ;
; 0.271  ; gameCtrl_FSM:gameCtrl_FSM_inst|P1score_internal[1]  ; displayScore_SSD:displayScore_SSD_p1|hex_value[4]   ; clk_in                                    ; clk_in      ; 0.000        ; 0.035      ; 0.410      ;
; 0.271  ; gameCtrl_FSM:gameCtrl_FSM_inst|P1score_internal[1]  ; displayScore_SSD:displayScore_SSD_p1|hex_value[3]   ; clk_in                                    ; clk_in      ; 0.000        ; 0.035      ; 0.410      ;
; 0.272  ; gameCtrl_FSM:gameCtrl_FSM_inst|P1score_internal[1]  ; displayScore_SSD:displayScore_SSD_p1|hex_value[0]   ; clk_in                                    ; clk_in      ; 0.000        ; 0.035      ; 0.411      ;
+--------+-----------------------------------------------------+-----------------------------------------------------+-------------------------------------------+-------------+--------------+------------+------------+


+--------------------------------------------------------------------------------------------------------------------------------------------------------------------------------------------------------------------------------------------------------+
; Fast 1200mV 0C Model Hold: 'vga_controller:vga_controller_inst|clk_25'                                                                                                                                                                                 ;
+-------+-------------------------------------------------------+-------------------------------------------------------+-------------------------------------------+-------------------------------------------+--------------+------------+------------+
; Slack ; From Node                                             ; To Node                                               ; Launch Clock                              ; Latch Clock                               ; Relationship ; Clock Skew ; Data Delay ;
+-------+-------------------------------------------------------+-------------------------------------------------------+-------------------------------------------+-------------------------------------------+--------------+------------+------------+
; 0.285 ; vga_controller:vga_controller_inst|h_pos_internal[13] ; vga_controller:vga_controller_inst|h_pos_internal[13] ; vga_controller:vga_controller_inst|clk_25 ; vga_controller:vga_controller_inst|clk_25 ; 0.000        ; 0.035      ; 0.424      ;
; 0.285 ; vga_controller:vga_controller_inst|h_pos_internal[31] ; vga_controller:vga_controller_inst|h_pos_internal[31] ; vga_controller:vga_controller_inst|clk_25 ; vga_controller:vga_controller_inst|clk_25 ; 0.000        ; 0.035      ; 0.424      ;
; 0.285 ; vga_controller:vga_controller_inst|h_pos_internal[29] ; vga_controller:vga_controller_inst|h_pos_internal[29] ; vga_controller:vga_controller_inst|clk_25 ; vga_controller:vga_controller_inst|clk_25 ; 0.000        ; 0.035      ; 0.424      ;
; 0.285 ; vga_controller:vga_controller_inst|h_pos_internal[15] ; vga_controller:vga_controller_inst|h_pos_internal[15] ; vga_controller:vga_controller_inst|clk_25 ; vga_controller:vga_controller_inst|clk_25 ; 0.000        ; 0.035      ; 0.424      ;
; 0.285 ; vga_controller:vga_controller_inst|v_pos_internal[13] ; vga_controller:vga_controller_inst|v_pos_internal[13] ; vga_controller:vga_controller_inst|clk_25 ; vga_controller:vga_controller_inst|clk_25 ; 0.000        ; 0.035      ; 0.424      ;
; 0.285 ; vga_controller:vga_controller_inst|v_pos_internal[31] ; vga_controller:vga_controller_inst|v_pos_internal[31] ; vga_controller:vga_controller_inst|clk_25 ; vga_controller:vga_controller_inst|clk_25 ; 0.000        ; 0.035      ; 0.424      ;
; 0.285 ; vga_controller:vga_controller_inst|v_pos_internal[15] ; vga_controller:vga_controller_inst|v_pos_internal[15] ; vga_controller:vga_controller_inst|clk_25 ; vga_controller:vga_controller_inst|clk_25 ; 0.000        ; 0.035      ; 0.424      ;
; 0.285 ; vga_controller:vga_controller_inst|v_pos_internal[29] ; vga_controller:vga_controller_inst|v_pos_internal[29] ; vga_controller:vga_controller_inst|clk_25 ; vga_controller:vga_controller_inst|clk_25 ; 0.000        ; 0.035      ; 0.424      ;
; 0.286 ; vga_controller:vga_controller_inst|h_pos_internal[19] ; vga_controller:vga_controller_inst|h_pos_internal[19] ; vga_controller:vga_controller_inst|clk_25 ; vga_controller:vga_controller_inst|clk_25 ; 0.000        ; 0.035      ; 0.425      ;
; 0.286 ; vga_controller:vga_controller_inst|h_pos_internal[21] ; vga_controller:vga_controller_inst|h_pos_internal[21] ; vga_controller:vga_controller_inst|clk_25 ; vga_controller:vga_controller_inst|clk_25 ; 0.000        ; 0.035      ; 0.425      ;
; 0.286 ; vga_controller:vga_controller_inst|h_pos_internal[27] ; vga_controller:vga_controller_inst|h_pos_internal[27] ; vga_controller:vga_controller_inst|clk_25 ; vga_controller:vga_controller_inst|clk_25 ; 0.000        ; 0.035      ; 0.425      ;
; 0.286 ; vga_controller:vga_controller_inst|h_pos_internal[11] ; vga_controller:vga_controller_inst|h_pos_internal[11] ; vga_controller:vga_controller_inst|clk_25 ; vga_controller:vga_controller_inst|clk_25 ; 0.000        ; 0.035      ; 0.425      ;
; 0.286 ; vga_controller:vga_controller_inst|h_pos_internal[17] ; vga_controller:vga_controller_inst|h_pos_internal[17] ; vga_controller:vga_controller_inst|clk_25 ; vga_controller:vga_controller_inst|clk_25 ; 0.000        ; 0.035      ; 0.425      ;
; 0.286 ; vga_controller:vga_controller_inst|v_pos_internal[6]  ; vga_controller:vga_controller_inst|v_pos_internal[6]  ; vga_controller:vga_controller_inst|clk_25 ; vga_controller:vga_controller_inst|clk_25 ; 0.000        ; 0.035      ; 0.425      ;
; 0.286 ; vga_controller:vga_controller_inst|v_pos_internal[21] ; vga_controller:vga_controller_inst|v_pos_internal[21] ; vga_controller:vga_controller_inst|clk_25 ; vga_controller:vga_controller_inst|clk_25 ; 0.000        ; 0.035      ; 0.425      ;
; 0.286 ; vga_controller:vga_controller_inst|v_pos_internal[19] ; vga_controller:vga_controller_inst|v_pos_internal[19] ; vga_controller:vga_controller_inst|clk_25 ; vga_controller:vga_controller_inst|clk_25 ; 0.000        ; 0.035      ; 0.425      ;
; 0.286 ; vga_controller:vga_controller_inst|v_pos_internal[17] ; vga_controller:vga_controller_inst|v_pos_internal[17] ; vga_controller:vga_controller_inst|clk_25 ; vga_controller:vga_controller_inst|clk_25 ; 0.000        ; 0.035      ; 0.425      ;
; 0.286 ; vga_controller:vga_controller_inst|v_pos_internal[27] ; vga_controller:vga_controller_inst|v_pos_internal[27] ; vga_controller:vga_controller_inst|clk_25 ; vga_controller:vga_controller_inst|clk_25 ; 0.000        ; 0.035      ; 0.425      ;
; 0.286 ; vga_controller:vga_controller_inst|v_pos_internal[11] ; vga_controller:vga_controller_inst|v_pos_internal[11] ; vga_controller:vga_controller_inst|clk_25 ; vga_controller:vga_controller_inst|clk_25 ; 0.000        ; 0.035      ; 0.425      ;
; 0.287 ; vga_controller:vga_controller_inst|h_pos_internal[18] ; vga_controller:vga_controller_inst|h_pos_internal[18] ; vga_controller:vga_controller_inst|clk_25 ; vga_controller:vga_controller_inst|clk_25 ; 0.000        ; 0.035      ; 0.426      ;
; 0.287 ; vga_controller:vga_controller_inst|h_pos_internal[23] ; vga_controller:vga_controller_inst|h_pos_internal[23] ; vga_controller:vga_controller_inst|clk_25 ; vga_controller:vga_controller_inst|clk_25 ; 0.000        ; 0.035      ; 0.426      ;
; 0.287 ; vga_controller:vga_controller_inst|h_pos_internal[25] ; vga_controller:vga_controller_inst|h_pos_internal[25] ; vga_controller:vga_controller_inst|clk_25 ; vga_controller:vga_controller_inst|clk_25 ; 0.000        ; 0.035      ; 0.426      ;
; 0.287 ; vga_controller:vga_controller_inst|h_pos_internal[22] ; vga_controller:vga_controller_inst|h_pos_internal[22] ; vga_controller:vga_controller_inst|clk_25 ; vga_controller:vga_controller_inst|clk_25 ; 0.000        ; 0.035      ; 0.426      ;
; 0.287 ; vga_controller:vga_controller_inst|h_pos_internal[16] ; vga_controller:vga_controller_inst|h_pos_internal[16] ; vga_controller:vga_controller_inst|clk_25 ; vga_controller:vga_controller_inst|clk_25 ; 0.000        ; 0.035      ; 0.426      ;
; 0.287 ; vga_controller:vga_controller_inst|h_pos_internal[14] ; vga_controller:vga_controller_inst|h_pos_internal[14] ; vga_controller:vga_controller_inst|clk_25 ; vga_controller:vga_controller_inst|clk_25 ; 0.000        ; 0.035      ; 0.426      ;
; 0.287 ; vga_controller:vga_controller_inst|v_pos_internal[8]  ; vga_controller:vga_controller_inst|v_pos_internal[8]  ; vga_controller:vga_controller_inst|clk_25 ; vga_controller:vga_controller_inst|clk_25 ; 0.000        ; 0.035      ; 0.426      ;
; 0.287 ; vga_controller:vga_controller_inst|v_pos_internal[18] ; vga_controller:vga_controller_inst|v_pos_internal[18] ; vga_controller:vga_controller_inst|clk_25 ; vga_controller:vga_controller_inst|clk_25 ; 0.000        ; 0.035      ; 0.426      ;
; 0.287 ; vga_controller:vga_controller_inst|v_pos_internal[25] ; vga_controller:vga_controller_inst|v_pos_internal[25] ; vga_controller:vga_controller_inst|clk_25 ; vga_controller:vga_controller_inst|clk_25 ; 0.000        ; 0.035      ; 0.426      ;
; 0.287 ; vga_controller:vga_controller_inst|v_pos_internal[22] ; vga_controller:vga_controller_inst|v_pos_internal[22] ; vga_controller:vga_controller_inst|clk_25 ; vga_controller:vga_controller_inst|clk_25 ; 0.000        ; 0.035      ; 0.426      ;
; 0.287 ; vga_controller:vga_controller_inst|v_pos_internal[23] ; vga_controller:vga_controller_inst|v_pos_internal[23] ; vga_controller:vga_controller_inst|clk_25 ; vga_controller:vga_controller_inst|clk_25 ; 0.000        ; 0.035      ; 0.426      ;
; 0.287 ; vga_controller:vga_controller_inst|v_pos_internal[14] ; vga_controller:vga_controller_inst|v_pos_internal[14] ; vga_controller:vga_controller_inst|clk_25 ; vga_controller:vga_controller_inst|clk_25 ; 0.000        ; 0.035      ; 0.426      ;
; 0.287 ; vga_controller:vga_controller_inst|v_pos_internal[16] ; vga_controller:vga_controller_inst|v_pos_internal[16] ; vga_controller:vga_controller_inst|clk_25 ; vga_controller:vga_controller_inst|clk_25 ; 0.000        ; 0.035      ; 0.426      ;
; 0.288 ; vga_controller:vga_controller_inst|h_pos_internal[20] ; vga_controller:vga_controller_inst|h_pos_internal[20] ; vga_controller:vga_controller_inst|clk_25 ; vga_controller:vga_controller_inst|clk_25 ; 0.000        ; 0.035      ; 0.427      ;
; 0.288 ; vga_controller:vga_controller_inst|h_pos_internal[24] ; vga_controller:vga_controller_inst|h_pos_internal[24] ; vga_controller:vga_controller_inst|clk_25 ; vga_controller:vga_controller_inst|clk_25 ; 0.000        ; 0.035      ; 0.427      ;
; 0.288 ; vga_controller:vga_controller_inst|h_pos_internal[12] ; vga_controller:vga_controller_inst|h_pos_internal[12] ; vga_controller:vga_controller_inst|clk_25 ; vga_controller:vga_controller_inst|clk_25 ; 0.000        ; 0.035      ; 0.427      ;
; 0.288 ; vga_controller:vga_controller_inst|h_pos_internal[30] ; vga_controller:vga_controller_inst|h_pos_internal[30] ; vga_controller:vga_controller_inst|clk_25 ; vga_controller:vga_controller_inst|clk_25 ; 0.000        ; 0.035      ; 0.427      ;
; 0.288 ; vga_controller:vga_controller_inst|h_pos_internal[28] ; vga_controller:vga_controller_inst|h_pos_internal[28] ; vga_controller:vga_controller_inst|clk_25 ; vga_controller:vga_controller_inst|clk_25 ; 0.000        ; 0.035      ; 0.427      ;
; 0.288 ; vga_controller:vga_controller_inst|v_pos_internal[20] ; vga_controller:vga_controller_inst|v_pos_internal[20] ; vga_controller:vga_controller_inst|clk_25 ; vga_controller:vga_controller_inst|clk_25 ; 0.000        ; 0.035      ; 0.427      ;
; 0.288 ; vga_controller:vga_controller_inst|v_pos_internal[24] ; vga_controller:vga_controller_inst|v_pos_internal[24] ; vga_controller:vga_controller_inst|clk_25 ; vga_controller:vga_controller_inst|clk_25 ; 0.000        ; 0.035      ; 0.427      ;
; 0.288 ; vga_controller:vga_controller_inst|v_pos_internal[12] ; vga_controller:vga_controller_inst|v_pos_internal[12] ; vga_controller:vga_controller_inst|clk_25 ; vga_controller:vga_controller_inst|clk_25 ; 0.000        ; 0.035      ; 0.427      ;
; 0.288 ; vga_controller:vga_controller_inst|v_pos_internal[30] ; vga_controller:vga_controller_inst|v_pos_internal[30] ; vga_controller:vga_controller_inst|clk_25 ; vga_controller:vga_controller_inst|clk_25 ; 0.000        ; 0.035      ; 0.427      ;
; 0.288 ; vga_controller:vga_controller_inst|v_pos_internal[28] ; vga_controller:vga_controller_inst|v_pos_internal[28] ; vga_controller:vga_controller_inst|clk_25 ; vga_controller:vga_controller_inst|clk_25 ; 0.000        ; 0.035      ; 0.427      ;
; 0.288 ; vga_controller:vga_controller_inst|v_pos_internal[10] ; vga_controller:vga_controller_inst|v_pos_internal[10] ; vga_controller:vga_controller_inst|clk_25 ; vga_controller:vga_controller_inst|clk_25 ; 0.000        ; 0.035      ; 0.427      ;
; 0.289 ; vga_controller:vga_controller_inst|h_pos_internal[26] ; vga_controller:vga_controller_inst|h_pos_internal[26] ; vga_controller:vga_controller_inst|clk_25 ; vga_controller:vga_controller_inst|clk_25 ; 0.000        ; 0.035      ; 0.428      ;
; 0.289 ; vga_controller:vga_controller_inst|v_pos_internal[26] ; vga_controller:vga_controller_inst|v_pos_internal[26] ; vga_controller:vga_controller_inst|clk_25 ; vga_controller:vga_controller_inst|clk_25 ; 0.000        ; 0.035      ; 0.428      ;
; 0.297 ; vga_controller:vga_controller_inst|h_pos_internal[3]  ; vga_controller:vga_controller_inst|h_pos_internal[3]  ; vga_controller:vga_controller_inst|clk_25 ; vga_controller:vga_controller_inst|clk_25 ; 0.000        ; 0.035      ; 0.436      ;
; 0.297 ; vga_controller:vga_controller_inst|h_pos_internal[1]  ; vga_controller:vga_controller_inst|h_pos_internal[1]  ; vga_controller:vga_controller_inst|clk_25 ; vga_controller:vga_controller_inst|clk_25 ; 0.000        ; 0.035      ; 0.436      ;
; 0.297 ; vga_controller:vga_controller_inst|v_pos_internal[5]  ; vga_controller:vga_controller_inst|v_pos_internal[5]  ; vga_controller:vga_controller_inst|clk_25 ; vga_controller:vga_controller_inst|clk_25 ; 0.000        ; 0.035      ; 0.436      ;
; 0.298 ; vga_controller:vga_controller_inst|h_pos_internal[7]  ; vga_controller:vga_controller_inst|h_pos_internal[7]  ; vga_controller:vga_controller_inst|clk_25 ; vga_controller:vga_controller_inst|clk_25 ; 0.000        ; 0.035      ; 0.437      ;
; 0.298 ; vga_controller:vga_controller_inst|h_pos_internal[6]  ; vga_controller:vga_controller_inst|h_pos_internal[6]  ; vga_controller:vga_controller_inst|clk_25 ; vga_controller:vga_controller_inst|clk_25 ; 0.000        ; 0.035      ; 0.437      ;
; 0.298 ; vga_controller:vga_controller_inst|v_pos_internal[7]  ; vga_controller:vga_controller_inst|v_pos_internal[7]  ; vga_controller:vga_controller_inst|clk_25 ; vga_controller:vga_controller_inst|clk_25 ; 0.000        ; 0.035      ; 0.437      ;
; 0.299 ; vga_controller:vga_controller_inst|h_pos_internal[4]  ; vga_controller:vga_controller_inst|h_pos_internal[4]  ; vga_controller:vga_controller_inst|clk_25 ; vga_controller:vga_controller_inst|clk_25 ; 0.000        ; 0.035      ; 0.438      ;
; 0.299 ; vga_controller:vga_controller_inst|h_pos_internal[2]  ; vga_controller:vga_controller_inst|h_pos_internal[2]  ; vga_controller:vga_controller_inst|clk_25 ; vga_controller:vga_controller_inst|clk_25 ; 0.000        ; 0.035      ; 0.438      ;
; 0.299 ; vga_controller:vga_controller_inst|h_pos_internal[10] ; vga_controller:vga_controller_inst|h_pos_internal[10] ; vga_controller:vga_controller_inst|clk_25 ; vga_controller:vga_controller_inst|clk_25 ; 0.000        ; 0.035      ; 0.438      ;
; 0.299 ; vga_controller:vga_controller_inst|v_pos_internal[4]  ; vga_controller:vga_controller_inst|v_pos_internal[4]  ; vga_controller:vga_controller_inst|clk_25 ; vga_controller:vga_controller_inst|clk_25 ; 0.000        ; 0.035      ; 0.438      ;
; 0.309 ; vga_controller:vga_controller_inst|v_pos_internal[0]  ; vga_controller:vga_controller_inst|v_pos_internal[0]  ; vga_controller:vga_controller_inst|clk_25 ; vga_controller:vga_controller_inst|clk_25 ; 0.000        ; 0.035      ; 0.448      ;
; 0.361 ; vga_controller:vga_controller_inst|h_pos_internal[8]  ; vga_controller:vga_controller_inst|Hsync              ; vga_controller:vga_controller_inst|clk_25 ; vga_controller:vga_controller_inst|clk_25 ; 0.000        ; 0.035      ; 0.500      ;
; 0.433 ; vga_controller:vga_controller_inst|h_pos_internal[15] ; vga_controller:vga_controller_inst|h_pos_internal[16] ; vga_controller:vga_controller_inst|clk_25 ; vga_controller:vga_controller_inst|clk_25 ; 0.000        ; 0.036      ; 0.573      ;
; 0.433 ; vga_controller:vga_controller_inst|v_pos_internal[15] ; vga_controller:vga_controller_inst|v_pos_internal[16] ; vga_controller:vga_controller_inst|clk_25 ; vga_controller:vga_controller_inst|clk_25 ; 0.000        ; 0.036      ; 0.573      ;
; 0.434 ; vga_controller:vga_controller_inst|h_pos_internal[13] ; vga_controller:vga_controller_inst|h_pos_internal[14] ; vga_controller:vga_controller_inst|clk_25 ; vga_controller:vga_controller_inst|clk_25 ; 0.000        ; 0.035      ; 0.573      ;
; 0.434 ; vga_controller:vga_controller_inst|v_pos_internal[13] ; vga_controller:vga_controller_inst|v_pos_internal[14] ; vga_controller:vga_controller_inst|clk_25 ; vga_controller:vga_controller_inst|clk_25 ; 0.000        ; 0.035      ; 0.573      ;
; 0.434 ; vga_controller:vga_controller_inst|h_pos_internal[29] ; vga_controller:vga_controller_inst|h_pos_internal[30] ; vga_controller:vga_controller_inst|clk_25 ; vga_controller:vga_controller_inst|clk_25 ; 0.000        ; 0.035      ; 0.573      ;
; 0.434 ; vga_controller:vga_controller_inst|v_pos_internal[29] ; vga_controller:vga_controller_inst|v_pos_internal[30] ; vga_controller:vga_controller_inst|clk_25 ; vga_controller:vga_controller_inst|clk_25 ; 0.000        ; 0.035      ; 0.573      ;
; 0.435 ; vga_controller:vga_controller_inst|h_pos_internal[17] ; vga_controller:vga_controller_inst|h_pos_internal[18] ; vga_controller:vga_controller_inst|clk_25 ; vga_controller:vga_controller_inst|clk_25 ; 0.000        ; 0.035      ; 0.574      ;
; 0.435 ; vga_controller:vga_controller_inst|h_pos_internal[21] ; vga_controller:vga_controller_inst|h_pos_internal[22] ; vga_controller:vga_controller_inst|clk_25 ; vga_controller:vga_controller_inst|clk_25 ; 0.000        ; 0.035      ; 0.574      ;
; 0.435 ; vga_controller:vga_controller_inst|v_pos_internal[17] ; vga_controller:vga_controller_inst|v_pos_internal[18] ; vga_controller:vga_controller_inst|clk_25 ; vga_controller:vga_controller_inst|clk_25 ; 0.000        ; 0.035      ; 0.574      ;
; 0.435 ; vga_controller:vga_controller_inst|v_pos_internal[21] ; vga_controller:vga_controller_inst|v_pos_internal[22] ; vga_controller:vga_controller_inst|clk_25 ; vga_controller:vga_controller_inst|clk_25 ; 0.000        ; 0.035      ; 0.574      ;
; 0.435 ; vga_controller:vga_controller_inst|h_pos_internal[19] ; vga_controller:vga_controller_inst|h_pos_internal[20] ; vga_controller:vga_controller_inst|clk_25 ; vga_controller:vga_controller_inst|clk_25 ; 0.000        ; 0.035      ; 0.574      ;
; 0.435 ; vga_controller:vga_controller_inst|h_pos_internal[11] ; vga_controller:vga_controller_inst|h_pos_internal[12] ; vga_controller:vga_controller_inst|clk_25 ; vga_controller:vga_controller_inst|clk_25 ; 0.000        ; 0.035      ; 0.574      ;
; 0.435 ; vga_controller:vga_controller_inst|h_pos_internal[27] ; vga_controller:vga_controller_inst|h_pos_internal[28] ; vga_controller:vga_controller_inst|clk_25 ; vga_controller:vga_controller_inst|clk_25 ; 0.000        ; 0.035      ; 0.574      ;
; 0.435 ; vga_controller:vga_controller_inst|v_pos_internal[19] ; vga_controller:vga_controller_inst|v_pos_internal[20] ; vga_controller:vga_controller_inst|clk_25 ; vga_controller:vga_controller_inst|clk_25 ; 0.000        ; 0.035      ; 0.574      ;
; 0.435 ; vga_controller:vga_controller_inst|v_pos_internal[11] ; vga_controller:vga_controller_inst|v_pos_internal[12] ; vga_controller:vga_controller_inst|clk_25 ; vga_controller:vga_controller_inst|clk_25 ; 0.000        ; 0.035      ; 0.574      ;
; 0.435 ; vga_controller:vga_controller_inst|v_pos_internal[27] ; vga_controller:vga_controller_inst|v_pos_internal[28] ; vga_controller:vga_controller_inst|clk_25 ; vga_controller:vga_controller_inst|clk_25 ; 0.000        ; 0.035      ; 0.574      ;
; 0.436 ; vga_controller:vga_controller_inst|h_pos_internal[23] ; vga_controller:vga_controller_inst|h_pos_internal[24] ; vga_controller:vga_controller_inst|clk_25 ; vga_controller:vga_controller_inst|clk_25 ; 0.000        ; 0.035      ; 0.575      ;
; 0.436 ; vga_controller:vga_controller_inst|v_pos_internal[23] ; vga_controller:vga_controller_inst|v_pos_internal[24] ; vga_controller:vga_controller_inst|clk_25 ; vga_controller:vga_controller_inst|clk_25 ; 0.000        ; 0.035      ; 0.575      ;
; 0.436 ; vga_controller:vga_controller_inst|h_pos_internal[25] ; vga_controller:vga_controller_inst|h_pos_internal[26] ; vga_controller:vga_controller_inst|clk_25 ; vga_controller:vga_controller_inst|clk_25 ; 0.000        ; 0.035      ; 0.575      ;
; 0.436 ; vga_controller:vga_controller_inst|v_pos_internal[25] ; vga_controller:vga_controller_inst|v_pos_internal[26] ; vga_controller:vga_controller_inst|clk_25 ; vga_controller:vga_controller_inst|clk_25 ; 0.000        ; 0.035      ; 0.575      ;
; 0.444 ; vga_controller:vga_controller_inst|v_pos_internal[6]  ; vga_controller:vga_controller_inst|v_pos_internal[7]  ; vga_controller:vga_controller_inst|clk_25 ; vga_controller:vga_controller_inst|clk_25 ; 0.000        ; 0.035      ; 0.583      ;
; 0.445 ; vga_controller:vga_controller_inst|h_pos_internal[14] ; vga_controller:vga_controller_inst|h_pos_internal[15] ; vga_controller:vga_controller_inst|clk_25 ; vga_controller:vga_controller_inst|clk_25 ; 0.000        ; 0.035      ; 0.584      ;
; 0.445 ; vga_controller:vga_controller_inst|v_pos_internal[14] ; vga_controller:vga_controller_inst|v_pos_internal[15] ; vga_controller:vga_controller_inst|clk_25 ; vga_controller:vga_controller_inst|clk_25 ; 0.000        ; 0.035      ; 0.584      ;
; 0.445 ; vga_controller:vga_controller_inst|h_pos_internal[18] ; vga_controller:vga_controller_inst|h_pos_internal[19] ; vga_controller:vga_controller_inst|clk_25 ; vga_controller:vga_controller_inst|clk_25 ; 0.000        ; 0.035      ; 0.584      ;
; 0.445 ; vga_controller:vga_controller_inst|h_pos_internal[16] ; vga_controller:vga_controller_inst|h_pos_internal[17] ; vga_controller:vga_controller_inst|clk_25 ; vga_controller:vga_controller_inst|clk_25 ; 0.000        ; 0.035      ; 0.584      ;
; 0.445 ; vga_controller:vga_controller_inst|v_pos_internal[18] ; vga_controller:vga_controller_inst|v_pos_internal[19] ; vga_controller:vga_controller_inst|clk_25 ; vga_controller:vga_controller_inst|clk_25 ; 0.000        ; 0.035      ; 0.584      ;
; 0.445 ; vga_controller:vga_controller_inst|v_pos_internal[16] ; vga_controller:vga_controller_inst|v_pos_internal[17] ; vga_controller:vga_controller_inst|clk_25 ; vga_controller:vga_controller_inst|clk_25 ; 0.000        ; 0.035      ; 0.584      ;
; 0.445 ; vga_controller:vga_controller_inst|h_pos_internal[22] ; vga_controller:vga_controller_inst|h_pos_internal[23] ; vga_controller:vga_controller_inst|clk_25 ; vga_controller:vga_controller_inst|clk_25 ; 0.000        ; 0.035      ; 0.584      ;
; 0.445 ; vga_controller:vga_controller_inst|v_pos_internal[22] ; vga_controller:vga_controller_inst|v_pos_internal[23] ; vga_controller:vga_controller_inst|clk_25 ; vga_controller:vga_controller_inst|clk_25 ; 0.000        ; 0.035      ; 0.584      ;
; 0.446 ; vga_controller:vga_controller_inst|h_pos_internal[12] ; vga_controller:vga_controller_inst|h_pos_internal[13] ; vga_controller:vga_controller_inst|clk_25 ; vga_controller:vga_controller_inst|clk_25 ; 0.000        ; 0.035      ; 0.585      ;
; 0.446 ; vga_controller:vga_controller_inst|h_pos_internal[30] ; vga_controller:vga_controller_inst|h_pos_internal[31] ; vga_controller:vga_controller_inst|clk_25 ; vga_controller:vga_controller_inst|clk_25 ; 0.000        ; 0.035      ; 0.585      ;
; 0.446 ; vga_controller:vga_controller_inst|h_pos_internal[28] ; vga_controller:vga_controller_inst|h_pos_internal[29] ; vga_controller:vga_controller_inst|clk_25 ; vga_controller:vga_controller_inst|clk_25 ; 0.000        ; 0.035      ; 0.585      ;
; 0.446 ; vga_controller:vga_controller_inst|v_pos_internal[12] ; vga_controller:vga_controller_inst|v_pos_internal[13] ; vga_controller:vga_controller_inst|clk_25 ; vga_controller:vga_controller_inst|clk_25 ; 0.000        ; 0.035      ; 0.585      ;
; 0.446 ; vga_controller:vga_controller_inst|v_pos_internal[30] ; vga_controller:vga_controller_inst|v_pos_internal[31] ; vga_controller:vga_controller_inst|clk_25 ; vga_controller:vga_controller_inst|clk_25 ; 0.000        ; 0.035      ; 0.585      ;
; 0.446 ; vga_controller:vga_controller_inst|v_pos_internal[28] ; vga_controller:vga_controller_inst|v_pos_internal[29] ; vga_controller:vga_controller_inst|clk_25 ; vga_controller:vga_controller_inst|clk_25 ; 0.000        ; 0.035      ; 0.585      ;
; 0.446 ; vga_controller:vga_controller_inst|h_pos_internal[20] ; vga_controller:vga_controller_inst|h_pos_internal[21] ; vga_controller:vga_controller_inst|clk_25 ; vga_controller:vga_controller_inst|clk_25 ; 0.000        ; 0.035      ; 0.585      ;
; 0.446 ; vga_controller:vga_controller_inst|v_pos_internal[5]  ; vga_controller:vga_controller_inst|v_pos_internal[6]  ; vga_controller:vga_controller_inst|clk_25 ; vga_controller:vga_controller_inst|clk_25 ; 0.000        ; 0.035      ; 0.585      ;
; 0.446 ; vga_controller:vga_controller_inst|v_pos_internal[20] ; vga_controller:vga_controller_inst|v_pos_internal[21] ; vga_controller:vga_controller_inst|clk_25 ; vga_controller:vga_controller_inst|clk_25 ; 0.000        ; 0.035      ; 0.585      ;
; 0.446 ; vga_controller:vga_controller_inst|v_pos_internal[10] ; vga_controller:vga_controller_inst|v_pos_internal[11] ; vga_controller:vga_controller_inst|clk_25 ; vga_controller:vga_controller_inst|clk_25 ; 0.000        ; 0.035      ; 0.585      ;
; 0.446 ; vga_controller:vga_controller_inst|h_pos_internal[24] ; vga_controller:vga_controller_inst|h_pos_internal[25] ; vga_controller:vga_controller_inst|clk_25 ; vga_controller:vga_controller_inst|clk_25 ; 0.000        ; 0.035      ; 0.585      ;
; 0.446 ; vga_controller:vga_controller_inst|v_pos_internal[24] ; vga_controller:vga_controller_inst|v_pos_internal[25] ; vga_controller:vga_controller_inst|clk_25 ; vga_controller:vga_controller_inst|clk_25 ; 0.000        ; 0.035      ; 0.585      ;
; 0.446 ; vga_controller:vga_controller_inst|h_pos_internal[3]  ; vga_controller:vga_controller_inst|h_pos_internal[4]  ; vga_controller:vga_controller_inst|clk_25 ; vga_controller:vga_controller_inst|clk_25 ; 0.000        ; 0.035      ; 0.585      ;
; 0.446 ; vga_controller:vga_controller_inst|h_pos_internal[1]  ; vga_controller:vga_controller_inst|h_pos_internal[2]  ; vga_controller:vga_controller_inst|clk_25 ; vga_controller:vga_controller_inst|clk_25 ; 0.000        ; 0.035      ; 0.585      ;
+-------+-------------------------------------------------------+-------------------------------------------------------+-------------------------------------------+-------------------------------------------+--------------+------------+------------+


+-----------------------------------------------------------------------------------------------------------------------------+
; Fast 1200mV 0C Model Minimum Pulse Width: 'clk_in'                                                                          ;
+--------+--------------+----------------+------------+--------+------------+-------------------------------------------------+
; Slack  ; Actual Width ; Required Width ; Type       ; Clock  ; Clock Edge ; Target                                          ;
+--------+--------------+----------------+------------+--------+------------+-------------------------------------------------+
; -3.000 ; 1.000        ; 4.000          ; Port Rate  ; clk_in ; Rise       ; clk_in                                          ;
; -1.000 ; 1.000        ; 2.000          ; Min Period ; clk_in ; Rise       ; ball_ctrl:ball_ctrl_inst|ball_x_internal[1]     ;
; -1.000 ; 1.000        ; 2.000          ; Min Period ; clk_in ; Rise       ; ball_ctrl:ball_ctrl_inst|ball_x_internal[2]     ;
; -1.000 ; 1.000        ; 2.000          ; Min Period ; clk_in ; Rise       ; ball_ctrl:ball_ctrl_inst|ball_x_internal[3]     ;
; -1.000 ; 1.000        ; 2.000          ; Min Period ; clk_in ; Rise       ; ball_ctrl:ball_ctrl_inst|ball_x_internal[4]     ;
; -1.000 ; 1.000        ; 2.000          ; Min Period ; clk_in ; Rise       ; ball_ctrl:ball_ctrl_inst|ball_x_internal[5]     ;
; -1.000 ; 1.000        ; 2.000          ; Min Period ; clk_in ; Rise       ; ball_ctrl:ball_ctrl_inst|ball_x_p[1]            ;
; -1.000 ; 1.000        ; 2.000          ; Min Period ; clk_in ; Rise       ; ball_ctrl:ball_ctrl_inst|ball_x_p[2]            ;
; -1.000 ; 1.000        ; 2.000          ; Min Period ; clk_in ; Rise       ; ball_ctrl:ball_ctrl_inst|ball_x_p[3]            ;
; -1.000 ; 1.000        ; 2.000          ; Min Period ; clk_in ; Rise       ; ball_ctrl:ball_ctrl_inst|ball_x_p[4]            ;
; -1.000 ; 1.000        ; 2.000          ; Min Period ; clk_in ; Rise       ; ball_ctrl:ball_ctrl_inst|ball_x_p[5]            ;
; -1.000 ; 1.000        ; 2.000          ; Min Period ; clk_in ; Rise       ; ball_ctrl:ball_ctrl_inst|ball_y_internal[0]     ;
; -1.000 ; 1.000        ; 2.000          ; Min Period ; clk_in ; Rise       ; ball_ctrl:ball_ctrl_inst|ball_y_internal[1]     ;
; -1.000 ; 1.000        ; 2.000          ; Min Period ; clk_in ; Rise       ; ball_ctrl:ball_ctrl_inst|ball_y_internal[2]     ;
; -1.000 ; 1.000        ; 2.000          ; Min Period ; clk_in ; Rise       ; ball_ctrl:ball_ctrl_inst|ball_y_internal[3]     ;
; -1.000 ; 1.000        ; 2.000          ; Min Period ; clk_in ; Rise       ; ball_ctrl:ball_ctrl_inst|ball_y_internal[4]     ;
; -1.000 ; 1.000        ; 2.000          ; Min Period ; clk_in ; Rise       ; ball_ctrl:ball_ctrl_inst|ball_y_internal[5]     ;
; -1.000 ; 1.000        ; 2.000          ; Min Period ; clk_in ; Rise       ; ball_ctrl:ball_ctrl_inst|ball_y_p[0]            ;
; -1.000 ; 1.000        ; 2.000          ; Min Period ; clk_in ; Rise       ; ball_ctrl:ball_ctrl_inst|ball_y_p[1]            ;
; -1.000 ; 1.000        ; 2.000          ; Min Period ; clk_in ; Rise       ; ball_ctrl:ball_ctrl_inst|ball_y_p[2]            ;
; -1.000 ; 1.000        ; 2.000          ; Min Period ; clk_in ; Rise       ; ball_ctrl:ball_ctrl_inst|ball_y_p[3]            ;
; -1.000 ; 1.000        ; 2.000          ; Min Period ; clk_in ; Rise       ; ball_ctrl:ball_ctrl_inst|ball_y_p[4]            ;
; -1.000 ; 1.000        ; 2.000          ; Min Period ; clk_in ; Rise       ; ball_ctrl:ball_ctrl_inst|ball_y_p[5]            ;
; -1.000 ; 1.000        ; 2.000          ; Min Period ; clk_in ; Rise       ; ball_ctrl:ball_ctrl_inst|count_clk[0]           ;
; -1.000 ; 1.000        ; 2.000          ; Min Period ; clk_in ; Rise       ; ball_ctrl:ball_ctrl_inst|count_clk[10]          ;
; -1.000 ; 1.000        ; 2.000          ; Min Period ; clk_in ; Rise       ; ball_ctrl:ball_ctrl_inst|count_clk[11]          ;
; -1.000 ; 1.000        ; 2.000          ; Min Period ; clk_in ; Rise       ; ball_ctrl:ball_ctrl_inst|count_clk[12]          ;
; -1.000 ; 1.000        ; 2.000          ; Min Period ; clk_in ; Rise       ; ball_ctrl:ball_ctrl_inst|count_clk[13]          ;
; -1.000 ; 1.000        ; 2.000          ; Min Period ; clk_in ; Rise       ; ball_ctrl:ball_ctrl_inst|count_clk[14]          ;
; -1.000 ; 1.000        ; 2.000          ; Min Period ; clk_in ; Rise       ; ball_ctrl:ball_ctrl_inst|count_clk[15]          ;
; -1.000 ; 1.000        ; 2.000          ; Min Period ; clk_in ; Rise       ; ball_ctrl:ball_ctrl_inst|count_clk[16]          ;
; -1.000 ; 1.000        ; 2.000          ; Min Period ; clk_in ; Rise       ; ball_ctrl:ball_ctrl_inst|count_clk[17]          ;
; -1.000 ; 1.000        ; 2.000          ; Min Period ; clk_in ; Rise       ; ball_ctrl:ball_ctrl_inst|count_clk[18]          ;
; -1.000 ; 1.000        ; 2.000          ; Min Period ; clk_in ; Rise       ; ball_ctrl:ball_ctrl_inst|count_clk[19]          ;
; -1.000 ; 1.000        ; 2.000          ; Min Period ; clk_in ; Rise       ; ball_ctrl:ball_ctrl_inst|count_clk[1]           ;
; -1.000 ; 1.000        ; 2.000          ; Min Period ; clk_in ; Rise       ; ball_ctrl:ball_ctrl_inst|count_clk[20]          ;
; -1.000 ; 1.000        ; 2.000          ; Min Period ; clk_in ; Rise       ; ball_ctrl:ball_ctrl_inst|count_clk[21]          ;
; -1.000 ; 1.000        ; 2.000          ; Min Period ; clk_in ; Rise       ; ball_ctrl:ball_ctrl_inst|count_clk[22]          ;
; -1.000 ; 1.000        ; 2.000          ; Min Period ; clk_in ; Rise       ; ball_ctrl:ball_ctrl_inst|count_clk[23]          ;
; -1.000 ; 1.000        ; 2.000          ; Min Period ; clk_in ; Rise       ; ball_ctrl:ball_ctrl_inst|count_clk[24]          ;
; -1.000 ; 1.000        ; 2.000          ; Min Period ; clk_in ; Rise       ; ball_ctrl:ball_ctrl_inst|count_clk[25]          ;
; -1.000 ; 1.000        ; 2.000          ; Min Period ; clk_in ; Rise       ; ball_ctrl:ball_ctrl_inst|count_clk[26]          ;
; -1.000 ; 1.000        ; 2.000          ; Min Period ; clk_in ; Rise       ; ball_ctrl:ball_ctrl_inst|count_clk[27]          ;
; -1.000 ; 1.000        ; 2.000          ; Min Period ; clk_in ; Rise       ; ball_ctrl:ball_ctrl_inst|count_clk[28]          ;
; -1.000 ; 1.000        ; 2.000          ; Min Period ; clk_in ; Rise       ; ball_ctrl:ball_ctrl_inst|count_clk[29]          ;
; -1.000 ; 1.000        ; 2.000          ; Min Period ; clk_in ; Rise       ; ball_ctrl:ball_ctrl_inst|count_clk[2]           ;
; -1.000 ; 1.000        ; 2.000          ; Min Period ; clk_in ; Rise       ; ball_ctrl:ball_ctrl_inst|count_clk[30]          ;
; -1.000 ; 1.000        ; 2.000          ; Min Period ; clk_in ; Rise       ; ball_ctrl:ball_ctrl_inst|count_clk[31]          ;
; -1.000 ; 1.000        ; 2.000          ; Min Period ; clk_in ; Rise       ; ball_ctrl:ball_ctrl_inst|count_clk[3]           ;
; -1.000 ; 1.000        ; 2.000          ; Min Period ; clk_in ; Rise       ; ball_ctrl:ball_ctrl_inst|count_clk[4]           ;
; -1.000 ; 1.000        ; 2.000          ; Min Period ; clk_in ; Rise       ; ball_ctrl:ball_ctrl_inst|count_clk[5]           ;
; -1.000 ; 1.000        ; 2.000          ; Min Period ; clk_in ; Rise       ; ball_ctrl:ball_ctrl_inst|count_clk[6]           ;
; -1.000 ; 1.000        ; 2.000          ; Min Period ; clk_in ; Rise       ; ball_ctrl:ball_ctrl_inst|count_clk[7]           ;
; -1.000 ; 1.000        ; 2.000          ; Min Period ; clk_in ; Rise       ; ball_ctrl:ball_ctrl_inst|count_clk[8]           ;
; -1.000 ; 1.000        ; 2.000          ; Min Period ; clk_in ; Rise       ; ball_ctrl:ball_ctrl_inst|count_clk[9]           ;
; -1.000 ; 1.000        ; 2.000          ; Min Period ; clk_in ; Rise       ; ball_ctrl:ball_ctrl_inst|disp_ball              ;
; -1.000 ; 1.000        ; 2.000          ; Min Period ; clk_in ; Rise       ; debounce_pb:debounce_paddledwn2|button_state    ;
; -1.000 ; 1.000        ; 2.000          ; Min Period ; clk_in ; Rise       ; debounce_pb:debounce_paddledwn2|clk_counter[0]  ;
; -1.000 ; 1.000        ; 2.000          ; Min Period ; clk_in ; Rise       ; debounce_pb:debounce_paddledwn2|clk_counter[10] ;
; -1.000 ; 1.000        ; 2.000          ; Min Period ; clk_in ; Rise       ; debounce_pb:debounce_paddledwn2|clk_counter[11] ;
; -1.000 ; 1.000        ; 2.000          ; Min Period ; clk_in ; Rise       ; debounce_pb:debounce_paddledwn2|clk_counter[12] ;
; -1.000 ; 1.000        ; 2.000          ; Min Period ; clk_in ; Rise       ; debounce_pb:debounce_paddledwn2|clk_counter[13] ;
; -1.000 ; 1.000        ; 2.000          ; Min Period ; clk_in ; Rise       ; debounce_pb:debounce_paddledwn2|clk_counter[14] ;
; -1.000 ; 1.000        ; 2.000          ; Min Period ; clk_in ; Rise       ; debounce_pb:debounce_paddledwn2|clk_counter[15] ;
; -1.000 ; 1.000        ; 2.000          ; Min Period ; clk_in ; Rise       ; debounce_pb:debounce_paddledwn2|clk_counter[16] ;
; -1.000 ; 1.000        ; 2.000          ; Min Period ; clk_in ; Rise       ; debounce_pb:debounce_paddledwn2|clk_counter[17] ;
; -1.000 ; 1.000        ; 2.000          ; Min Period ; clk_in ; Rise       ; debounce_pb:debounce_paddledwn2|clk_counter[18] ;
; -1.000 ; 1.000        ; 2.000          ; Min Period ; clk_in ; Rise       ; debounce_pb:debounce_paddledwn2|clk_counter[1]  ;
; -1.000 ; 1.000        ; 2.000          ; Min Period ; clk_in ; Rise       ; debounce_pb:debounce_paddledwn2|clk_counter[2]  ;
; -1.000 ; 1.000        ; 2.000          ; Min Period ; clk_in ; Rise       ; debounce_pb:debounce_paddledwn2|clk_counter[3]  ;
; -1.000 ; 1.000        ; 2.000          ; Min Period ; clk_in ; Rise       ; debounce_pb:debounce_paddledwn2|clk_counter[4]  ;
; -1.000 ; 1.000        ; 2.000          ; Min Period ; clk_in ; Rise       ; debounce_pb:debounce_paddledwn2|clk_counter[5]  ;
; -1.000 ; 1.000        ; 2.000          ; Min Period ; clk_in ; Rise       ; debounce_pb:debounce_paddledwn2|clk_counter[6]  ;
; -1.000 ; 1.000        ; 2.000          ; Min Period ; clk_in ; Rise       ; debounce_pb:debounce_paddledwn2|clk_counter[7]  ;
; -1.000 ; 1.000        ; 2.000          ; Min Period ; clk_in ; Rise       ; debounce_pb:debounce_paddledwn2|clk_counter[8]  ;
; -1.000 ; 1.000        ; 2.000          ; Min Period ; clk_in ; Rise       ; debounce_pb:debounce_paddledwn2|clk_counter[9]  ;
; -1.000 ; 1.000        ; 2.000          ; Min Period ; clk_in ; Rise       ; debounce_pb:debounce_paddleup2|button_state     ;
; -1.000 ; 1.000        ; 2.000          ; Min Period ; clk_in ; Rise       ; debounce_pb:debounce_paddleup2|clk_counter[0]   ;
; -1.000 ; 1.000        ; 2.000          ; Min Period ; clk_in ; Rise       ; debounce_pb:debounce_paddleup2|clk_counter[10]  ;
; -1.000 ; 1.000        ; 2.000          ; Min Period ; clk_in ; Rise       ; debounce_pb:debounce_paddleup2|clk_counter[11]  ;
; -1.000 ; 1.000        ; 2.000          ; Min Period ; clk_in ; Rise       ; debounce_pb:debounce_paddleup2|clk_counter[12]  ;
; -1.000 ; 1.000        ; 2.000          ; Min Period ; clk_in ; Rise       ; debounce_pb:debounce_paddleup2|clk_counter[13]  ;
; -1.000 ; 1.000        ; 2.000          ; Min Period ; clk_in ; Rise       ; debounce_pb:debounce_paddleup2|clk_counter[14]  ;
; -1.000 ; 1.000        ; 2.000          ; Min Period ; clk_in ; Rise       ; debounce_pb:debounce_paddleup2|clk_counter[15]  ;
; -1.000 ; 1.000        ; 2.000          ; Min Period ; clk_in ; Rise       ; debounce_pb:debounce_paddleup2|clk_counter[16]  ;
; -1.000 ; 1.000        ; 2.000          ; Min Period ; clk_in ; Rise       ; debounce_pb:debounce_paddleup2|clk_counter[17]  ;
; -1.000 ; 1.000        ; 2.000          ; Min Period ; clk_in ; Rise       ; debounce_pb:debounce_paddleup2|clk_counter[18]  ;
; -1.000 ; 1.000        ; 2.000          ; Min Period ; clk_in ; Rise       ; debounce_pb:debounce_paddleup2|clk_counter[1]   ;
; -1.000 ; 1.000        ; 2.000          ; Min Period ; clk_in ; Rise       ; debounce_pb:debounce_paddleup2|clk_counter[2]   ;
; -1.000 ; 1.000        ; 2.000          ; Min Period ; clk_in ; Rise       ; debounce_pb:debounce_paddleup2|clk_counter[3]   ;
; -1.000 ; 1.000        ; 2.000          ; Min Period ; clk_in ; Rise       ; debounce_pb:debounce_paddleup2|clk_counter[4]   ;
; -1.000 ; 1.000        ; 2.000          ; Min Period ; clk_in ; Rise       ; debounce_pb:debounce_paddleup2|clk_counter[5]   ;
; -1.000 ; 1.000        ; 2.000          ; Min Period ; clk_in ; Rise       ; debounce_pb:debounce_paddleup2|clk_counter[6]   ;
; -1.000 ; 1.000        ; 2.000          ; Min Period ; clk_in ; Rise       ; debounce_pb:debounce_paddleup2|clk_counter[7]   ;
; -1.000 ; 1.000        ; 2.000          ; Min Period ; clk_in ; Rise       ; debounce_pb:debounce_paddleup2|clk_counter[8]   ;
; -1.000 ; 1.000        ; 2.000          ; Min Period ; clk_in ; Rise       ; debounce_pb:debounce_paddleup2|clk_counter[9]   ;
; -1.000 ; 1.000        ; 2.000          ; Min Period ; clk_in ; Rise       ; debounce_pb:debounce_startGame|button_state     ;
; -1.000 ; 1.000        ; 2.000          ; Min Period ; clk_in ; Rise       ; debounce_pb:debounce_startGame|clk_counter[0]   ;
; -1.000 ; 1.000        ; 2.000          ; Min Period ; clk_in ; Rise       ; debounce_pb:debounce_startGame|clk_counter[10]  ;
; -1.000 ; 1.000        ; 2.000          ; Min Period ; clk_in ; Rise       ; debounce_pb:debounce_startGame|clk_counter[11]  ;
+--------+--------------+----------------+------------+--------+------------+-------------------------------------------------+


+---------------------------------------------------------------------------------------------------------------------------------------------------------------------------+
; Fast 1200mV 0C Model Minimum Pulse Width: 'vga_controller:vga_controller_inst|clk_25'                                                                                     ;
+--------+--------------+----------------+-----------------+-------------------------------------------+------------+-------------------------------------------------------+
; Slack  ; Actual Width ; Required Width ; Type            ; Clock                                     ; Clock Edge ; Target                                                ;
+--------+--------------+----------------+-----------------+-------------------------------------------+------------+-------------------------------------------------------+
; -1.000 ; 1.000        ; 2.000          ; Min Period      ; vga_controller:vga_controller_inst|clk_25 ; Rise       ; vga_controller:vga_controller_inst|Hsync              ;
; -1.000 ; 1.000        ; 2.000          ; Min Period      ; vga_controller:vga_controller_inst|clk_25 ; Rise       ; vga_controller:vga_controller_inst|Vsync              ;
; -1.000 ; 1.000        ; 2.000          ; Min Period      ; vga_controller:vga_controller_inst|clk_25 ; Rise       ; vga_controller:vga_controller_inst|h_pos_internal[0]  ;
; -1.000 ; 1.000        ; 2.000          ; Min Period      ; vga_controller:vga_controller_inst|clk_25 ; Rise       ; vga_controller:vga_controller_inst|h_pos_internal[10] ;
; -1.000 ; 1.000        ; 2.000          ; Min Period      ; vga_controller:vga_controller_inst|clk_25 ; Rise       ; vga_controller:vga_controller_inst|h_pos_internal[11] ;
; -1.000 ; 1.000        ; 2.000          ; Min Period      ; vga_controller:vga_controller_inst|clk_25 ; Rise       ; vga_controller:vga_controller_inst|h_pos_internal[12] ;
; -1.000 ; 1.000        ; 2.000          ; Min Period      ; vga_controller:vga_controller_inst|clk_25 ; Rise       ; vga_controller:vga_controller_inst|h_pos_internal[13] ;
; -1.000 ; 1.000        ; 2.000          ; Min Period      ; vga_controller:vga_controller_inst|clk_25 ; Rise       ; vga_controller:vga_controller_inst|h_pos_internal[14] ;
; -1.000 ; 1.000        ; 2.000          ; Min Period      ; vga_controller:vga_controller_inst|clk_25 ; Rise       ; vga_controller:vga_controller_inst|h_pos_internal[15] ;
; -1.000 ; 1.000        ; 2.000          ; Min Period      ; vga_controller:vga_controller_inst|clk_25 ; Rise       ; vga_controller:vga_controller_inst|h_pos_internal[16] ;
; -1.000 ; 1.000        ; 2.000          ; Min Period      ; vga_controller:vga_controller_inst|clk_25 ; Rise       ; vga_controller:vga_controller_inst|h_pos_internal[17] ;
; -1.000 ; 1.000        ; 2.000          ; Min Period      ; vga_controller:vga_controller_inst|clk_25 ; Rise       ; vga_controller:vga_controller_inst|h_pos_internal[18] ;
; -1.000 ; 1.000        ; 2.000          ; Min Period      ; vga_controller:vga_controller_inst|clk_25 ; Rise       ; vga_controller:vga_controller_inst|h_pos_internal[19] ;
; -1.000 ; 1.000        ; 2.000          ; Min Period      ; vga_controller:vga_controller_inst|clk_25 ; Rise       ; vga_controller:vga_controller_inst|h_pos_internal[1]  ;
; -1.000 ; 1.000        ; 2.000          ; Min Period      ; vga_controller:vga_controller_inst|clk_25 ; Rise       ; vga_controller:vga_controller_inst|h_pos_internal[20] ;
; -1.000 ; 1.000        ; 2.000          ; Min Period      ; vga_controller:vga_controller_inst|clk_25 ; Rise       ; vga_controller:vga_controller_inst|h_pos_internal[21] ;
; -1.000 ; 1.000        ; 2.000          ; Min Period      ; vga_controller:vga_controller_inst|clk_25 ; Rise       ; vga_controller:vga_controller_inst|h_pos_internal[22] ;
; -1.000 ; 1.000        ; 2.000          ; Min Period      ; vga_controller:vga_controller_inst|clk_25 ; Rise       ; vga_controller:vga_controller_inst|h_pos_internal[23] ;
; -1.000 ; 1.000        ; 2.000          ; Min Period      ; vga_controller:vga_controller_inst|clk_25 ; Rise       ; vga_controller:vga_controller_inst|h_pos_internal[24] ;
; -1.000 ; 1.000        ; 2.000          ; Min Period      ; vga_controller:vga_controller_inst|clk_25 ; Rise       ; vga_controller:vga_controller_inst|h_pos_internal[25] ;
; -1.000 ; 1.000        ; 2.000          ; Min Period      ; vga_controller:vga_controller_inst|clk_25 ; Rise       ; vga_controller:vga_controller_inst|h_pos_internal[26] ;
; -1.000 ; 1.000        ; 2.000          ; Min Period      ; vga_controller:vga_controller_inst|clk_25 ; Rise       ; vga_controller:vga_controller_inst|h_pos_internal[27] ;
; -1.000 ; 1.000        ; 2.000          ; Min Period      ; vga_controller:vga_controller_inst|clk_25 ; Rise       ; vga_controller:vga_controller_inst|h_pos_internal[28] ;
; -1.000 ; 1.000        ; 2.000          ; Min Period      ; vga_controller:vga_controller_inst|clk_25 ; Rise       ; vga_controller:vga_controller_inst|h_pos_internal[29] ;
; -1.000 ; 1.000        ; 2.000          ; Min Period      ; vga_controller:vga_controller_inst|clk_25 ; Rise       ; vga_controller:vga_controller_inst|h_pos_internal[2]  ;
; -1.000 ; 1.000        ; 2.000          ; Min Period      ; vga_controller:vga_controller_inst|clk_25 ; Rise       ; vga_controller:vga_controller_inst|h_pos_internal[30] ;
; -1.000 ; 1.000        ; 2.000          ; Min Period      ; vga_controller:vga_controller_inst|clk_25 ; Rise       ; vga_controller:vga_controller_inst|h_pos_internal[31] ;
; -1.000 ; 1.000        ; 2.000          ; Min Period      ; vga_controller:vga_controller_inst|clk_25 ; Rise       ; vga_controller:vga_controller_inst|h_pos_internal[3]  ;
; -1.000 ; 1.000        ; 2.000          ; Min Period      ; vga_controller:vga_controller_inst|clk_25 ; Rise       ; vga_controller:vga_controller_inst|h_pos_internal[4]  ;
; -1.000 ; 1.000        ; 2.000          ; Min Period      ; vga_controller:vga_controller_inst|clk_25 ; Rise       ; vga_controller:vga_controller_inst|h_pos_internal[5]  ;
; -1.000 ; 1.000        ; 2.000          ; Min Period      ; vga_controller:vga_controller_inst|clk_25 ; Rise       ; vga_controller:vga_controller_inst|h_pos_internal[6]  ;
; -1.000 ; 1.000        ; 2.000          ; Min Period      ; vga_controller:vga_controller_inst|clk_25 ; Rise       ; vga_controller:vga_controller_inst|h_pos_internal[7]  ;
; -1.000 ; 1.000        ; 2.000          ; Min Period      ; vga_controller:vga_controller_inst|clk_25 ; Rise       ; vga_controller:vga_controller_inst|h_pos_internal[8]  ;
; -1.000 ; 1.000        ; 2.000          ; Min Period      ; vga_controller:vga_controller_inst|clk_25 ; Rise       ; vga_controller:vga_controller_inst|h_pos_internal[9]  ;
; -1.000 ; 1.000        ; 2.000          ; Min Period      ; vga_controller:vga_controller_inst|clk_25 ; Rise       ; vga_controller:vga_controller_inst|v_pos_internal[0]  ;
; -1.000 ; 1.000        ; 2.000          ; Min Period      ; vga_controller:vga_controller_inst|clk_25 ; Rise       ; vga_controller:vga_controller_inst|v_pos_internal[10] ;
; -1.000 ; 1.000        ; 2.000          ; Min Period      ; vga_controller:vga_controller_inst|clk_25 ; Rise       ; vga_controller:vga_controller_inst|v_pos_internal[11] ;
; -1.000 ; 1.000        ; 2.000          ; Min Period      ; vga_controller:vga_controller_inst|clk_25 ; Rise       ; vga_controller:vga_controller_inst|v_pos_internal[12] ;
; -1.000 ; 1.000        ; 2.000          ; Min Period      ; vga_controller:vga_controller_inst|clk_25 ; Rise       ; vga_controller:vga_controller_inst|v_pos_internal[13] ;
; -1.000 ; 1.000        ; 2.000          ; Min Period      ; vga_controller:vga_controller_inst|clk_25 ; Rise       ; vga_controller:vga_controller_inst|v_pos_internal[14] ;
; -1.000 ; 1.000        ; 2.000          ; Min Period      ; vga_controller:vga_controller_inst|clk_25 ; Rise       ; vga_controller:vga_controller_inst|v_pos_internal[15] ;
; -1.000 ; 1.000        ; 2.000          ; Min Period      ; vga_controller:vga_controller_inst|clk_25 ; Rise       ; vga_controller:vga_controller_inst|v_pos_internal[16] ;
; -1.000 ; 1.000        ; 2.000          ; Min Period      ; vga_controller:vga_controller_inst|clk_25 ; Rise       ; vga_controller:vga_controller_inst|v_pos_internal[17] ;
; -1.000 ; 1.000        ; 2.000          ; Min Period      ; vga_controller:vga_controller_inst|clk_25 ; Rise       ; vga_controller:vga_controller_inst|v_pos_internal[18] ;
; -1.000 ; 1.000        ; 2.000          ; Min Period      ; vga_controller:vga_controller_inst|clk_25 ; Rise       ; vga_controller:vga_controller_inst|v_pos_internal[19] ;
; -1.000 ; 1.000        ; 2.000          ; Min Period      ; vga_controller:vga_controller_inst|clk_25 ; Rise       ; vga_controller:vga_controller_inst|v_pos_internal[1]  ;
; -1.000 ; 1.000        ; 2.000          ; Min Period      ; vga_controller:vga_controller_inst|clk_25 ; Rise       ; vga_controller:vga_controller_inst|v_pos_internal[20] ;
; -1.000 ; 1.000        ; 2.000          ; Min Period      ; vga_controller:vga_controller_inst|clk_25 ; Rise       ; vga_controller:vga_controller_inst|v_pos_internal[21] ;
; -1.000 ; 1.000        ; 2.000          ; Min Period      ; vga_controller:vga_controller_inst|clk_25 ; Rise       ; vga_controller:vga_controller_inst|v_pos_internal[22] ;
; -1.000 ; 1.000        ; 2.000          ; Min Period      ; vga_controller:vga_controller_inst|clk_25 ; Rise       ; vga_controller:vga_controller_inst|v_pos_internal[23] ;
; -1.000 ; 1.000        ; 2.000          ; Min Period      ; vga_controller:vga_controller_inst|clk_25 ; Rise       ; vga_controller:vga_controller_inst|v_pos_internal[24] ;
; -1.000 ; 1.000        ; 2.000          ; Min Period      ; vga_controller:vga_controller_inst|clk_25 ; Rise       ; vga_controller:vga_controller_inst|v_pos_internal[25] ;
; -1.000 ; 1.000        ; 2.000          ; Min Period      ; vga_controller:vga_controller_inst|clk_25 ; Rise       ; vga_controller:vga_controller_inst|v_pos_internal[26] ;
; -1.000 ; 1.000        ; 2.000          ; Min Period      ; vga_controller:vga_controller_inst|clk_25 ; Rise       ; vga_controller:vga_controller_inst|v_pos_internal[27] ;
; -1.000 ; 1.000        ; 2.000          ; Min Period      ; vga_controller:vga_controller_inst|clk_25 ; Rise       ; vga_controller:vga_controller_inst|v_pos_internal[28] ;
; -1.000 ; 1.000        ; 2.000          ; Min Period      ; vga_controller:vga_controller_inst|clk_25 ; Rise       ; vga_controller:vga_controller_inst|v_pos_internal[29] ;
; -1.000 ; 1.000        ; 2.000          ; Min Period      ; vga_controller:vga_controller_inst|clk_25 ; Rise       ; vga_controller:vga_controller_inst|v_pos_internal[2]  ;
; -1.000 ; 1.000        ; 2.000          ; Min Period      ; vga_controller:vga_controller_inst|clk_25 ; Rise       ; vga_controller:vga_controller_inst|v_pos_internal[30] ;
; -1.000 ; 1.000        ; 2.000          ; Min Period      ; vga_controller:vga_controller_inst|clk_25 ; Rise       ; vga_controller:vga_controller_inst|v_pos_internal[31] ;
; -1.000 ; 1.000        ; 2.000          ; Min Period      ; vga_controller:vga_controller_inst|clk_25 ; Rise       ; vga_controller:vga_controller_inst|v_pos_internal[3]  ;
; -1.000 ; 1.000        ; 2.000          ; Min Period      ; vga_controller:vga_controller_inst|clk_25 ; Rise       ; vga_controller:vga_controller_inst|v_pos_internal[4]  ;
; -1.000 ; 1.000        ; 2.000          ; Min Period      ; vga_controller:vga_controller_inst|clk_25 ; Rise       ; vga_controller:vga_controller_inst|v_pos_internal[5]  ;
; -1.000 ; 1.000        ; 2.000          ; Min Period      ; vga_controller:vga_controller_inst|clk_25 ; Rise       ; vga_controller:vga_controller_inst|v_pos_internal[6]  ;
; -1.000 ; 1.000        ; 2.000          ; Min Period      ; vga_controller:vga_controller_inst|clk_25 ; Rise       ; vga_controller:vga_controller_inst|v_pos_internal[7]  ;
; -1.000 ; 1.000        ; 2.000          ; Min Period      ; vga_controller:vga_controller_inst|clk_25 ; Rise       ; vga_controller:vga_controller_inst|v_pos_internal[8]  ;
; -1.000 ; 1.000        ; 2.000          ; Min Period      ; vga_controller:vga_controller_inst|clk_25 ; Rise       ; vga_controller:vga_controller_inst|v_pos_internal[9]  ;
; 0.278  ; 0.462        ; 0.184          ; Low Pulse Width ; vga_controller:vga_controller_inst|clk_25 ; Rise       ; vga_controller:vga_controller_inst|v_pos_internal[0]  ;
; 0.278  ; 0.462        ; 0.184          ; Low Pulse Width ; vga_controller:vga_controller_inst|clk_25 ; Rise       ; vga_controller:vga_controller_inst|v_pos_internal[10] ;
; 0.278  ; 0.462        ; 0.184          ; Low Pulse Width ; vga_controller:vga_controller_inst|clk_25 ; Rise       ; vga_controller:vga_controller_inst|v_pos_internal[11] ;
; 0.278  ; 0.462        ; 0.184          ; Low Pulse Width ; vga_controller:vga_controller_inst|clk_25 ; Rise       ; vga_controller:vga_controller_inst|v_pos_internal[12] ;
; 0.278  ; 0.462        ; 0.184          ; Low Pulse Width ; vga_controller:vga_controller_inst|clk_25 ; Rise       ; vga_controller:vga_controller_inst|v_pos_internal[13] ;
; 0.278  ; 0.462        ; 0.184          ; Low Pulse Width ; vga_controller:vga_controller_inst|clk_25 ; Rise       ; vga_controller:vga_controller_inst|v_pos_internal[14] ;
; 0.278  ; 0.462        ; 0.184          ; Low Pulse Width ; vga_controller:vga_controller_inst|clk_25 ; Rise       ; vga_controller:vga_controller_inst|v_pos_internal[15] ;
; 0.278  ; 0.462        ; 0.184          ; Low Pulse Width ; vga_controller:vga_controller_inst|clk_25 ; Rise       ; vga_controller:vga_controller_inst|v_pos_internal[4]  ;
; 0.278  ; 0.462        ; 0.184          ; Low Pulse Width ; vga_controller:vga_controller_inst|clk_25 ; Rise       ; vga_controller:vga_controller_inst|v_pos_internal[5]  ;
; 0.278  ; 0.462        ; 0.184          ; Low Pulse Width ; vga_controller:vga_controller_inst|clk_25 ; Rise       ; vga_controller:vga_controller_inst|v_pos_internal[6]  ;
; 0.278  ; 0.462        ; 0.184          ; Low Pulse Width ; vga_controller:vga_controller_inst|clk_25 ; Rise       ; vga_controller:vga_controller_inst|v_pos_internal[7]  ;
; 0.278  ; 0.462        ; 0.184          ; Low Pulse Width ; vga_controller:vga_controller_inst|clk_25 ; Rise       ; vga_controller:vga_controller_inst|v_pos_internal[8]  ;
; 0.279  ; 0.463        ; 0.184          ; Low Pulse Width ; vga_controller:vga_controller_inst|clk_25 ; Rise       ; vga_controller:vga_controller_inst|Hsync              ;
; 0.279  ; 0.463        ; 0.184          ; Low Pulse Width ; vga_controller:vga_controller_inst|clk_25 ; Rise       ; vga_controller:vga_controller_inst|Vsync              ;
; 0.279  ; 0.463        ; 0.184          ; Low Pulse Width ; vga_controller:vga_controller_inst|clk_25 ; Rise       ; vga_controller:vga_controller_inst|h_pos_internal[0]  ;
; 0.279  ; 0.463        ; 0.184          ; Low Pulse Width ; vga_controller:vga_controller_inst|clk_25 ; Rise       ; vga_controller:vga_controller_inst|h_pos_internal[10] ;
; 0.279  ; 0.463        ; 0.184          ; Low Pulse Width ; vga_controller:vga_controller_inst|clk_25 ; Rise       ; vga_controller:vga_controller_inst|h_pos_internal[11] ;
; 0.279  ; 0.463        ; 0.184          ; Low Pulse Width ; vga_controller:vga_controller_inst|clk_25 ; Rise       ; vga_controller:vga_controller_inst|h_pos_internal[12] ;
; 0.279  ; 0.463        ; 0.184          ; Low Pulse Width ; vga_controller:vga_controller_inst|clk_25 ; Rise       ; vga_controller:vga_controller_inst|h_pos_internal[13] ;
; 0.279  ; 0.463        ; 0.184          ; Low Pulse Width ; vga_controller:vga_controller_inst|clk_25 ; Rise       ; vga_controller:vga_controller_inst|h_pos_internal[14] ;
; 0.279  ; 0.463        ; 0.184          ; Low Pulse Width ; vga_controller:vga_controller_inst|clk_25 ; Rise       ; vga_controller:vga_controller_inst|h_pos_internal[15] ;
; 0.279  ; 0.463        ; 0.184          ; Low Pulse Width ; vga_controller:vga_controller_inst|clk_25 ; Rise       ; vga_controller:vga_controller_inst|h_pos_internal[16] ;
; 0.279  ; 0.463        ; 0.184          ; Low Pulse Width ; vga_controller:vga_controller_inst|clk_25 ; Rise       ; vga_controller:vga_controller_inst|h_pos_internal[17] ;
; 0.279  ; 0.463        ; 0.184          ; Low Pulse Width ; vga_controller:vga_controller_inst|clk_25 ; Rise       ; vga_controller:vga_controller_inst|h_pos_internal[18] ;
; 0.279  ; 0.463        ; 0.184          ; Low Pulse Width ; vga_controller:vga_controller_inst|clk_25 ; Rise       ; vga_controller:vga_controller_inst|h_pos_internal[19] ;
; 0.279  ; 0.463        ; 0.184          ; Low Pulse Width ; vga_controller:vga_controller_inst|clk_25 ; Rise       ; vga_controller:vga_controller_inst|h_pos_internal[1]  ;
; 0.279  ; 0.463        ; 0.184          ; Low Pulse Width ; vga_controller:vga_controller_inst|clk_25 ; Rise       ; vga_controller:vga_controller_inst|h_pos_internal[20] ;
; 0.279  ; 0.463        ; 0.184          ; Low Pulse Width ; vga_controller:vga_controller_inst|clk_25 ; Rise       ; vga_controller:vga_controller_inst|h_pos_internal[21] ;
; 0.279  ; 0.463        ; 0.184          ; Low Pulse Width ; vga_controller:vga_controller_inst|clk_25 ; Rise       ; vga_controller:vga_controller_inst|h_pos_internal[22] ;
; 0.279  ; 0.463        ; 0.184          ; Low Pulse Width ; vga_controller:vga_controller_inst|clk_25 ; Rise       ; vga_controller:vga_controller_inst|h_pos_internal[23] ;
; 0.279  ; 0.463        ; 0.184          ; Low Pulse Width ; vga_controller:vga_controller_inst|clk_25 ; Rise       ; vga_controller:vga_controller_inst|h_pos_internal[24] ;
; 0.279  ; 0.463        ; 0.184          ; Low Pulse Width ; vga_controller:vga_controller_inst|clk_25 ; Rise       ; vga_controller:vga_controller_inst|h_pos_internal[25] ;
; 0.279  ; 0.463        ; 0.184          ; Low Pulse Width ; vga_controller:vga_controller_inst|clk_25 ; Rise       ; vga_controller:vga_controller_inst|h_pos_internal[26] ;
; 0.279  ; 0.463        ; 0.184          ; Low Pulse Width ; vga_controller:vga_controller_inst|clk_25 ; Rise       ; vga_controller:vga_controller_inst|h_pos_internal[27] ;
+--------+--------------+----------------+-----------------+-------------------------------------------+------------+-------------------------------------------------------+


+------------------------------------------------------------------------+
; Setup Times                                                            ;
+------------+------------+-------+-------+------------+-----------------+
; Data Port  ; Clock Port ; Rise  ; Fall  ; Clock Edge ; Clock Reference ;
+------------+------------+-------+-------+------------+-----------------+
; Rst        ; clk_in     ; 2.514 ; 3.056 ; Rise       ; clk_in          ;
; i_serial   ; clk_in     ; 2.393 ; 3.016 ; Rise       ; clk_in          ;
; paddledwn2 ; clk_in     ; 2.019 ; 2.703 ; Rise       ; clk_in          ;
; paddleup2  ; clk_in     ; 1.804 ; 2.401 ; Rise       ; clk_in          ;
; startGame  ; clk_in     ; 1.959 ; 2.587 ; Rise       ; clk_in          ;
+------------+------------+-------+-------+------------+-----------------+


+--------------------------------------------------------------------------+
; Hold Times                                                               ;
+------------+------------+--------+--------+------------+-----------------+
; Data Port  ; Clock Port ; Rise   ; Fall   ; Clock Edge ; Clock Reference ;
+------------+------------+--------+--------+------------+-----------------+
; Rst        ; clk_in     ; -0.913 ; -1.540 ; Rise       ; clk_in          ;
; i_serial   ; clk_in     ; -1.020 ; -1.677 ; Rise       ; clk_in          ;
; paddledwn2 ; clk_in     ; -1.271 ; -1.944 ; Rise       ; clk_in          ;
; paddleup2  ; clk_in     ; -0.982 ; -1.600 ; Rise       ; clk_in          ;
; startGame  ; clk_in     ; -1.115 ; -1.763 ; Rise       ; clk_in          ;
+------------+------------+--------+--------+------------+-----------------+


+---------------------------------------------------------------------------------------------------------------------------------+
; Clock to Output Times                                                                                                           ;
+------------+-------------------------------------------+-------+-------+------------+-------------------------------------------+
; Data Port  ; Clock Port                                ; Rise  ; Fall  ; Clock Edge ; Clock Reference                           ;
+------------+-------------------------------------------+-------+-------+------------+-------------------------------------------+
; dout_b[*]  ; clk_in                                    ; 4.921 ; 5.126 ; Rise       ; clk_in                                    ;
;  dout_b[0] ; clk_in                                    ; 4.908 ; 5.102 ; Rise       ; clk_in                                    ;
;  dout_b[1] ; clk_in                                    ; 4.908 ; 5.102 ; Rise       ; clk_in                                    ;
;  dout_b[2] ; clk_in                                    ; 4.908 ; 5.102 ; Rise       ; clk_in                                    ;
;  dout_b[3] ; clk_in                                    ; 4.921 ; 5.126 ; Rise       ; clk_in                                    ;
; dout_g[*]  ; clk_in                                    ; 4.940 ; 5.131 ; Rise       ; clk_in                                    ;
;  dout_g[0] ; clk_in                                    ; 4.788 ; 4.967 ; Rise       ; clk_in                                    ;
;  dout_g[1] ; clk_in                                    ; 4.940 ; 5.131 ; Rise       ; clk_in                                    ;
;  dout_g[2] ; clk_in                                    ; 4.921 ; 5.126 ; Rise       ; clk_in                                    ;
;  dout_g[3] ; clk_in                                    ; 4.778 ; 4.957 ; Rise       ; clk_in                                    ;
; dout_r[*]  ; clk_in                                    ; 5.089 ; 5.305 ; Rise       ; clk_in                                    ;
;  dout_r[0] ; clk_in                                    ; 4.944 ; 5.143 ; Rise       ; clk_in                                    ;
;  dout_r[1] ; clk_in                                    ; 5.089 ; 5.305 ; Rise       ; clk_in                                    ;
;  dout_r[2] ; clk_in                                    ; 4.513 ; 4.675 ; Rise       ; clk_in                                    ;
;  dout_r[3] ; clk_in                                    ; 4.941 ; 5.146 ; Rise       ; clk_in                                    ;
; seg1[*]    ; clk_in                                    ; 3.579 ; 3.661 ; Rise       ; clk_in                                    ;
;  seg1[0]   ; clk_in                                    ; 3.389 ; 3.455 ; Rise       ; clk_in                                    ;
;  seg1[1]   ; clk_in                                    ; 3.459 ; 3.534 ; Rise       ; clk_in                                    ;
;  seg1[2]   ; clk_in                                    ; 3.577 ; 3.661 ; Rise       ; clk_in                                    ;
;  seg1[3]   ; clk_in                                    ; 3.579 ; 3.660 ; Rise       ; clk_in                                    ;
;  seg1[4]   ; clk_in                                    ; 3.564 ; 3.646 ; Rise       ; clk_in                                    ;
;  seg1[5]   ; clk_in                                    ; 3.312 ; 3.375 ; Rise       ; clk_in                                    ;
; seg2[*]    ; clk_in                                    ; 3.356 ; 3.424 ; Rise       ; clk_in                                    ;
;  seg2[0]   ; clk_in                                    ; 3.356 ; 3.424 ; Rise       ; clk_in                                    ;
;  seg2[1]   ; clk_in                                    ; 3.272 ; 3.326 ; Rise       ; clk_in                                    ;
;  seg2[2]   ; clk_in                                    ; 3.284 ; 3.335 ; Rise       ; clk_in                                    ;
;  seg2[3]   ; clk_in                                    ; 3.180 ; 3.228 ; Rise       ; clk_in                                    ;
;  seg2[4]   ; clk_in                                    ; 3.177 ; 3.225 ; Rise       ; clk_in                                    ;
;  seg2[5]   ; clk_in                                    ; 3.328 ; 3.395 ; Rise       ; clk_in                                    ;
; HSync      ; vga_controller:vga_controller_inst|clk_25 ; 3.376 ; 3.438 ; Rise       ; vga_controller:vga_controller_inst|clk_25 ;
; VSync      ; vga_controller:vga_controller_inst|clk_25 ; 3.397 ; 3.471 ; Rise       ; vga_controller:vga_controller_inst|clk_25 ;
+------------+-------------------------------------------+-------+-------+------------+-------------------------------------------+


+---------------------------------------------------------------------------------------------------------------------------------+
; Minimum Clock to Output Times                                                                                                   ;
+------------+-------------------------------------------+-------+-------+------------+-------------------------------------------+
; Data Port  ; Clock Port                                ; Rise  ; Fall  ; Clock Edge ; Clock Reference                           ;
+------------+-------------------------------------------+-------+-------+------------+-------------------------------------------+
; dout_b[*]  ; clk_in                                    ; 4.550 ; 4.718 ; Rise       ; clk_in                                    ;
;  dout_b[0] ; clk_in                                    ; 4.550 ; 4.718 ; Rise       ; clk_in                                    ;
;  dout_b[1] ; clk_in                                    ; 4.550 ; 4.718 ; Rise       ; clk_in                                    ;
;  dout_b[2] ; clk_in                                    ; 4.550 ; 4.718 ; Rise       ; clk_in                                    ;
;  dout_b[3] ; clk_in                                    ; 4.562 ; 4.741 ; Rise       ; clk_in                                    ;
; dout_g[*]  ; clk_in                                    ; 4.425 ; 4.579 ; Rise       ; clk_in                                    ;
;  dout_g[0] ; clk_in                                    ; 4.435 ; 4.589 ; Rise       ; clk_in                                    ;
;  dout_g[1] ; clk_in                                    ; 4.579 ; 4.746 ; Rise       ; clk_in                                    ;
;  dout_g[2] ; clk_in                                    ; 4.562 ; 4.741 ; Rise       ; clk_in                                    ;
;  dout_g[3] ; clk_in                                    ; 4.425 ; 4.579 ; Rise       ; clk_in                                    ;
; dout_r[*]  ; clk_in                                    ; 4.169 ; 4.308 ; Rise       ; clk_in                                    ;
;  dout_r[0] ; clk_in                                    ; 4.584 ; 4.757 ; Rise       ; clk_in                                    ;
;  dout_r[1] ; clk_in                                    ; 4.722 ; 4.912 ; Rise       ; clk_in                                    ;
;  dout_r[2] ; clk_in                                    ; 4.169 ; 4.308 ; Rise       ; clk_in                                    ;
;  dout_r[3] ; clk_in                                    ; 4.582 ; 4.761 ; Rise       ; clk_in                                    ;
; seg1[*]    ; clk_in                                    ; 3.243 ; 3.303 ; Rise       ; clk_in                                    ;
;  seg1[0]   ; clk_in                                    ; 3.316 ; 3.380 ; Rise       ; clk_in                                    ;
;  seg1[1]   ; clk_in                                    ; 3.384 ; 3.456 ; Rise       ; clk_in                                    ;
;  seg1[2]   ; clk_in                                    ; 3.498 ; 3.578 ; Rise       ; clk_in                                    ;
;  seg1[3]   ; clk_in                                    ; 3.500 ; 3.576 ; Rise       ; clk_in                                    ;
;  seg1[4]   ; clk_in                                    ; 3.485 ; 3.564 ; Rise       ; clk_in                                    ;
;  seg1[5]   ; clk_in                                    ; 3.243 ; 3.303 ; Rise       ; clk_in                                    ;
; seg2[*]    ; clk_in                                    ; 3.115 ; 3.160 ; Rise       ; clk_in                                    ;
;  seg2[0]   ; clk_in                                    ; 3.285 ; 3.350 ; Rise       ; clk_in                                    ;
;  seg2[1]   ; clk_in                                    ; 3.205 ; 3.257 ; Rise       ; clk_in                                    ;
;  seg2[2]   ; clk_in                                    ; 3.217 ; 3.266 ; Rise       ; clk_in                                    ;
;  seg2[3]   ; clk_in                                    ; 3.118 ; 3.164 ; Rise       ; clk_in                                    ;
;  seg2[4]   ; clk_in                                    ; 3.115 ; 3.160 ; Rise       ; clk_in                                    ;
;  seg2[5]   ; clk_in                                    ; 3.258 ; 3.322 ; Rise       ; clk_in                                    ;
; HSync      ; vga_controller:vga_controller_inst|clk_25 ; 3.294 ; 3.353 ; Rise       ; vga_controller:vga_controller_inst|clk_25 ;
; VSync      ; vga_controller:vga_controller_inst|clk_25 ; 3.315 ; 3.386 ; Rise       ; vga_controller:vga_controller_inst|clk_25 ;
+------------+-------------------------------------------+-------+-------+------------+-------------------------------------------+


+----------------------------------------------------+
; Propagation Delay                                  ;
+------------+-------------+-------+----+----+-------+
; Input Port ; Output Port ; RR    ; RF ; FR ; FF    ;
+------------+-------------+-------+----+----+-------+
; startGame  ; dout_b[0]   ; 5.107 ;    ;    ; 5.834 ;
; startGame  ; dout_b[1]   ; 5.107 ;    ;    ; 5.834 ;
; startGame  ; dout_b[2]   ; 5.107 ;    ;    ; 5.834 ;
; startGame  ; dout_b[3]   ; 5.120 ;    ;    ; 5.858 ;
; startGame  ; dout_g[0]   ; 4.987 ;    ;    ; 5.699 ;
; startGame  ; dout_g[1]   ; 5.139 ;    ;    ; 5.863 ;
; startGame  ; dout_g[2]   ; 5.120 ;    ;    ; 5.858 ;
; startGame  ; dout_g[3]   ; 4.977 ;    ;    ; 5.689 ;
; startGame  ; dout_r[0]   ; 5.143 ;    ;    ; 5.875 ;
; startGame  ; dout_r[1]   ; 5.288 ;    ;    ; 6.037 ;
; startGame  ; dout_r[2]   ; 4.712 ;    ;    ; 5.407 ;
; startGame  ; dout_r[3]   ; 5.140 ;    ;    ; 5.878 ;
+------------+-------------+-------+----+----+-------+


+----------------------------------------------------+
; Minimum Propagation Delay                          ;
+------------+-------------+-------+----+----+-------+
; Input Port ; Output Port ; RR    ; RF ; FR ; FF    ;
+------------+-------------+-------+----+----+-------+
; startGame  ; dout_b[0]   ; 4.972 ;    ;    ; 5.686 ;
; startGame  ; dout_b[1]   ; 4.972 ;    ;    ; 5.686 ;
; startGame  ; dout_b[2]   ; 4.972 ;    ;    ; 5.686 ;
; startGame  ; dout_b[3]   ; 4.984 ;    ;    ; 5.709 ;
; startGame  ; dout_g[0]   ; 4.857 ;    ;    ; 5.557 ;
; startGame  ; dout_g[1]   ; 5.001 ;    ;    ; 5.714 ;
; startGame  ; dout_g[2]   ; 4.984 ;    ;    ; 5.709 ;
; startGame  ; dout_g[3]   ; 4.847 ;    ;    ; 5.547 ;
; startGame  ; dout_r[0]   ; 5.006 ;    ;    ; 5.725 ;
; startGame  ; dout_r[1]   ; 5.144 ;    ;    ; 5.880 ;
; startGame  ; dout_r[2]   ; 4.591 ;    ;    ; 5.276 ;
; startGame  ; dout_r[3]   ; 5.004 ;    ;    ; 5.729 ;
+------------+-------------+-------+----+----+-------+


---------------------------------------------
; Fast 1200mV 0C Model Metastability Report ;
---------------------------------------------
No synchronizer chains to report.


+------------------------------------------------------------------------------------------------------------+
; Multicorner Timing Analysis Summary                                                                        ;
+--------------------------------------------+-----------+--------+----------+---------+---------------------+
; Clock                                      ; Setup     ; Hold   ; Recovery ; Removal ; Minimum Pulse Width ;
+--------------------------------------------+-----------+--------+----------+---------+---------------------+
; Worst-case Slack                           ; -5.713    ; -0.035 ; N/A      ; N/A     ; -3.000              ;
;  clk_in                                    ; -5.713    ; -0.035 ; N/A      ; N/A     ; -3.000              ;
;  vga_controller:vga_controller_inst|clk_25 ; -2.894    ; 0.285  ; N/A      ; N/A     ; -1.000              ;
; Design-wide TNS                            ; -1470.861 ; -0.035 ; 0.0      ; 0.0     ; -460.697            ;
;  clk_in                                    ; -1316.368 ; -0.035 ; N/A      ; N/A     ; -394.697            ;
;  vga_controller:vga_controller_inst|clk_25 ; -154.493  ; 0.000  ; N/A      ; N/A     ; -66.000             ;
+--------------------------------------------+-----------+--------+----------+---------+---------------------+


+------------------------------------------------------------------------+
; Setup Times                                                            ;
+------------+------------+-------+-------+------------+-----------------+
; Data Port  ; Clock Port ; Rise  ; Fall  ; Clock Edge ; Clock Reference ;
+------------+------------+-------+-------+------------+-----------------+
; Rst        ; clk_in     ; 4.363 ; 4.820 ; Rise       ; clk_in          ;
; i_serial   ; clk_in     ; 4.228 ; 4.722 ; Rise       ; clk_in          ;
; paddledwn2 ; clk_in     ; 3.570 ; 4.095 ; Rise       ; clk_in          ;
; paddleup2  ; clk_in     ; 3.200 ; 3.673 ; Rise       ; clk_in          ;
; startGame  ; clk_in     ; 3.507 ; 3.971 ; Rise       ; clk_in          ;
+------------+------------+-------+-------+------------+-----------------+


+--------------------------------------------------------------------------+
; Hold Times                                                               ;
+------------+------------+--------+--------+------------+-----------------+
; Data Port  ; Clock Port ; Rise   ; Fall   ; Clock Edge ; Clock Reference ;
+------------+------------+--------+--------+------------+-----------------+
; Rst        ; clk_in     ; -0.913 ; -1.540 ; Rise       ; clk_in          ;
; i_serial   ; clk_in     ; -1.020 ; -1.677 ; Rise       ; clk_in          ;
; paddledwn2 ; clk_in     ; -1.271 ; -1.944 ; Rise       ; clk_in          ;
; paddleup2  ; clk_in     ; -0.982 ; -1.600 ; Rise       ; clk_in          ;
; startGame  ; clk_in     ; -1.115 ; -1.763 ; Rise       ; clk_in          ;
+------------+------------+--------+--------+------------+-----------------+


+---------------------------------------------------------------------------------------------------------------------------------+
; Clock to Output Times                                                                                                           ;
+------------+-------------------------------------------+-------+-------+------------+-------------------------------------------+
; Data Port  ; Clock Port                                ; Rise  ; Fall  ; Clock Edge ; Clock Reference                           ;
+------------+-------------------------------------------+-------+-------+------------+-------------------------------------------+
; dout_b[*]  ; clk_in                                    ; 8.327 ; 8.382 ; Rise       ; clk_in                                    ;
;  dout_b[0] ; clk_in                                    ; 8.297 ; 8.336 ; Rise       ; clk_in                                    ;
;  dout_b[1] ; clk_in                                    ; 8.297 ; 8.336 ; Rise       ; clk_in                                    ;
;  dout_b[2] ; clk_in                                    ; 8.297 ; 8.336 ; Rise       ; clk_in                                    ;
;  dout_b[3] ; clk_in                                    ; 8.327 ; 8.382 ; Rise       ; clk_in                                    ;
; dout_g[*]  ; clk_in                                    ; 8.329 ; 8.387 ; Rise       ; clk_in                                    ;
;  dout_g[0] ; clk_in                                    ; 8.080 ; 8.122 ; Rise       ; clk_in                                    ;
;  dout_g[1] ; clk_in                                    ; 8.329 ; 8.387 ; Rise       ; clk_in                                    ;
;  dout_g[2] ; clk_in                                    ; 8.327 ; 8.382 ; Rise       ; clk_in                                    ;
;  dout_g[3] ; clk_in                                    ; 8.070 ; 8.112 ; Rise       ; clk_in                                    ;
; dout_r[*]  ; clk_in                                    ; 8.596 ; 8.663 ; Rise       ; clk_in                                    ;
;  dout_r[0] ; clk_in                                    ; 8.329 ; 8.399 ; Rise       ; clk_in                                    ;
;  dout_r[1] ; clk_in                                    ; 8.596 ; 8.663 ; Rise       ; clk_in                                    ;
;  dout_r[2] ; clk_in                                    ; 7.606 ; 7.652 ; Rise       ; clk_in                                    ;
;  dout_r[3] ; clk_in                                    ; 8.347 ; 8.402 ; Rise       ; clk_in                                    ;
; seg1[*]    ; clk_in                                    ; 6.036 ; 6.051 ; Rise       ; clk_in                                    ;
;  seg1[0]   ; clk_in                                    ; 5.751 ; 5.734 ; Rise       ; clk_in                                    ;
;  seg1[1]   ; clk_in                                    ; 5.832 ; 5.840 ; Rise       ; clk_in                                    ;
;  seg1[2]   ; clk_in                                    ; 6.030 ; 6.051 ; Rise       ; clk_in                                    ;
;  seg1[3]   ; clk_in                                    ; 6.036 ; 6.040 ; Rise       ; clk_in                                    ;
;  seg1[4]   ; clk_in                                    ; 6.023 ; 6.022 ; Rise       ; clk_in                                    ;
;  seg1[5]   ; clk_in                                    ; 5.549 ; 5.579 ; Rise       ; clk_in                                    ;
; seg2[*]    ; clk_in                                    ; 5.689 ; 5.648 ; Rise       ; clk_in                                    ;
;  seg2[0]   ; clk_in                                    ; 5.689 ; 5.648 ; Rise       ; clk_in                                    ;
;  seg2[1]   ; clk_in                                    ; 5.489 ; 5.491 ; Rise       ; clk_in                                    ;
;  seg2[2]   ; clk_in                                    ; 5.500 ; 5.504 ; Rise       ; clk_in                                    ;
;  seg2[3]   ; clk_in                                    ; 5.315 ; 5.327 ; Rise       ; clk_in                                    ;
;  seg2[4]   ; clk_in                                    ; 5.312 ; 5.322 ; Rise       ; clk_in                                    ;
;  seg2[5]   ; clk_in                                    ; 5.629 ; 5.598 ; Rise       ; clk_in                                    ;
; HSync      ; vga_controller:vga_controller_inst|clk_25 ; 5.632 ; 5.621 ; Rise       ; vga_controller:vga_controller_inst|clk_25 ;
; VSync      ; vga_controller:vga_controller_inst|clk_25 ; 5.631 ; 5.666 ; Rise       ; vga_controller:vga_controller_inst|clk_25 ;
+------------+-------------------------------------------+-------+-------+------------+-------------------------------------------+


+---------------------------------------------------------------------------------------------------------------------------------+
; Minimum Clock to Output Times                                                                                                   ;
+------------+-------------------------------------------+-------+-------+------------+-------------------------------------------+
; Data Port  ; Clock Port                                ; Rise  ; Fall  ; Clock Edge ; Clock Reference                           ;
+------------+-------------------------------------------+-------+-------+------------+-------------------------------------------+
; dout_b[*]  ; clk_in                                    ; 4.550 ; 4.718 ; Rise       ; clk_in                                    ;
;  dout_b[0] ; clk_in                                    ; 4.550 ; 4.718 ; Rise       ; clk_in                                    ;
;  dout_b[1] ; clk_in                                    ; 4.550 ; 4.718 ; Rise       ; clk_in                                    ;
;  dout_b[2] ; clk_in                                    ; 4.550 ; 4.718 ; Rise       ; clk_in                                    ;
;  dout_b[3] ; clk_in                                    ; 4.562 ; 4.741 ; Rise       ; clk_in                                    ;
; dout_g[*]  ; clk_in                                    ; 4.425 ; 4.579 ; Rise       ; clk_in                                    ;
;  dout_g[0] ; clk_in                                    ; 4.435 ; 4.589 ; Rise       ; clk_in                                    ;
;  dout_g[1] ; clk_in                                    ; 4.579 ; 4.746 ; Rise       ; clk_in                                    ;
;  dout_g[2] ; clk_in                                    ; 4.562 ; 4.741 ; Rise       ; clk_in                                    ;
;  dout_g[3] ; clk_in                                    ; 4.425 ; 4.579 ; Rise       ; clk_in                                    ;
; dout_r[*]  ; clk_in                                    ; 4.169 ; 4.308 ; Rise       ; clk_in                                    ;
;  dout_r[0] ; clk_in                                    ; 4.584 ; 4.757 ; Rise       ; clk_in                                    ;
;  dout_r[1] ; clk_in                                    ; 4.722 ; 4.912 ; Rise       ; clk_in                                    ;
;  dout_r[2] ; clk_in                                    ; 4.169 ; 4.308 ; Rise       ; clk_in                                    ;
;  dout_r[3] ; clk_in                                    ; 4.582 ; 4.761 ; Rise       ; clk_in                                    ;
; seg1[*]    ; clk_in                                    ; 3.243 ; 3.303 ; Rise       ; clk_in                                    ;
;  seg1[0]   ; clk_in                                    ; 3.316 ; 3.380 ; Rise       ; clk_in                                    ;
;  seg1[1]   ; clk_in                                    ; 3.384 ; 3.456 ; Rise       ; clk_in                                    ;
;  seg1[2]   ; clk_in                                    ; 3.498 ; 3.578 ; Rise       ; clk_in                                    ;
;  seg1[3]   ; clk_in                                    ; 3.500 ; 3.576 ; Rise       ; clk_in                                    ;
;  seg1[4]   ; clk_in                                    ; 3.485 ; 3.564 ; Rise       ; clk_in                                    ;
;  seg1[5]   ; clk_in                                    ; 3.243 ; 3.303 ; Rise       ; clk_in                                    ;
; seg2[*]    ; clk_in                                    ; 3.115 ; 3.160 ; Rise       ; clk_in                                    ;
;  seg2[0]   ; clk_in                                    ; 3.285 ; 3.350 ; Rise       ; clk_in                                    ;
;  seg2[1]   ; clk_in                                    ; 3.205 ; 3.257 ; Rise       ; clk_in                                    ;
;  seg2[2]   ; clk_in                                    ; 3.217 ; 3.266 ; Rise       ; clk_in                                    ;
;  seg2[3]   ; clk_in                                    ; 3.118 ; 3.164 ; Rise       ; clk_in                                    ;
;  seg2[4]   ; clk_in                                    ; 3.115 ; 3.160 ; Rise       ; clk_in                                    ;
;  seg2[5]   ; clk_in                                    ; 3.258 ; 3.322 ; Rise       ; clk_in                                    ;
; HSync      ; vga_controller:vga_controller_inst|clk_25 ; 3.294 ; 3.353 ; Rise       ; vga_controller:vga_controller_inst|clk_25 ;
; VSync      ; vga_controller:vga_controller_inst|clk_25 ; 3.315 ; 3.386 ; Rise       ; vga_controller:vga_controller_inst|clk_25 ;
+------------+-------------------------------------------+-------+-------+------------+-------------------------------------------+


+----------------------------------------------------+
; Progagation Delay                                  ;
+------------+-------------+-------+----+----+-------+
; Input Port ; Output Port ; RR    ; RF ; FR ; FF    ;
+------------+-------------+-------+----+----+-------+
; startGame  ; dout_b[0]   ; 8.638 ;    ;    ; 9.089 ;
; startGame  ; dout_b[1]   ; 8.638 ;    ;    ; 9.089 ;
; startGame  ; dout_b[2]   ; 8.638 ;    ;    ; 9.089 ;
; startGame  ; dout_b[3]   ; 8.668 ;    ;    ; 9.135 ;
; startGame  ; dout_g[0]   ; 8.421 ;    ;    ; 8.875 ;
; startGame  ; dout_g[1]   ; 8.670 ;    ;    ; 9.140 ;
; startGame  ; dout_g[2]   ; 8.668 ;    ;    ; 9.135 ;
; startGame  ; dout_g[3]   ; 8.411 ;    ;    ; 8.865 ;
; startGame  ; dout_r[0]   ; 8.670 ;    ;    ; 9.152 ;
; startGame  ; dout_r[1]   ; 8.937 ;    ;    ; 9.416 ;
; startGame  ; dout_r[2]   ; 7.947 ;    ;    ; 8.405 ;
; startGame  ; dout_r[3]   ; 8.688 ;    ;    ; 9.155 ;
+------------+-------------+-------+----+----+-------+


+----------------------------------------------------+
; Minimum Progagation Delay                          ;
+------------+-------------+-------+----+----+-------+
; Input Port ; Output Port ; RR    ; RF ; FR ; FF    ;
+------------+-------------+-------+----+----+-------+
; startGame  ; dout_b[0]   ; 4.972 ;    ;    ; 5.686 ;
; startGame  ; dout_b[1]   ; 4.972 ;    ;    ; 5.686 ;
; startGame  ; dout_b[2]   ; 4.972 ;    ;    ; 5.686 ;
; startGame  ; dout_b[3]   ; 4.984 ;    ;    ; 5.709 ;
; startGame  ; dout_g[0]   ; 4.857 ;    ;    ; 5.557 ;
; startGame  ; dout_g[1]   ; 5.001 ;    ;    ; 5.714 ;
; startGame  ; dout_g[2]   ; 4.984 ;    ;    ; 5.709 ;
; startGame  ; dout_g[3]   ; 4.847 ;    ;    ; 5.547 ;
; startGame  ; dout_r[0]   ; 5.006 ;    ;    ; 5.725 ;
; startGame  ; dout_r[1]   ; 5.144 ;    ;    ; 5.880 ;
; startGame  ; dout_r[2]   ; 4.591 ;    ;    ; 5.276 ;
; startGame  ; dout_r[3]   ; 5.004 ;    ;    ; 5.729 ;
+------------+-------------+-------+----+----+-------+


+------------------------------------------------------------------------------------------------------------------------------------------------------------------------------------------------------------------------------------------------------------------------------------------------------------------------------------------------------------------+
; Board Trace Model Assignments                                                                                                                                                                                                                                                                                                                                    ;
+---------------+--------------+-------------------+-------------------------+-------------------------+---------------+---------------------+----------------+------------------+--------+------------------+------------------------+------------------------+--------------+---------------+-----------------+-------+---------------------+--------------------+
; Pin           ; I/O Standard ; Near Tline Length ; Near Tline L per Length ; Near Tline C per Length ; Near Series R ; Near Differential R ; Near Pull-up R ; Near Pull-down R ; Near C ; Far Tline Length ; Far Tline L per Length ; Far Tline C per Length ; Far Series R ; Far Pull-up R ; Far Pull-down R ; Far C ; Termination Voltage ; Far Differential R ;
+---------------+--------------+-------------------+-------------------------+-------------------------+---------------+---------------------+----------------+------------------+--------+------------------+------------------------+------------------------+--------------+---------------+-----------------+-------+---------------------+--------------------+
; HSync         ; 2.5 V        ; 0 in              ; 0 H/in                  ; 0 F/in                  ; short         ; -                   ; open           ; open             ; open   ; 0 in             ; 0 H/in                 ; 0 F/in                 ; short        ; open          ; open            ; open  ; 0 V                 ; -                  ;
; VSync         ; 2.5 V        ; 0 in              ; 0 H/in                  ; 0 F/in                  ; short         ; -                   ; open           ; open             ; open   ; 0 in             ; 0 H/in                 ; 0 F/in                 ; short        ; open          ; open            ; open  ; 0 V                 ; -                  ;
; seg1[0]       ; 2.5 V        ; 0 in              ; 0 H/in                  ; 0 F/in                  ; short         ; -                   ; open           ; open             ; open   ; 0 in             ; 0 H/in                 ; 0 F/in                 ; short        ; open          ; open            ; open  ; 0 V                 ; -                  ;
; seg1[1]       ; 2.5 V        ; 0 in              ; 0 H/in                  ; 0 F/in                  ; short         ; -                   ; open           ; open             ; open   ; 0 in             ; 0 H/in                 ; 0 F/in                 ; short        ; open          ; open            ; open  ; 0 V                 ; -                  ;
; seg1[2]       ; 2.5 V        ; 0 in              ; 0 H/in                  ; 0 F/in                  ; short         ; -                   ; open           ; open             ; open   ; 0 in             ; 0 H/in                 ; 0 F/in                 ; short        ; open          ; open            ; open  ; 0 V                 ; -                  ;
; seg1[3]       ; 2.5 V        ; 0 in              ; 0 H/in                  ; 0 F/in                  ; short         ; -                   ; open           ; open             ; open   ; 0 in             ; 0 H/in                 ; 0 F/in                 ; short        ; open          ; open            ; open  ; 0 V                 ; -                  ;
; seg1[4]       ; 2.5 V        ; 0 in              ; 0 H/in                  ; 0 F/in                  ; short         ; -                   ; open           ; open             ; open   ; 0 in             ; 0 H/in                 ; 0 F/in                 ; short        ; open          ; open            ; open  ; 0 V                 ; -                  ;
; seg1[5]       ; 2.5 V        ; 0 in              ; 0 H/in                  ; 0 F/in                  ; short         ; -                   ; open           ; open             ; open   ; 0 in             ; 0 H/in                 ; 0 F/in                 ; short        ; open          ; open            ; open  ; 0 V                 ; -                  ;
; seg1[6]       ; 2.5 V        ; 0 in              ; 0 H/in                  ; 0 F/in                  ; short         ; -                   ; open           ; open             ; open   ; 0 in             ; 0 H/in                 ; 0 F/in                 ; short        ; open          ; open            ; open  ; 0 V                 ; -                  ;
; seg2[0]       ; 2.5 V        ; 0 in              ; 0 H/in                  ; 0 F/in                  ; short         ; -                   ; open           ; open             ; open   ; 0 in             ; 0 H/in                 ; 0 F/in                 ; short        ; open          ; open            ; open  ; 0 V                 ; -                  ;
; seg2[1]       ; 2.5 V        ; 0 in              ; 0 H/in                  ; 0 F/in                  ; short         ; -                   ; open           ; open             ; open   ; 0 in             ; 0 H/in                 ; 0 F/in                 ; short        ; open          ; open            ; open  ; 0 V                 ; -                  ;
; seg2[2]       ; 2.5 V        ; 0 in              ; 0 H/in                  ; 0 F/in                  ; short         ; -                   ; open           ; open             ; open   ; 0 in             ; 0 H/in                 ; 0 F/in                 ; short        ; open          ; open            ; open  ; 0 V                 ; -                  ;
; seg2[3]       ; 2.5 V        ; 0 in              ; 0 H/in                  ; 0 F/in                  ; short         ; -                   ; open           ; open             ; open   ; 0 in             ; 0 H/in                 ; 0 F/in                 ; short        ; open          ; open            ; open  ; 0 V                 ; -                  ;
; seg2[4]       ; 2.5 V        ; 0 in              ; 0 H/in                  ; 0 F/in                  ; short         ; -                   ; open           ; open             ; open   ; 0 in             ; 0 H/in                 ; 0 F/in                 ; short        ; open          ; open            ; open  ; 0 V                 ; -                  ;
; seg2[5]       ; 2.5 V        ; 0 in              ; 0 H/in                  ; 0 F/in                  ; short         ; -                   ; open           ; open             ; open   ; 0 in             ; 0 H/in                 ; 0 F/in                 ; short        ; open          ; open            ; open  ; 0 V                 ; -                  ;
; seg2[6]       ; 2.5 V        ; 0 in              ; 0 H/in                  ; 0 F/in                  ; short         ; -                   ; open           ; open             ; open   ; 0 in             ; 0 H/in                 ; 0 F/in                 ; short        ; open          ; open            ; open  ; 0 V                 ; -                  ;
; dout_r[0]     ; 2.5 V        ; 0 in              ; 0 H/in                  ; 0 F/in                  ; short         ; -                   ; open           ; open             ; open   ; 0 in             ; 0 H/in                 ; 0 F/in                 ; short        ; open          ; open            ; open  ; 0 V                 ; -                  ;
; dout_r[1]     ; 2.5 V        ; 0 in              ; 0 H/in                  ; 0 F/in                  ; short         ; -                   ; open           ; open             ; open   ; 0 in             ; 0 H/in                 ; 0 F/in                 ; short        ; open          ; open            ; open  ; 0 V                 ; -                  ;
; dout_r[2]     ; 2.5 V        ; 0 in              ; 0 H/in                  ; 0 F/in                  ; short         ; -                   ; open           ; open             ; open   ; 0 in             ; 0 H/in                 ; 0 F/in                 ; short        ; open          ; open            ; open  ; 0 V                 ; -                  ;
; dout_r[3]     ; 2.5 V        ; 0 in              ; 0 H/in                  ; 0 F/in                  ; short         ; -                   ; open           ; open             ; open   ; 0 in             ; 0 H/in                 ; 0 F/in                 ; short        ; open          ; open            ; open  ; 0 V                 ; -                  ;
; dout_g[0]     ; 2.5 V        ; 0 in              ; 0 H/in                  ; 0 F/in                  ; short         ; -                   ; open           ; open             ; open   ; 0 in             ; 0 H/in                 ; 0 F/in                 ; short        ; open          ; open            ; open  ; 0 V                 ; -                  ;
; dout_g[1]     ; 2.5 V        ; 0 in              ; 0 H/in                  ; 0 F/in                  ; short         ; -                   ; open           ; open             ; open   ; 0 in             ; 0 H/in                 ; 0 F/in                 ; short        ; open          ; open            ; open  ; 0 V                 ; -                  ;
; dout_g[2]     ; 2.5 V        ; 0 in              ; 0 H/in                  ; 0 F/in                  ; short         ; -                   ; open           ; open             ; open   ; 0 in             ; 0 H/in                 ; 0 F/in                 ; short        ; open          ; open            ; open  ; 0 V                 ; -                  ;
; dout_g[3]     ; 2.5 V        ; 0 in              ; 0 H/in                  ; 0 F/in                  ; short         ; -                   ; open           ; open             ; open   ; 0 in             ; 0 H/in                 ; 0 F/in                 ; short        ; open          ; open            ; open  ; 0 V                 ; -                  ;
; dout_b[0]     ; 2.5 V        ; 0 in              ; 0 H/in                  ; 0 F/in                  ; short         ; -                   ; open           ; open             ; open   ; 0 in             ; 0 H/in                 ; 0 F/in                 ; short        ; open          ; open            ; open  ; 0 V                 ; -                  ;
; dout_b[1]     ; 2.5 V        ; 0 in              ; 0 H/in                  ; 0 F/in                  ; short         ; -                   ; open           ; open             ; open   ; 0 in             ; 0 H/in                 ; 0 F/in                 ; short        ; open          ; open            ; open  ; 0 V                 ; -                  ;
; dout_b[2]     ; 2.5 V        ; 0 in              ; 0 H/in                  ; 0 F/in                  ; short         ; -                   ; open           ; open             ; open   ; 0 in             ; 0 H/in                 ; 0 F/in                 ; short        ; open          ; open            ; open  ; 0 V                 ; -                  ;
; dout_b[3]     ; 2.5 V        ; 0 in              ; 0 H/in                  ; 0 F/in                  ; short         ; -                   ; open           ; open             ; open   ; 0 in             ; 0 H/in                 ; 0 F/in                 ; short        ; open          ; open            ; open  ; 0 V                 ; -                  ;
; ~ALTERA_DCLK~ ; 2.5 V        ; 0 in              ; 0 H/in                  ; 0 F/in                  ; short         ; -                   ; open           ; open             ; open   ; 0 in             ; 0 H/in                 ; 0 F/in                 ; short        ; open          ; open            ; open  ; 0 V                 ; -                  ;
+---------------+--------------+-------------------+-------------------------+-------------------------+---------------+---------------------+----------------+------------------+--------+------------------+------------------------+------------------------+--------------+---------------+-----------------+-------+---------------------+--------------------+


+----------------------------------------------------------------------------+
; Input Transition Times                                                     ;
+-------------------------+--------------+-----------------+-----------------+
; Pin                     ; I/O Standard ; 10-90 Rise Time ; 90-10 Fall Time ;
+-------------------------+--------------+-----------------+-----------------+
; startGame               ; 2.5 V        ; 2000 ps         ; 2000 ps         ;
; Rst                     ; 2.5 V        ; 2000 ps         ; 2000 ps         ;
; clk_in                  ; 2.5 V        ; 2000 ps         ; 2000 ps         ;
; i_serial                ; 2.5 V        ; 2000 ps         ; 2000 ps         ;
; paddleup2               ; 2.5 V        ; 2000 ps         ; 2000 ps         ;
; paddledwn2              ; 2.5 V        ; 2000 ps         ; 2000 ps         ;
; ~ALTERA_ASDO_DATA1~     ; 2.5 V        ; 2000 ps         ; 2000 ps         ;
; ~ALTERA_FLASH_nCE_nCSO~ ; 2.5 V        ; 2000 ps         ; 2000 ps         ;
; ~ALTERA_DATA0~          ; 2.5 V        ; 2000 ps         ; 2000 ps         ;
+-------------------------+--------------+-----------------+-----------------+


+--------------------------------------------------------------------------------------------------------------------------------------------------------------------------------------------------------------------------------------------------------------------------------------------------------------------------------------------------------------------------------------------------------------------------------------------------------------------------------------------------------------------------------------------------------------------------------------------------------------------------------------------------------------------------------------------+
; Slow Corner Signal Integrity Metrics                                                                                                                                                                                                                                                                                                                                                                                                                                                                                                                                                                                                                                                       ;
+---------------+--------------+---------------------+---------------------+------------------------------+------------------------------+---------------------+---------------------+--------------------------------------+--------------------------------------+-----------------------------+-----------------------------+----------------------------+----------------------------+-----------------------------+-----------------------------+--------------------+--------------------+-------------------------------------+-------------------------------------+----------------------------+----------------------------+---------------------------+---------------------------+
; Pin           ; I/O Standard ; Board Delay on Rise ; Board Delay on Fall ; Steady State Voh at FPGA Pin ; Steady State Vol at FPGA Pin ; Voh Max at FPGA Pin ; Vol Min at FPGA Pin ; Ringback Voltage on Rise at FPGA Pin ; Ringback Voltage on Fall at FPGA Pin ; 10-90 Rise Time at FPGA Pin ; 90-10 Fall Time at FPGA Pin ; Monotonic Rise at FPGA Pin ; Monotonic Fall at FPGA Pin ; Steady State Voh at Far-end ; Steady State Vol at Far-end ; Voh Max at Far-end ; Vol Min at Far-end ; Ringback Voltage on Rise at Far-end ; Ringback Voltage on Fall at Far-end ; 10-90 Rise Time at Far-end ; 90-10 Fall Time at Far-end ; Monotonic Rise at Far-end ; Monotonic Fall at Far-end ;
+---------------+--------------+---------------------+---------------------+------------------------------+------------------------------+---------------------+---------------------+--------------------------------------+--------------------------------------+-----------------------------+-----------------------------+----------------------------+----------------------------+-----------------------------+-----------------------------+--------------------+--------------------+-------------------------------------+-------------------------------------+----------------------------+----------------------------+---------------------------+---------------------------+
; HSync         ; 2.5 V        ; 0 s                 ; 0 s                 ; 2.32 V                       ; 7.26e-007 V                  ; 2.35 V              ; -0.0109 V           ; 0.113 V                              ; 0.035 V                              ; 7.76e-010 s                 ; 8.05e-010 s                 ; Yes                        ; Yes                        ; 2.32 V                      ; 7.26e-007 V                 ; 2.35 V             ; -0.0109 V          ; 0.113 V                             ; 0.035 V                             ; 7.76e-010 s                ; 8.05e-010 s                ; Yes                       ; Yes                       ;
; VSync         ; 2.5 V        ; 0 s                 ; 0 s                 ; 2.32 V                       ; 7.26e-007 V                  ; 2.35 V              ; -0.0109 V           ; 0.113 V                              ; 0.035 V                              ; 7.76e-010 s                 ; 8.05e-010 s                 ; Yes                        ; Yes                        ; 2.32 V                      ; 7.26e-007 V                 ; 2.35 V             ; -0.0109 V          ; 0.113 V                             ; 0.035 V                             ; 7.76e-010 s                ; 8.05e-010 s                ; Yes                       ; Yes                       ;
; seg1[0]       ; 2.5 V        ; 0 s                 ; 0 s                 ; 2.32 V                       ; 1.08e-006 V                  ; 2.36 V              ; -0.0106 V           ; 0.122 V                              ; 0.021 V                              ; 4.5e-010 s                  ; 4.45e-010 s                 ; Yes                        ; Yes                        ; 2.32 V                      ; 1.08e-006 V                 ; 2.36 V             ; -0.0106 V          ; 0.122 V                             ; 0.021 V                             ; 4.5e-010 s                 ; 4.45e-010 s                ; Yes                       ; Yes                       ;
; seg1[1]       ; 2.5 V        ; 0 s                 ; 0 s                 ; 2.32 V                       ; 1.08e-006 V                  ; 2.36 V              ; -0.0106 V           ; 0.122 V                              ; 0.021 V                              ; 4.5e-010 s                  ; 4.45e-010 s                 ; Yes                        ; Yes                        ; 2.32 V                      ; 1.08e-006 V                 ; 2.36 V             ; -0.0106 V          ; 0.122 V                             ; 0.021 V                             ; 4.5e-010 s                 ; 4.45e-010 s                ; Yes                       ; Yes                       ;
; seg1[2]       ; 2.5 V        ; 0 s                 ; 0 s                 ; 2.32 V                       ; 1.08e-006 V                  ; 2.36 V              ; -0.0106 V           ; 0.122 V                              ; 0.021 V                              ; 4.5e-010 s                  ; 4.45e-010 s                 ; Yes                        ; Yes                        ; 2.32 V                      ; 1.08e-006 V                 ; 2.36 V             ; -0.0106 V          ; 0.122 V                             ; 0.021 V                             ; 4.5e-010 s                 ; 4.45e-010 s                ; Yes                       ; Yes                       ;
; seg1[3]       ; 2.5 V        ; 0 s                 ; 0 s                 ; 2.32 V                       ; 1.08e-006 V                  ; 2.36 V              ; -0.0106 V           ; 0.122 V                              ; 0.021 V                              ; 4.5e-010 s                  ; 4.45e-010 s                 ; Yes                        ; Yes                        ; 2.32 V                      ; 1.08e-006 V                 ; 2.36 V             ; -0.0106 V          ; 0.122 V                             ; 0.021 V                             ; 4.5e-010 s                 ; 4.45e-010 s                ; Yes                       ; Yes                       ;
; seg1[4]       ; 2.5 V        ; 0 s                 ; 0 s                 ; 2.32 V                       ; 1.08e-006 V                  ; 2.36 V              ; -0.0106 V           ; 0.122 V                              ; 0.021 V                              ; 4.5e-010 s                  ; 4.45e-010 s                 ; Yes                        ; Yes                        ; 2.32 V                      ; 1.08e-006 V                 ; 2.36 V             ; -0.0106 V          ; 0.122 V                             ; 0.021 V                             ; 4.5e-010 s                 ; 4.45e-010 s                ; Yes                       ; Yes                       ;
; seg1[5]       ; 2.5 V        ; 0 s                 ; 0 s                 ; 2.32 V                       ; 1.08e-006 V                  ; 2.36 V              ; -0.0106 V           ; 0.122 V                              ; 0.021 V                              ; 4.5e-010 s                  ; 4.45e-010 s                 ; Yes                        ; Yes                        ; 2.32 V                      ; 1.08e-006 V                 ; 2.36 V             ; -0.0106 V          ; 0.122 V                             ; 0.021 V                             ; 4.5e-010 s                 ; 4.45e-010 s                ; Yes                       ; Yes                       ;
; seg1[6]       ; 2.5 V        ; 0 s                 ; 0 s                 ; 2.32 V                       ; 1.08e-006 V                  ; 2.36 V              ; -0.0106 V           ; 0.122 V                              ; 0.021 V                              ; 4.5e-010 s                  ; 4.45e-010 s                 ; Yes                        ; Yes                        ; 2.32 V                      ; 1.08e-006 V                 ; 2.36 V             ; -0.0106 V          ; 0.122 V                             ; 0.021 V                             ; 4.5e-010 s                 ; 4.45e-010 s                ; Yes                       ; Yes                       ;
; seg2[0]       ; 2.5 V        ; 0 s                 ; 0 s                 ; 2.32 V                       ; 1.08e-006 V                  ; 2.36 V              ; -0.0106 V           ; 0.122 V                              ; 0.021 V                              ; 4.5e-010 s                  ; 4.45e-010 s                 ; Yes                        ; Yes                        ; 2.32 V                      ; 1.08e-006 V                 ; 2.36 V             ; -0.0106 V          ; 0.122 V                             ; 0.021 V                             ; 4.5e-010 s                 ; 4.45e-010 s                ; Yes                       ; Yes                       ;
; seg2[1]       ; 2.5 V        ; 0 s                 ; 0 s                 ; 2.32 V                       ; 1.08e-006 V                  ; 2.36 V              ; -0.0106 V           ; 0.122 V                              ; 0.021 V                              ; 4.5e-010 s                  ; 4.45e-010 s                 ; Yes                        ; Yes                        ; 2.32 V                      ; 1.08e-006 V                 ; 2.36 V             ; -0.0106 V          ; 0.122 V                             ; 0.021 V                             ; 4.5e-010 s                 ; 4.45e-010 s                ; Yes                       ; Yes                       ;
; seg2[2]       ; 2.5 V        ; 0 s                 ; 0 s                 ; 2.32 V                       ; 1.08e-006 V                  ; 2.36 V              ; -0.0106 V           ; 0.122 V                              ; 0.021 V                              ; 4.5e-010 s                  ; 4.45e-010 s                 ; Yes                        ; Yes                        ; 2.32 V                      ; 1.08e-006 V                 ; 2.36 V             ; -0.0106 V          ; 0.122 V                             ; 0.021 V                             ; 4.5e-010 s                 ; 4.45e-010 s                ; Yes                       ; Yes                       ;
; seg2[3]       ; 2.5 V        ; 0 s                 ; 0 s                 ; 2.32 V                       ; 1.08e-006 V                  ; 2.36 V              ; -0.0106 V           ; 0.122 V                              ; 0.021 V                              ; 4.5e-010 s                  ; 4.45e-010 s                 ; Yes                        ; Yes                        ; 2.32 V                      ; 1.08e-006 V                 ; 2.36 V             ; -0.0106 V          ; 0.122 V                             ; 0.021 V                             ; 4.5e-010 s                 ; 4.45e-010 s                ; Yes                       ; Yes                       ;
; seg2[4]       ; 2.5 V        ; 0 s                 ; 0 s                 ; 2.32 V                       ; 1.08e-006 V                  ; 2.36 V              ; -0.0106 V           ; 0.122 V                              ; 0.021 V                              ; 4.5e-010 s                  ; 4.45e-010 s                 ; Yes                        ; Yes                        ; 2.32 V                      ; 1.08e-006 V                 ; 2.36 V             ; -0.0106 V          ; 0.122 V                             ; 0.021 V                             ; 4.5e-010 s                 ; 4.45e-010 s                ; Yes                       ; Yes                       ;
; seg2[5]       ; 2.5 V        ; 0 s                 ; 0 s                 ; 2.32 V                       ; 1.08e-006 V                  ; 2.36 V              ; -0.0106 V           ; 0.122 V                              ; 0.021 V                              ; 4.5e-010 s                  ; 4.45e-010 s                 ; Yes                        ; Yes                        ; 2.32 V                      ; 1.08e-006 V                 ; 2.36 V             ; -0.0106 V          ; 0.122 V                             ; 0.021 V                             ; 4.5e-010 s                 ; 4.45e-010 s                ; Yes                       ; Yes                       ;
; seg2[6]       ; 2.5 V        ; 0 s                 ; 0 s                 ; 2.32 V                       ; 1.08e-006 V                  ; 2.36 V              ; -0.0106 V           ; 0.122 V                              ; 0.021 V                              ; 4.5e-010 s                  ; 4.45e-010 s                 ; Yes                        ; Yes                        ; 2.32 V                      ; 1.08e-006 V                 ; 2.36 V             ; -0.0106 V          ; 0.122 V                             ; 0.021 V                             ; 4.5e-010 s                 ; 4.45e-010 s                ; Yes                       ; Yes                       ;
; dout_r[0]     ; 2.5 V        ; 0 s                 ; 0 s                 ; 2.32 V                       ; 7.26e-007 V                  ; 2.35 V              ; -0.0109 V           ; 0.113 V                              ; 0.035 V                              ; 7.76e-010 s                 ; 8.05e-010 s                 ; Yes                        ; Yes                        ; 2.32 V                      ; 7.26e-007 V                 ; 2.35 V             ; -0.0109 V          ; 0.113 V                             ; 0.035 V                             ; 7.76e-010 s                ; 8.05e-010 s                ; Yes                       ; Yes                       ;
; dout_r[1]     ; 2.5 V        ; 0 s                 ; 0 s                 ; 2.32 V                       ; 7.26e-007 V                  ; 2.35 V              ; -0.0109 V           ; 0.113 V                              ; 0.035 V                              ; 7.76e-010 s                 ; 8.05e-010 s                 ; Yes                        ; Yes                        ; 2.32 V                      ; 7.26e-007 V                 ; 2.35 V             ; -0.0109 V          ; 0.113 V                             ; 0.035 V                             ; 7.76e-010 s                ; 8.05e-010 s                ; Yes                       ; Yes                       ;
; dout_r[2]     ; 2.5 V        ; 0 s                 ; 0 s                 ; 2.32 V                       ; 7.26e-007 V                  ; 2.35 V              ; -0.0109 V           ; 0.113 V                              ; 0.035 V                              ; 7.76e-010 s                 ; 8.05e-010 s                 ; Yes                        ; Yes                        ; 2.32 V                      ; 7.26e-007 V                 ; 2.35 V             ; -0.0109 V          ; 0.113 V                             ; 0.035 V                             ; 7.76e-010 s                ; 8.05e-010 s                ; Yes                       ; Yes                       ;
; dout_r[3]     ; 2.5 V        ; 0 s                 ; 0 s                 ; 2.32 V                       ; 7.26e-007 V                  ; 2.35 V              ; -0.0109 V           ; 0.113 V                              ; 0.035 V                              ; 7.76e-010 s                 ; 8.05e-010 s                 ; Yes                        ; Yes                        ; 2.32 V                      ; 7.26e-007 V                 ; 2.35 V             ; -0.0109 V          ; 0.113 V                             ; 0.035 V                             ; 7.76e-010 s                ; 8.05e-010 s                ; Yes                       ; Yes                       ;
; dout_g[0]     ; 2.5 V        ; 0 s                 ; 0 s                 ; 2.32 V                       ; 7.26e-007 V                  ; 2.35 V              ; -0.0109 V           ; 0.113 V                              ; 0.035 V                              ; 7.76e-010 s                 ; 8.05e-010 s                 ; Yes                        ; Yes                        ; 2.32 V                      ; 7.26e-007 V                 ; 2.35 V             ; -0.0109 V          ; 0.113 V                             ; 0.035 V                             ; 7.76e-010 s                ; 8.05e-010 s                ; Yes                       ; Yes                       ;
; dout_g[1]     ; 2.5 V        ; 0 s                 ; 0 s                 ; 2.32 V                       ; 7.26e-007 V                  ; 2.35 V              ; -0.0109 V           ; 0.113 V                              ; 0.035 V                              ; 7.76e-010 s                 ; 8.05e-010 s                 ; Yes                        ; Yes                        ; 2.32 V                      ; 7.26e-007 V                 ; 2.35 V             ; -0.0109 V          ; 0.113 V                             ; 0.035 V                             ; 7.76e-010 s                ; 8.05e-010 s                ; Yes                       ; Yes                       ;
; dout_g[2]     ; 2.5 V        ; 0 s                 ; 0 s                 ; 2.32 V                       ; 7.26e-007 V                  ; 2.35 V              ; -0.0109 V           ; 0.113 V                              ; 0.035 V                              ; 7.76e-010 s                 ; 8.05e-010 s                 ; Yes                        ; Yes                        ; 2.32 V                      ; 7.26e-007 V                 ; 2.35 V             ; -0.0109 V          ; 0.113 V                             ; 0.035 V                             ; 7.76e-010 s                ; 8.05e-010 s                ; Yes                       ; Yes                       ;
; dout_g[3]     ; 2.5 V        ; 0 s                 ; 0 s                 ; 2.32 V                       ; 7.26e-007 V                  ; 2.35 V              ; -0.0109 V           ; 0.113 V                              ; 0.035 V                              ; 7.76e-010 s                 ; 8.05e-010 s                 ; Yes                        ; Yes                        ; 2.32 V                      ; 7.26e-007 V                 ; 2.35 V             ; -0.0109 V          ; 0.113 V                             ; 0.035 V                             ; 7.76e-010 s                ; 8.05e-010 s                ; Yes                       ; Yes                       ;
; dout_b[0]     ; 2.5 V        ; 0 s                 ; 0 s                 ; 2.32 V                       ; 7.26e-007 V                  ; 2.35 V              ; -0.0109 V           ; 0.113 V                              ; 0.035 V                              ; 7.76e-010 s                 ; 8.05e-010 s                 ; Yes                        ; Yes                        ; 2.32 V                      ; 7.26e-007 V                 ; 2.35 V             ; -0.0109 V          ; 0.113 V                             ; 0.035 V                             ; 7.76e-010 s                ; 8.05e-010 s                ; Yes                       ; Yes                       ;
; dout_b[1]     ; 2.5 V        ; 0 s                 ; 0 s                 ; 2.32 V                       ; 7.26e-007 V                  ; 2.35 V              ; -0.0109 V           ; 0.113 V                              ; 0.035 V                              ; 7.76e-010 s                 ; 8.05e-010 s                 ; Yes                        ; Yes                        ; 2.32 V                      ; 7.26e-007 V                 ; 2.35 V             ; -0.0109 V          ; 0.113 V                             ; 0.035 V                             ; 7.76e-010 s                ; 8.05e-010 s                ; Yes                       ; Yes                       ;
; dout_b[2]     ; 2.5 V        ; 0 s                 ; 0 s                 ; 2.32 V                       ; 7.26e-007 V                  ; 2.35 V              ; -0.0109 V           ; 0.113 V                              ; 0.035 V                              ; 7.76e-010 s                 ; 8.05e-010 s                 ; Yes                        ; Yes                        ; 2.32 V                      ; 7.26e-007 V                 ; 2.35 V             ; -0.0109 V          ; 0.113 V                             ; 0.035 V                             ; 7.76e-010 s                ; 8.05e-010 s                ; Yes                       ; Yes                       ;
; dout_b[3]     ; 2.5 V        ; 0 s                 ; 0 s                 ; 2.32 V                       ; 7.26e-007 V                  ; 2.35 V              ; -0.0109 V           ; 0.113 V                              ; 0.035 V                              ; 7.76e-010 s                 ; 8.05e-010 s                 ; Yes                        ; Yes                        ; 2.32 V                      ; 7.26e-007 V                 ; 2.35 V             ; -0.0109 V          ; 0.113 V                             ; 0.035 V                             ; 7.76e-010 s                ; 8.05e-010 s                ; Yes                       ; Yes                       ;
; ~ALTERA_DCLK~ ; 2.5 V        ; 0 s                 ; 0 s                 ; 2.32 V                       ; 5.68e-007 V                  ; 2.35 V              ; -0.0132 V           ; 0.2 V                                ; 0.027 V                              ; 5.26e-010 s                 ; 4.81e-010 s                 ; Yes                        ; Yes                        ; 2.32 V                      ; 5.68e-007 V                 ; 2.35 V             ; -0.0132 V          ; 0.2 V                               ; 0.027 V                             ; 5.26e-010 s                ; 4.81e-010 s                ; Yes                       ; Yes                       ;
+---------------+--------------+---------------------+---------------------+------------------------------+------------------------------+---------------------+---------------------+--------------------------------------+--------------------------------------+-----------------------------+-----------------------------+----------------------------+----------------------------+-----------------------------+-----------------------------+--------------------+--------------------+-------------------------------------+-------------------------------------+----------------------------+----------------------------+---------------------------+---------------------------+


+--------------------------------------------------------------------------------------------------------------------------------------------------------------------------------------------------------------------------------------------------------------------------------------------------------------------------------------------------------------------------------------------------------------------------------------------------------------------------------------------------------------------------------------------------------------------------------------------------------------------------------------------------------------------------------------------+
; Fast Corner Signal Integrity Metrics                                                                                                                                                                                                                                                                                                                                                                                                                                                                                                                                                                                                                                                       ;
+---------------+--------------+---------------------+---------------------+------------------------------+------------------------------+---------------------+---------------------+--------------------------------------+--------------------------------------+-----------------------------+-----------------------------+----------------------------+----------------------------+-----------------------------+-----------------------------+--------------------+--------------------+-------------------------------------+-------------------------------------+----------------------------+----------------------------+---------------------------+---------------------------+
; Pin           ; I/O Standard ; Board Delay on Rise ; Board Delay on Fall ; Steady State Voh at FPGA Pin ; Steady State Vol at FPGA Pin ; Voh Max at FPGA Pin ; Vol Min at FPGA Pin ; Ringback Voltage on Rise at FPGA Pin ; Ringback Voltage on Fall at FPGA Pin ; 10-90 Rise Time at FPGA Pin ; 90-10 Fall Time at FPGA Pin ; Monotonic Rise at FPGA Pin ; Monotonic Fall at FPGA Pin ; Steady State Voh at Far-end ; Steady State Vol at Far-end ; Voh Max at Far-end ; Vol Min at Far-end ; Ringback Voltage on Rise at Far-end ; Ringback Voltage on Fall at Far-end ; 10-90 Rise Time at Far-end ; 90-10 Fall Time at Far-end ; Monotonic Rise at Far-end ; Monotonic Fall at Far-end ;
+---------------+--------------+---------------------+---------------------+------------------------------+------------------------------+---------------------+---------------------+--------------------------------------+--------------------------------------+-----------------------------+-----------------------------+----------------------------+----------------------------+-----------------------------+-----------------------------+--------------------+--------------------+-------------------------------------+-------------------------------------+----------------------------+----------------------------+---------------------------+---------------------------+
; HSync         ; 2.5 V        ; 0 s                 ; 0 s                 ; 2.62 V                       ; 2.78e-008 V                  ; 2.71 V              ; -0.0352 V           ; 0.253 V                              ; 0.07 V                               ; 4.96e-010 s                 ; 5.19e-010 s                 ; No                         ; Yes                        ; 2.62 V                      ; 2.78e-008 V                 ; 2.71 V             ; -0.0352 V          ; 0.253 V                             ; 0.07 V                              ; 4.96e-010 s                ; 5.19e-010 s                ; No                        ; Yes                       ;
; VSync         ; 2.5 V        ; 0 s                 ; 0 s                 ; 2.62 V                       ; 2.78e-008 V                  ; 2.71 V              ; -0.0352 V           ; 0.253 V                              ; 0.07 V                               ; 4.96e-010 s                 ; 5.19e-010 s                 ; No                         ; Yes                        ; 2.62 V                      ; 2.78e-008 V                 ; 2.71 V             ; -0.0352 V          ; 0.253 V                             ; 0.07 V                              ; 4.96e-010 s                ; 5.19e-010 s                ; No                        ; Yes                       ;
; seg1[0]       ; 2.5 V        ; 0 s                 ; 0 s                 ; 2.62 V                       ; 4.11e-008 V                  ; 2.73 V              ; -0.0569 V           ; 0.191 V                              ; 0.121 V                              ; 2.69e-010 s                 ; 2.76e-010 s                 ; Yes                        ; Yes                        ; 2.62 V                      ; 4.11e-008 V                 ; 2.73 V             ; -0.0569 V          ; 0.191 V                             ; 0.121 V                             ; 2.69e-010 s                ; 2.76e-010 s                ; Yes                       ; Yes                       ;
; seg1[1]       ; 2.5 V        ; 0 s                 ; 0 s                 ; 2.62 V                       ; 4.11e-008 V                  ; 2.73 V              ; -0.0569 V           ; 0.191 V                              ; 0.121 V                              ; 2.69e-010 s                 ; 2.76e-010 s                 ; Yes                        ; Yes                        ; 2.62 V                      ; 4.11e-008 V                 ; 2.73 V             ; -0.0569 V          ; 0.191 V                             ; 0.121 V                             ; 2.69e-010 s                ; 2.76e-010 s                ; Yes                       ; Yes                       ;
; seg1[2]       ; 2.5 V        ; 0 s                 ; 0 s                 ; 2.62 V                       ; 4.11e-008 V                  ; 2.73 V              ; -0.0569 V           ; 0.191 V                              ; 0.121 V                              ; 2.69e-010 s                 ; 2.76e-010 s                 ; Yes                        ; Yes                        ; 2.62 V                      ; 4.11e-008 V                 ; 2.73 V             ; -0.0569 V          ; 0.191 V                             ; 0.121 V                             ; 2.69e-010 s                ; 2.76e-010 s                ; Yes                       ; Yes                       ;
; seg1[3]       ; 2.5 V        ; 0 s                 ; 0 s                 ; 2.62 V                       ; 4.11e-008 V                  ; 2.73 V              ; -0.0569 V           ; 0.191 V                              ; 0.121 V                              ; 2.69e-010 s                 ; 2.76e-010 s                 ; Yes                        ; Yes                        ; 2.62 V                      ; 4.11e-008 V                 ; 2.73 V             ; -0.0569 V          ; 0.191 V                             ; 0.121 V                             ; 2.69e-010 s                ; 2.76e-010 s                ; Yes                       ; Yes                       ;
; seg1[4]       ; 2.5 V        ; 0 s                 ; 0 s                 ; 2.62 V                       ; 4.11e-008 V                  ; 2.73 V              ; -0.0569 V           ; 0.191 V                              ; 0.121 V                              ; 2.69e-010 s                 ; 2.76e-010 s                 ; Yes                        ; Yes                        ; 2.62 V                      ; 4.11e-008 V                 ; 2.73 V             ; -0.0569 V          ; 0.191 V                             ; 0.121 V                             ; 2.69e-010 s                ; 2.76e-010 s                ; Yes                       ; Yes                       ;
; seg1[5]       ; 2.5 V        ; 0 s                 ; 0 s                 ; 2.62 V                       ; 4.11e-008 V                  ; 2.73 V              ; -0.0569 V           ; 0.191 V                              ; 0.121 V                              ; 2.69e-010 s                 ; 2.76e-010 s                 ; Yes                        ; Yes                        ; 2.62 V                      ; 4.11e-008 V                 ; 2.73 V             ; -0.0569 V          ; 0.191 V                             ; 0.121 V                             ; 2.69e-010 s                ; 2.76e-010 s                ; Yes                       ; Yes                       ;
; seg1[6]       ; 2.5 V        ; 0 s                 ; 0 s                 ; 2.62 V                       ; 4.11e-008 V                  ; 2.73 V              ; -0.0569 V           ; 0.191 V                              ; 0.121 V                              ; 2.69e-010 s                 ; 2.76e-010 s                 ; Yes                        ; Yes                        ; 2.62 V                      ; 4.11e-008 V                 ; 2.73 V             ; -0.0569 V          ; 0.191 V                             ; 0.121 V                             ; 2.69e-010 s                ; 2.76e-010 s                ; Yes                       ; Yes                       ;
; seg2[0]       ; 2.5 V        ; 0 s                 ; 0 s                 ; 2.62 V                       ; 4.11e-008 V                  ; 2.73 V              ; -0.0569 V           ; 0.191 V                              ; 0.121 V                              ; 2.69e-010 s                 ; 2.76e-010 s                 ; Yes                        ; Yes                        ; 2.62 V                      ; 4.11e-008 V                 ; 2.73 V             ; -0.0569 V          ; 0.191 V                             ; 0.121 V                             ; 2.69e-010 s                ; 2.76e-010 s                ; Yes                       ; Yes                       ;
; seg2[1]       ; 2.5 V        ; 0 s                 ; 0 s                 ; 2.62 V                       ; 4.11e-008 V                  ; 2.73 V              ; -0.0569 V           ; 0.191 V                              ; 0.121 V                              ; 2.69e-010 s                 ; 2.76e-010 s                 ; Yes                        ; Yes                        ; 2.62 V                      ; 4.11e-008 V                 ; 2.73 V             ; -0.0569 V          ; 0.191 V                             ; 0.121 V                             ; 2.69e-010 s                ; 2.76e-010 s                ; Yes                       ; Yes                       ;
; seg2[2]       ; 2.5 V        ; 0 s                 ; 0 s                 ; 2.62 V                       ; 4.11e-008 V                  ; 2.73 V              ; -0.0569 V           ; 0.191 V                              ; 0.121 V                              ; 2.69e-010 s                 ; 2.76e-010 s                 ; Yes                        ; Yes                        ; 2.62 V                      ; 4.11e-008 V                 ; 2.73 V             ; -0.0569 V          ; 0.191 V                             ; 0.121 V                             ; 2.69e-010 s                ; 2.76e-010 s                ; Yes                       ; Yes                       ;
; seg2[3]       ; 2.5 V        ; 0 s                 ; 0 s                 ; 2.62 V                       ; 4.11e-008 V                  ; 2.73 V              ; -0.0569 V           ; 0.191 V                              ; 0.121 V                              ; 2.69e-010 s                 ; 2.76e-010 s                 ; Yes                        ; Yes                        ; 2.62 V                      ; 4.11e-008 V                 ; 2.73 V             ; -0.0569 V          ; 0.191 V                             ; 0.121 V                             ; 2.69e-010 s                ; 2.76e-010 s                ; Yes                       ; Yes                       ;
; seg2[4]       ; 2.5 V        ; 0 s                 ; 0 s                 ; 2.62 V                       ; 4.11e-008 V                  ; 2.73 V              ; -0.0569 V           ; 0.191 V                              ; 0.121 V                              ; 2.69e-010 s                 ; 2.76e-010 s                 ; Yes                        ; Yes                        ; 2.62 V                      ; 4.11e-008 V                 ; 2.73 V             ; -0.0569 V          ; 0.191 V                             ; 0.121 V                             ; 2.69e-010 s                ; 2.76e-010 s                ; Yes                       ; Yes                       ;
; seg2[5]       ; 2.5 V        ; 0 s                 ; 0 s                 ; 2.62 V                       ; 4.11e-008 V                  ; 2.73 V              ; -0.0569 V           ; 0.191 V                              ; 0.121 V                              ; 2.69e-010 s                 ; 2.76e-010 s                 ; Yes                        ; Yes                        ; 2.62 V                      ; 4.11e-008 V                 ; 2.73 V             ; -0.0569 V          ; 0.191 V                             ; 0.121 V                             ; 2.69e-010 s                ; 2.76e-010 s                ; Yes                       ; Yes                       ;
; seg2[6]       ; 2.5 V        ; 0 s                 ; 0 s                 ; 2.62 V                       ; 4.11e-008 V                  ; 2.73 V              ; -0.0569 V           ; 0.191 V                              ; 0.121 V                              ; 2.69e-010 s                 ; 2.76e-010 s                 ; Yes                        ; Yes                        ; 2.62 V                      ; 4.11e-008 V                 ; 2.73 V             ; -0.0569 V          ; 0.191 V                             ; 0.121 V                             ; 2.69e-010 s                ; 2.76e-010 s                ; Yes                       ; Yes                       ;
; dout_r[0]     ; 2.5 V        ; 0 s                 ; 0 s                 ; 2.62 V                       ; 2.78e-008 V                  ; 2.71 V              ; -0.0352 V           ; 0.253 V                              ; 0.07 V                               ; 4.96e-010 s                 ; 5.19e-010 s                 ; No                         ; Yes                        ; 2.62 V                      ; 2.78e-008 V                 ; 2.71 V             ; -0.0352 V          ; 0.253 V                             ; 0.07 V                              ; 4.96e-010 s                ; 5.19e-010 s                ; No                        ; Yes                       ;
; dout_r[1]     ; 2.5 V        ; 0 s                 ; 0 s                 ; 2.62 V                       ; 2.78e-008 V                  ; 2.71 V              ; -0.0352 V           ; 0.253 V                              ; 0.07 V                               ; 4.96e-010 s                 ; 5.19e-010 s                 ; No                         ; Yes                        ; 2.62 V                      ; 2.78e-008 V                 ; 2.71 V             ; -0.0352 V          ; 0.253 V                             ; 0.07 V                              ; 4.96e-010 s                ; 5.19e-010 s                ; No                        ; Yes                       ;
; dout_r[2]     ; 2.5 V        ; 0 s                 ; 0 s                 ; 2.62 V                       ; 2.78e-008 V                  ; 2.71 V              ; -0.0352 V           ; 0.253 V                              ; 0.07 V                               ; 4.96e-010 s                 ; 5.19e-010 s                 ; No                         ; Yes                        ; 2.62 V                      ; 2.78e-008 V                 ; 2.71 V             ; -0.0352 V          ; 0.253 V                             ; 0.07 V                              ; 4.96e-010 s                ; 5.19e-010 s                ; No                        ; Yes                       ;
; dout_r[3]     ; 2.5 V        ; 0 s                 ; 0 s                 ; 2.62 V                       ; 2.78e-008 V                  ; 2.71 V              ; -0.0352 V           ; 0.253 V                              ; 0.07 V                               ; 4.96e-010 s                 ; 5.19e-010 s                 ; No                         ; Yes                        ; 2.62 V                      ; 2.78e-008 V                 ; 2.71 V             ; -0.0352 V          ; 0.253 V                             ; 0.07 V                              ; 4.96e-010 s                ; 5.19e-010 s                ; No                        ; Yes                       ;
; dout_g[0]     ; 2.5 V        ; 0 s                 ; 0 s                 ; 2.62 V                       ; 2.78e-008 V                  ; 2.71 V              ; -0.0352 V           ; 0.253 V                              ; 0.07 V                               ; 4.96e-010 s                 ; 5.19e-010 s                 ; No                         ; Yes                        ; 2.62 V                      ; 2.78e-008 V                 ; 2.71 V             ; -0.0352 V          ; 0.253 V                             ; 0.07 V                              ; 4.96e-010 s                ; 5.19e-010 s                ; No                        ; Yes                       ;
; dout_g[1]     ; 2.5 V        ; 0 s                 ; 0 s                 ; 2.62 V                       ; 2.78e-008 V                  ; 2.71 V              ; -0.0352 V           ; 0.253 V                              ; 0.07 V                               ; 4.96e-010 s                 ; 5.19e-010 s                 ; No                         ; Yes                        ; 2.62 V                      ; 2.78e-008 V                 ; 2.71 V             ; -0.0352 V          ; 0.253 V                             ; 0.07 V                              ; 4.96e-010 s                ; 5.19e-010 s                ; No                        ; Yes                       ;
; dout_g[2]     ; 2.5 V        ; 0 s                 ; 0 s                 ; 2.62 V                       ; 2.78e-008 V                  ; 2.71 V              ; -0.0352 V           ; 0.253 V                              ; 0.07 V                               ; 4.96e-010 s                 ; 5.19e-010 s                 ; No                         ; Yes                        ; 2.62 V                      ; 2.78e-008 V                 ; 2.71 V             ; -0.0352 V          ; 0.253 V                             ; 0.07 V                              ; 4.96e-010 s                ; 5.19e-010 s                ; No                        ; Yes                       ;
; dout_g[3]     ; 2.5 V        ; 0 s                 ; 0 s                 ; 2.62 V                       ; 2.78e-008 V                  ; 2.71 V              ; -0.0352 V           ; 0.253 V                              ; 0.07 V                               ; 4.96e-010 s                 ; 5.19e-010 s                 ; No                         ; Yes                        ; 2.62 V                      ; 2.78e-008 V                 ; 2.71 V             ; -0.0352 V          ; 0.253 V                             ; 0.07 V                              ; 4.96e-010 s                ; 5.19e-010 s                ; No                        ; Yes                       ;
; dout_b[0]     ; 2.5 V        ; 0 s                 ; 0 s                 ; 2.62 V                       ; 2.78e-008 V                  ; 2.71 V              ; -0.0352 V           ; 0.253 V                              ; 0.07 V                               ; 4.96e-010 s                 ; 5.19e-010 s                 ; No                         ; Yes                        ; 2.62 V                      ; 2.78e-008 V                 ; 2.71 V             ; -0.0352 V          ; 0.253 V                             ; 0.07 V                              ; 4.96e-010 s                ; 5.19e-010 s                ; No                        ; Yes                       ;
; dout_b[1]     ; 2.5 V        ; 0 s                 ; 0 s                 ; 2.62 V                       ; 2.78e-008 V                  ; 2.71 V              ; -0.0352 V           ; 0.253 V                              ; 0.07 V                               ; 4.96e-010 s                 ; 5.19e-010 s                 ; No                         ; Yes                        ; 2.62 V                      ; 2.78e-008 V                 ; 2.71 V             ; -0.0352 V          ; 0.253 V                             ; 0.07 V                              ; 4.96e-010 s                ; 5.19e-010 s                ; No                        ; Yes                       ;
; dout_b[2]     ; 2.5 V        ; 0 s                 ; 0 s                 ; 2.62 V                       ; 2.78e-008 V                  ; 2.71 V              ; -0.0352 V           ; 0.253 V                              ; 0.07 V                               ; 4.96e-010 s                 ; 5.19e-010 s                 ; No                         ; Yes                        ; 2.62 V                      ; 2.78e-008 V                 ; 2.71 V             ; -0.0352 V          ; 0.253 V                             ; 0.07 V                              ; 4.96e-010 s                ; 5.19e-010 s                ; No                        ; Yes                       ;
; dout_b[3]     ; 2.5 V        ; 0 s                 ; 0 s                 ; 2.62 V                       ; 2.78e-008 V                  ; 2.71 V              ; -0.0352 V           ; 0.253 V                              ; 0.07 V                               ; 4.96e-010 s                 ; 5.19e-010 s                 ; No                         ; Yes                        ; 2.62 V                      ; 2.78e-008 V                 ; 2.71 V             ; -0.0352 V          ; 0.253 V                             ; 0.07 V                              ; 4.96e-010 s                ; 5.19e-010 s                ; No                        ; Yes                       ;
; ~ALTERA_DCLK~ ; 2.5 V        ; 0 s                 ; 0 s                 ; 2.62 V                       ; 2.19e-008 V                  ; 2.72 V              ; -0.0747 V           ; 0.28 V                               ; 0.169 V                              ; 3.1e-010 s                  ; 3.01e-010 s                 ; No                         ; Yes                        ; 2.62 V                      ; 2.19e-008 V                 ; 2.72 V             ; -0.0747 V          ; 0.28 V                              ; 0.169 V                             ; 3.1e-010 s                 ; 3.01e-010 s                ; No                        ; Yes                       ;
+---------------+--------------+---------------------+---------------------+------------------------------+------------------------------+---------------------+---------------------+--------------------------------------+--------------------------------------+-----------------------------+-----------------------------+----------------------------+----------------------------+-----------------------------+-----------------------------+--------------------+--------------------+-------------------------------------+-------------------------------------+----------------------------+----------------------------+---------------------------+---------------------------+


+-----------------------------------------------------------------------------------------------------------------------------------+
; Setup Transfers                                                                                                                   ;
+-------------------------------------------+-------------------------------------------+----------+----------+----------+----------+
; From Clock                                ; To Clock                                  ; RR Paths ; FR Paths ; RF Paths ; FF Paths ;
+-------------------------------------------+-------------------------------------------+----------+----------+----------+----------+
; clk_in                                    ; clk_in                                    ; 61259    ; 0        ; 0        ; 0        ;
; vga_controller:vga_controller_inst|clk_25 ; clk_in                                    ; 96       ; 1        ; 0        ; 0        ;
; vga_controller:vga_controller_inst|clk_25 ; vga_controller:vga_controller_inst|clk_25 ; 2406     ; 0        ; 0        ; 0        ;
+-------------------------------------------+-------------------------------------------+----------+----------+----------+----------+
Entries labeled "false path" only account for clock-to-clock false paths and not path-based false paths. As a result, actual path counts may be lower than reported.


+-----------------------------------------------------------------------------------------------------------------------------------+
; Hold Transfers                                                                                                                    ;
+-------------------------------------------+-------------------------------------------+----------+----------+----------+----------+
; From Clock                                ; To Clock                                  ; RR Paths ; FR Paths ; RF Paths ; FF Paths ;
+-------------------------------------------+-------------------------------------------+----------+----------+----------+----------+
; clk_in                                    ; clk_in                                    ; 61259    ; 0        ; 0        ; 0        ;
; vga_controller:vga_controller_inst|clk_25 ; clk_in                                    ; 96       ; 1        ; 0        ; 0        ;
; vga_controller:vga_controller_inst|clk_25 ; vga_controller:vga_controller_inst|clk_25 ; 2406     ; 0        ; 0        ; 0        ;
+-------------------------------------------+-------------------------------------------+----------+----------+----------+----------+
Entries labeled "false path" only account for clock-to-clock false paths and not path-based false paths. As a result, actual path counts may be lower than reported.


---------------
; Report TCCS ;
---------------
No dedicated SERDES Transmitter circuitry present in device or used in design


---------------
; Report RSKM ;
---------------
No dedicated SERDES Receiver circuitry present in device or used in design


+------------------------------------------------+
; Unconstrained Paths                            ;
+---------------------------------+-------+------+
; Property                        ; Setup ; Hold ;
+---------------------------------+-------+------+
; Illegal Clocks                  ; 0     ; 0    ;
; Unconstrained Clocks            ; 0     ; 0    ;
; Unconstrained Input Ports       ; 5     ; 5    ;
; Unconstrained Input Port Paths  ; 367   ; 367  ;
; Unconstrained Output Ports      ; 26    ; 26   ;
; Unconstrained Output Port Paths ; 62    ; 62   ;
+---------------------------------+-------+------+


+------------------------------------+
; TimeQuest Timing Analyzer Messages ;
+------------------------------------+
Info: *******************************************************************
Info: Running Quartus II TimeQuest Timing Analyzer
    Info: Version 9.1 Build 350 03/24/2010 Service Pack 2 SJ Web Edition
    Info: Processing started: Sat Sep 16 18:48:33 2023
Info: Command: quartus_sta pong-game -c pongTop
Info: qsta_default_script.tcl version: #1
Info: Low junction temperature is 0 degrees C
Info: High junction temperature is 85 degrees C
Critical Warning: Synopsys Design Constraints File file not found: 'pongTop.sdc'. A Synopsys Design Constraints File is required by the TimeQuest Timing Analyzer to get proper timing constraints. Without it, the Compiler will not properly optimize the design.
Info: No user constrained base clocks found in the design. Calling "derive_clocks -period 1.0"
Info: Deriving Clocks
    Info: create_clock -period 1.000 -name clk_in clk_in
    Info: create_clock -period 1.000 -name vga_controller:vga_controller_inst|clk_25 vga_controller:vga_controller_inst|clk_25
Info: No user constrained clock uncertainty found in the design. Calling "derive_clock_uncertainty"
Info: Deriving Clock Uncertainty
    Info: set_clock_uncertainty -rise_from [get_clocks {vga_controller:vga_controller_inst|clk_25}] -rise_to [get_clocks {vga_controller:vga_controller_inst|clk_25}] -setup 0.020
    Info: set_clock_uncertainty -rise_from [get_clocks {vga_controller:vga_controller_inst|clk_25}] -fall_to [get_clocks {vga_controller:vga_controller_inst|clk_25}] -setup 0.020
    Info: set_clock_uncertainty -fall_from [get_clocks {vga_controller:vga_controller_inst|clk_25}] -rise_to [get_clocks {vga_controller:vga_controller_inst|clk_25}] -setup 0.020
    Info: set_clock_uncertainty -fall_from [get_clocks {vga_controller:vga_controller_inst|clk_25}] -fall_to [get_clocks {vga_controller:vga_controller_inst|clk_25}] -setup 0.020
    Info: set_clock_uncertainty -rise_from [get_clocks {vga_controller:vga_controller_inst|clk_25}] -rise_to [get_clocks {vga_controller:vga_controller_inst|clk_25}] -hold 0.020
    Info: set_clock_uncertainty -rise_from [get_clocks {vga_controller:vga_controller_inst|clk_25}] -fall_to [get_clocks {vga_controller:vga_controller_inst|clk_25}] -hold 0.020
    Info: set_clock_uncertainty -fall_from [get_clocks {vga_controller:vga_controller_inst|clk_25}] -rise_to [get_clocks {vga_controller:vga_controller_inst|clk_25}] -hold 0.020
    Info: set_clock_uncertainty -fall_from [get_clocks {vga_controller:vga_controller_inst|clk_25}] -fall_to [get_clocks {vga_controller:vga_controller_inst|clk_25}] -hold 0.020
    Info: set_clock_uncertainty -rise_from [get_clocks {vga_controller:vga_controller_inst|clk_25}] -rise_to [get_clocks {clk_in}] -setup 0.030
    Info: set_clock_uncertainty -rise_from [get_clocks {vga_controller:vga_controller_inst|clk_25}] -fall_to [get_clocks {clk_in}] -setup 0.030
    Info: set_clock_uncertainty -fall_from [get_clocks {vga_controller:vga_controller_inst|clk_25}] -rise_to [get_clocks {clk_in}] -setup 0.030
    Info: set_clock_uncertainty -fall_from [get_clocks {vga_controller:vga_controller_inst|clk_25}] -fall_to [get_clocks {clk_in}] -setup 0.030
    Info: set_clock_uncertainty -rise_from [get_clocks {vga_controller:vga_controller_inst|clk_25}] -rise_to [get_clocks {clk_in}] -hold 0.030
    Info: set_clock_uncertainty -rise_from [get_clocks {vga_controller:vga_controller_inst|clk_25}] -fall_to [get_clocks {clk_in}] -hold 0.030
    Info: set_clock_uncertainty -fall_from [get_clocks {vga_controller:vga_controller_inst|clk_25}] -rise_to [get_clocks {clk_in}] -hold 0.030
    Info: set_clock_uncertainty -fall_from [get_clocks {vga_controller:vga_controller_inst|clk_25}] -fall_to [get_clocks {clk_in}] -hold 0.030
    Info: set_clock_uncertainty -rise_from [get_clocks {clk_in}] -rise_to [get_clocks {clk_in}] -setup 0.020
    Info: set_clock_uncertainty -rise_from [get_clocks {clk_in}] -fall_to [get_clocks {clk_in}] -setup 0.020
    Info: set_clock_uncertainty -fall_from [get_clocks {clk_in}] -rise_to [get_clocks {clk_in}] -setup 0.020
    Info: set_clock_uncertainty -fall_from [get_clocks {clk_in}] -fall_to [get_clocks {clk_in}] -setup 0.020
    Info: set_clock_uncertainty -rise_from [get_clocks {clk_in}] -rise_to [get_clocks {clk_in}] -hold 0.020
    Info: set_clock_uncertainty -rise_from [get_clocks {clk_in}] -fall_to [get_clocks {clk_in}] -hold 0.020
    Info: set_clock_uncertainty -fall_from [get_clocks {clk_in}] -rise_to [get_clocks {clk_in}] -hold 0.020
    Info: set_clock_uncertainty -fall_from [get_clocks {clk_in}] -fall_to [get_clocks {clk_in}] -hold 0.020
Info: Analyzing Slow 1200mV 85C Model
Critical Warning: Timing requirements not met
Info: Worst-case setup slack is -5.713
    Info:     Slack End Point TNS Clock 
    Info: ========= ============= =====================
    Info:    -5.713     -1316.368 clk_in 
    Info:    -2.894      -154.493 vga_controller:vga_controller_inst|clk_25 
Info: Worst-case hold slack is -0.006
    Info:     Slack End Point TNS Clock 
    Info: ========= ============= =====================
    Info:    -0.006        -0.006 clk_in 
    Info:     0.549         0.000 vga_controller:vga_controller_inst|clk_25 
Info: No Recovery paths to report
Info: No Removal paths to report
Info: Worst-case minimum pulse width slack is -3.000
    Info:     Slack End Point TNS Clock 
    Info: ========= ============= =====================
    Info:    -3.000      -374.000 clk_in 
    Info:    -1.000       -66.000 vga_controller:vga_controller_inst|clk_25 
Info: Analyzing Slow 1200mV 0C Model
Info: Started post-fitting delay annotation
Info: Delay annotation completed successfully
Info: Deriving Clock Uncertainty
    Info: set_clock_uncertainty -rise_from [get_clocks {vga_controller:vga_controller_inst|clk_25}] -rise_to [get_clocks {vga_controller:vga_controller_inst|clk_25}] -setup 0.020
    Info: set_clock_uncertainty -rise_from [get_clocks {vga_controller:vga_controller_inst|clk_25}] -fall_to [get_clocks {vga_controller:vga_controller_inst|clk_25}] -setup 0.020
    Info: set_clock_uncertainty -fall_from [get_clocks {vga_controller:vga_controller_inst|clk_25}] -rise_to [get_clocks {vga_controller:vga_controller_inst|clk_25}] -setup 0.020
    Info: set_clock_uncertainty -fall_from [get_clocks {vga_controller:vga_controller_inst|clk_25}] -fall_to [get_clocks {vga_controller:vga_controller_inst|clk_25}] -setup 0.020
    Info: set_clock_uncertainty -rise_from [get_clocks {vga_controller:vga_controller_inst|clk_25}] -rise_to [get_clocks {vga_controller:vga_controller_inst|clk_25}] -hold 0.020
    Info: set_clock_uncertainty -rise_from [get_clocks {vga_controller:vga_controller_inst|clk_25}] -fall_to [get_clocks {vga_controller:vga_controller_inst|clk_25}] -hold 0.020
    Info: set_clock_uncertainty -fall_from [get_clocks {vga_controller:vga_controller_inst|clk_25}] -rise_to [get_clocks {vga_controller:vga_controller_inst|clk_25}] -hold 0.020
    Info: set_clock_uncertainty -fall_from [get_clocks {vga_controller:vga_controller_inst|clk_25}] -fall_to [get_clocks {vga_controller:vga_controller_inst|clk_25}] -hold 0.020
    Info: set_clock_uncertainty -rise_from [get_clocks {vga_controller:vga_controller_inst|clk_25}] -rise_to [get_clocks {clk_in}] -setup 0.030
    Info: set_clock_uncertainty -rise_from [get_clocks {vga_controller:vga_controller_inst|clk_25}] -fall_to [get_clocks {clk_in}] -setup 0.030
    Info: set_clock_uncertainty -fall_from [get_clocks {vga_controller:vga_controller_inst|clk_25}] -rise_to [get_clocks {clk_in}] -setup 0.030
    Info: set_clock_uncertainty -fall_from [get_clocks {vga_controller:vga_controller_inst|clk_25}] -fall_to [get_clocks {clk_in}] -setup 0.030
    Info: set_clock_uncertainty -rise_from [get_clocks {vga_controller:vga_controller_inst|clk_25}] -rise_to [get_clocks {clk_in}] -hold 0.030
    Info: set_clock_uncertainty -rise_from [get_clocks {vga_controller:vga_controller_inst|clk_25}] -fall_to [get_clocks {clk_in}] -hold 0.030
    Info: set_clock_uncertainty -fall_from [get_clocks {vga_controller:vga_controller_inst|clk_25}] -rise_to [get_clocks {clk_in}] -hold 0.030
    Info: set_clock_uncertainty -fall_from [get_clocks {vga_controller:vga_controller_inst|clk_25}] -fall_to [get_clocks {clk_in}] -hold 0.030
    Info: set_clock_uncertainty -rise_from [get_clocks {clk_in}] -rise_to [get_clocks {clk_in}] -setup 0.020
    Info: set_clock_uncertainty -rise_from [get_clocks {clk_in}] -fall_to [get_clocks {clk_in}] -setup 0.020
    Info: set_clock_uncertainty -fall_from [get_clocks {clk_in}] -rise_to [get_clocks {clk_in}] -setup 0.020
    Info: set_clock_uncertainty -fall_from [get_clocks {clk_in}] -fall_to [get_clocks {clk_in}] -setup 0.020
    Info: set_clock_uncertainty -rise_from [get_clocks {clk_in}] -rise_to [get_clocks {clk_in}] -hold 0.020
    Info: set_clock_uncertainty -rise_from [get_clocks {clk_in}] -fall_to [get_clocks {clk_in}] -hold 0.020
    Info: set_clock_uncertainty -fall_from [get_clocks {clk_in}] -rise_to [get_clocks {clk_in}] -hold 0.020
    Info: set_clock_uncertainty -fall_from [get_clocks {clk_in}] -fall_to [get_clocks {clk_in}] -hold 0.020
Critical Warning: Timing requirements not met
Info: Worst-case setup slack is -4.971
    Info:     Slack End Point TNS Clock 
    Info: ========= ============= =====================
    Info:    -4.971     -1146.422 clk_in 
    Info:    -2.548      -132.591 vga_controller:vga_controller_inst|clk_25 
Info: Worst-case hold slack is -0.035
    Info:     Slack End Point TNS Clock 
    Info: ========= ============= =====================
    Info:    -0.035        -0.035 clk_in 
    Info:     0.489         0.000 vga_controller:vga_controller_inst|clk_25 
Info: No Recovery paths to report
Info: No Removal paths to report
Info: Worst-case minimum pulse width slack is -3.000
    Info:     Slack End Point TNS Clock 
    Info: ========= ============= =====================
    Info:    -3.000      -374.000 clk_in 
    Info:    -1.000       -66.000 vga_controller:vga_controller_inst|clk_25 
Info: Analyzing Fast 1200mV 0C Model
Info: Started post-fitting delay annotation
Info: Delay annotation completed successfully
Info: Deriving Clock Uncertainty
    Info: set_clock_uncertainty -rise_from [get_clocks {vga_controller:vga_controller_inst|clk_25}] -rise_to [get_clocks {vga_controller:vga_controller_inst|clk_25}] -setup 0.020
    Info: set_clock_uncertainty -rise_from [get_clocks {vga_controller:vga_controller_inst|clk_25}] -fall_to [get_clocks {vga_controller:vga_controller_inst|clk_25}] -setup 0.020
    Info: set_clock_uncertainty -fall_from [get_clocks {vga_controller:vga_controller_inst|clk_25}] -rise_to [get_clocks {vga_controller:vga_controller_inst|clk_25}] -setup 0.020
    Info: set_clock_uncertainty -fall_from [get_clocks {vga_controller:vga_controller_inst|clk_25}] -fall_to [get_clocks {vga_controller:vga_controller_inst|clk_25}] -setup 0.020
    Info: set_clock_uncertainty -rise_from [get_clocks {vga_controller:vga_controller_inst|clk_25}] -rise_to [get_clocks {vga_controller:vga_controller_inst|clk_25}] -hold 0.020
    Info: set_clock_uncertainty -rise_from [get_clocks {vga_controller:vga_controller_inst|clk_25}] -fall_to [get_clocks {vga_controller:vga_controller_inst|clk_25}] -hold 0.020
    Info: set_clock_uncertainty -fall_from [get_clocks {vga_controller:vga_controller_inst|clk_25}] -rise_to [get_clocks {vga_controller:vga_controller_inst|clk_25}] -hold 0.020
    Info: set_clock_uncertainty -fall_from [get_clocks {vga_controller:vga_controller_inst|clk_25}] -fall_to [get_clocks {vga_controller:vga_controller_inst|clk_25}] -hold 0.020
    Info: set_clock_uncertainty -rise_from [get_clocks {vga_controller:vga_controller_inst|clk_25}] -rise_to [get_clocks {clk_in}] -setup 0.030
    Info: set_clock_uncertainty -rise_from [get_clocks {vga_controller:vga_controller_inst|clk_25}] -fall_to [get_clocks {clk_in}] -setup 0.030
    Info: set_clock_uncertainty -fall_from [get_clocks {vga_controller:vga_controller_inst|clk_25}] -rise_to [get_clocks {clk_in}] -setup 0.030
    Info: set_clock_uncertainty -fall_from [get_clocks {vga_controller:vga_controller_inst|clk_25}] -fall_to [get_clocks {clk_in}] -setup 0.030
    Info: set_clock_uncertainty -rise_from [get_clocks {vga_controller:vga_controller_inst|clk_25}] -rise_to [get_clocks {clk_in}] -hold 0.030
    Info: set_clock_uncertainty -rise_from [get_clocks {vga_controller:vga_controller_inst|clk_25}] -fall_to [get_clocks {clk_in}] -hold 0.030
    Info: set_clock_uncertainty -fall_from [get_clocks {vga_controller:vga_controller_inst|clk_25}] -rise_to [get_clocks {clk_in}] -hold 0.030
    Info: set_clock_uncertainty -fall_from [get_clocks {vga_controller:vga_controller_inst|clk_25}] -fall_to [get_clocks {clk_in}] -hold 0.030
    Info: set_clock_uncertainty -rise_from [get_clocks {clk_in}] -rise_to [get_clocks {clk_in}] -setup 0.020
    Info: set_clock_uncertainty -rise_from [get_clocks {clk_in}] -fall_to [get_clocks {clk_in}] -setup 0.020
    Info: set_clock_uncertainty -fall_from [get_clocks {clk_in}] -rise_to [get_clocks {clk_in}] -setup 0.020
    Info: set_clock_uncertainty -fall_from [get_clocks {clk_in}] -fall_to [get_clocks {clk_in}] -setup 0.020
    Info: set_clock_uncertainty -rise_from [get_clocks {clk_in}] -rise_to [get_clocks {clk_in}] -hold 0.020
    Info: set_clock_uncertainty -rise_from [get_clocks {clk_in}] -fall_to [get_clocks {clk_in}] -hold 0.020
    Info: set_clock_uncertainty -fall_from [get_clocks {clk_in}] -rise_to [get_clocks {clk_in}] -hold 0.020
    Info: set_clock_uncertainty -fall_from [get_clocks {clk_in}] -fall_to [get_clocks {clk_in}] -hold 0.020
Critical Warning: Timing requirements not met
Info: Worst-case setup slack is -2.849
    Info:     Slack End Point TNS Clock 
    Info: ========= ============= =====================
    Info:    -2.849      -594.643 clk_in 
    Info:    -1.179       -57.985 vga_controller:vga_controller_inst|clk_25 
Info: Worst-case hold slack is -0.011
    Info:     Slack End Point TNS Clock 
    Info: ========= ============= =====================
    Info:    -0.011        -0.011 clk_in 
    Info:     0.285         0.000 vga_controller:vga_controller_inst|clk_25 
Info: No Recovery paths to report
Info: No Removal paths to report
Info: Worst-case minimum pulse width slack is -3.000
    Info:     Slack End Point TNS Clock 
    Info: ========= ============= =====================
    Info:    -3.000      -394.697 clk_in 
    Info:    -1.000       -66.000 vga_controller:vga_controller_inst|clk_25 
Info: Design is not fully constrained for setup requirements
Info: Design is not fully constrained for hold requirements
Info: Quartus II TimeQuest Timing Analyzer was successful. 0 errors, 4 warnings
    Info: Peak virtual memory: 240 megabytes
    Info: Processing ended: Sat Sep 16 18:48:37 2023
    Info: Elapsed time: 00:00:04
    Info: Total CPU time (on all processors): 00:00:04


