Classic Timing Analyzer report for pongTop
Sat Sep 16 18:39:15 2023
Quartus II Version 9.1 Build 350 03/24/2010 Service Pack 2 SJ Web Edition


---------------------
; Table of Contents ;
---------------------
  1. Legal Notice
  2. Timing Analyzer Summary
  3. Timing Analyzer Settings
  4. Clock Settings Summary
  5. Parallel Compilation
  6. Clock Setup: 'clk_in'
  7. tsu
  8. tco
  9. tpd
 10. th
 11. Timing Analyzer Messages



----------------
; Legal Notice ;
----------------
Copyright (C) 1991-2010 Altera Corporation
Your use of Altera Corporation's design tools, logic functions 
and other software and tools, and its AMPP partner logic 
functions, and any output files from any of the foregoing 
(including device programming or simulation files), and any 
associated documentation or information are expressly subject 
to the terms and conditions of the Altera Program License 
Subscription Agreement, Altera MegaCore Function License 
Agreement, or other applicable license agreement, including, 
without limitation, that your use is for the sole purpose of 
programming logic devices manufactured by Altera and sold by 
Altera or its authorized distributors.  Please refer to the 
applicable agreement for further details.



+-----------------------------------------------------------------------------------------------------------------------------------------------------------------------------------------------------------------------------------------+
; Timing Analyzer Summary                                                                                                                                                                                                                 ;
+------------------------------+-------+---------------+----------------------------------+------------------------------------------------------+-------------------------------------------------+------------+----------+--------------+
; Type                         ; Slack ; Required Time ; Actual Time                      ; From                                                 ; To                                              ; From Clock ; To Clock ; Failed Paths ;
+------------------------------+-------+---------------+----------------------------------+------------------------------------------------------+-------------------------------------------------+------------+----------+--------------+
; Worst-case tsu               ; N/A   ; None          ; 4.845 ns                         ; paddledwn2                                           ; debounce_pb:debounce_paddledwn2|clk_counter[16] ; --         ; clk_in   ; 0            ;
; Worst-case tco               ; N/A   ; None          ; 12.068 ns                        ; ball_ctrl:ball_ctrl_inst|disp_ball                   ; dout_r[1]                                       ; clk_in     ; --       ; 0            ;
; Worst-case tpd               ; N/A   ; None          ; 9.724 ns                         ; startGame                                            ; dout_r[1]                                       ; --         ; --       ; 0            ;
; Worst-case th                ; N/A   ; None          ; 0.239 ns                         ; i_serial                                             ; uart_receiver:uart_receiver_inst|output_byte[1] ; --         ; clk_in   ; 0            ;
; Clock Setup: 'clk_in'        ; N/A   ; None          ; 120.76 MHz ( period = 8.281 ns ) ; vga_controller:vga_controller_inst|h_pos_internal[0] ; paddle1_ctrl:paddle1_ctrl_inst|dispPaddle1      ; clk_in     ; clk_in   ; 0            ;
; Total number of failed paths ;       ;               ;                                  ;                                                      ;                                                 ;            ;          ; 0            ;
+------------------------------+-------+---------------+----------------------------------+------------------------------------------------------+-------------------------------------------------+------------+----------+--------------+


+-----------------------------------------------------------------------------------------------------------------------------------------------------+
; Timing Analyzer Settings                                                                                                                            ;
+------------------------------------------------------------------------------------------------------+--------------------+------+----+-------------+
; Option                                                                                               ; Setting            ; From ; To ; Entity Name ;
+------------------------------------------------------------------------------------------------------+--------------------+------+----+-------------+
; Device Name                                                                                          ; EP2C35F672C6       ;      ;    ;             ;
; Timing Models                                                                                        ; Final              ;      ;    ;             ;
; Default hold multicycle                                                                              ; Same as Multicycle ;      ;    ;             ;
; Cut paths between unrelated clock domains                                                            ; On                 ;      ;    ;             ;
; Cut off read during write signal paths                                                               ; On                 ;      ;    ;             ;
; Cut off feedback from I/O pins                                                                       ; On                 ;      ;    ;             ;
; Report Combined Fast/Slow Timing                                                                     ; Off                ;      ;    ;             ;
; Ignore Clock Settings                                                                                ; Off                ;      ;    ;             ;
; Analyze latches as synchronous elements                                                              ; On                 ;      ;    ;             ;
; Enable Recovery/Removal analysis                                                                     ; Off                ;      ;    ;             ;
; Enable Clock Latency                                                                                 ; Off                ;      ;    ;             ;
; Use TimeQuest Timing Analyzer                                                                        ; Off                ;      ;    ;             ;
; Minimum Core Junction Temperature                                                                    ; 0                  ;      ;    ;             ;
; Maximum Core Junction Temperature                                                                    ; 85                 ;      ;    ;             ;
; Number of source nodes to report per destination node                                                ; 10                 ;      ;    ;             ;
; Number of destination nodes to report                                                                ; 10                 ;      ;    ;             ;
; Number of paths to report                                                                            ; 200                ;      ;    ;             ;
; Report Minimum Timing Checks                                                                         ; Off                ;      ;    ;             ;
; Use Fast Timing Models                                                                               ; Off                ;      ;    ;             ;
; Report IO Paths Separately                                                                           ; Off                ;      ;    ;             ;
; Perform Multicorner Analysis                                                                         ; On                 ;      ;    ;             ;
; Reports the worst-case path for each clock domain and analysis                                       ; Off                ;      ;    ;             ;
; Reports worst-case timing paths for each clock domain and analysis                                   ; On                 ;      ;    ;             ;
; Specifies the maximum number of worst-case timing paths to report for each clock domain and analysis ; 100                ;      ;    ;             ;
; Removes common clock path pessimism (CCPP) during slack computation                                  ; Off                ;      ;    ;             ;
; Output I/O Timing Endpoint                                                                           ; Near End           ;      ;    ;             ;
+------------------------------------------------------------------------------------------------------+--------------------+------+----+-------------+


+------------------------------------------------------------------------------------------------------------------------------------------------------------------------------------+
; Clock Settings Summary                                                                                                                                                             ;
+-----------------+--------------------+----------+------------------+---------------+--------------+----------+-----------------------+---------------------+--------+--------------+
; Clock Node Name ; Clock Setting Name ; Type     ; Fmax Requirement ; Early Latency ; Late Latency ; Based on ; Multiply Base Fmax by ; Divide Base Fmax by ; Offset ; Phase offset ;
+-----------------+--------------------+----------+------------------+---------------+--------------+----------+-----------------------+---------------------+--------+--------------+
; clk_in          ;                    ; User Pin ; None             ; 0.000 ns      ; 0.000 ns     ; --       ; N/A                   ; N/A                 ; N/A    ;              ;
+-----------------+--------------------+----------+------------------+---------------+--------------+----------+-----------------------+---------------------+--------+--------------+


Parallel compilation was disabled, but you have multiple processors available. Enable parallel compilation to reduce compilation time.
+-------------------------------------+
; Parallel Compilation                ;
+----------------------------+--------+
; Processors                 ; Number ;
+----------------------------+--------+
; Number detected on machine ; 2      ;
; Maximum allowed            ; 1      ;
+----------------------------+--------+


+--------------------------------------------------------------------------------------------------------------------------------------------------------------------------------------------------------------------------------------------------------------------------------------------------------------------------+
; Clock Setup: 'clk_in'                                                                                                                                                                                                                                                                                                    ;
+-----------------------------------------+-----------------------------------------------------+-------------------------------------------------------+------------------------------------------------------+------------+----------+-----------------------------+---------------------------+-------------------------+
; Slack                                   ; Actual fmax (period)                                ; From                                                  ; To                                                   ; From Clock ; To Clock ; Required Setup Relationship ; Required Longest P2P Time ; Actual Longest P2P Time ;
+-----------------------------------------+-----------------------------------------------------+-------------------------------------------------------+------------------------------------------------------+------------+----------+-----------------------------+---------------------------+-------------------------+
; N/A                                     ; 120.76 MHz ( period = 8.281 ns )                    ; vga_controller:vga_controller_inst|h_pos_internal[0]  ; paddle1_ctrl:paddle1_ctrl_inst|dispPaddle1           ; clk_in     ; clk_in   ; None                        ; None                      ; 4.493 ns                ;
; N/A                                     ; 121.60 MHz ( period = 8.224 ns )                    ; vga_controller:vga_controller_inst|h_pos_internal[1]  ; paddle2_ctrl:paddle2_ctrl_inst|dispPaddle2           ; clk_in     ; clk_in   ; None                        ; None                      ; 4.435 ns                ;
; N/A                                     ; 122.31 MHz ( period = 8.176 ns )                    ; vga_controller:vga_controller_inst|h_pos_internal[2]  ; paddle2_ctrl:paddle2_ctrl_inst|dispPaddle2           ; clk_in     ; clk_in   ; None                        ; None                      ; 4.387 ns                ;
; N/A                                     ; 123.18 MHz ( period = 8.118 ns )                    ; vga_controller:vga_controller_inst|h_pos_internal[3]  ; paddle2_ctrl:paddle2_ctrl_inst|dispPaddle2           ; clk_in     ; clk_in   ; None                        ; None                      ; 4.329 ns                ;
; N/A                                     ; 124.07 MHz ( period = 8.060 ns )                    ; vga_controller:vga_controller_inst|h_pos_internal[1]  ; paddle1_ctrl:paddle1_ctrl_inst|dispPaddle1           ; clk_in     ; clk_in   ; None                        ; None                      ; 4.268 ns                ;
; N/A                                     ; 124.53 MHz ( period = 8.030 ns )                    ; vga_controller:vga_controller_inst|h_pos_internal[0]  ; paddle2_ctrl:paddle2_ctrl_inst|dispPaddle2           ; clk_in     ; clk_in   ; None                        ; None                      ; 4.245 ns                ;
; N/A                                     ; 124.95 MHz ( period = 8.003 ns )                    ; vga_controller:vga_controller_inst|h_pos_internal[4]  ; paddle2_ctrl:paddle2_ctrl_inst|dispPaddle2           ; clk_in     ; clk_in   ; None                        ; None                      ; 4.214 ns                ;
; N/A                                     ; 126.65 MHz ( period = 7.896 ns )                    ; vga_controller:vga_controller_inst|h_pos_internal[6]  ; paddle2_ctrl:paddle2_ctrl_inst|dispPaddle2           ; clk_in     ; clk_in   ; None                        ; None                      ; 4.107 ns                ;
; N/A                                     ; 127.88 MHz ( period = 7.820 ns )                    ; vga_controller:vga_controller_inst|h_pos_internal[2]  ; paddle1_ctrl:paddle1_ctrl_inst|dispPaddle1           ; clk_in     ; clk_in   ; None                        ; None                      ; 4.028 ns                ;
; N/A                                     ; 127.94 MHz ( period = 7.816 ns )                    ; vga_controller:vga_controller_inst|h_pos_internal[5]  ; paddle1_ctrl:paddle1_ctrl_inst|dispPaddle1           ; clk_in     ; clk_in   ; None                        ; None                      ; 4.028 ns                ;
; N/A                                     ; 128.52 MHz ( period = 7.781 ns )                    ; vga_controller:vga_controller_inst|h_pos_internal[8]  ; paddle1_ctrl:paddle1_ctrl_inst|dispPaddle1           ; clk_in     ; clk_in   ; None                        ; None                      ; 3.993 ns                ;
; N/A                                     ; 128.82 MHz ( period = 7.763 ns )                    ; vga_controller:vga_controller_inst|h_pos_internal[10] ; paddle2_ctrl:paddle2_ctrl_inst|dispPaddle2           ; clk_in     ; clk_in   ; None                        ; None                      ; 3.974 ns                ;
; N/A                                     ; 129.30 MHz ( period = 7.734 ns )                    ; vga_controller:vga_controller_inst|h_pos_internal[3]  ; paddle1_ctrl:paddle1_ctrl_inst|dispPaddle1           ; clk_in     ; clk_in   ; None                        ; None                      ; 3.942 ns                ;
; N/A                                     ; 129.60 MHz ( period = 7.716 ns )                    ; vga_controller:vga_controller_inst|h_pos_internal[7]  ; paddle2_ctrl:paddle2_ctrl_inst|dispPaddle2           ; clk_in     ; clk_in   ; None                        ; None                      ; 3.927 ns                ;
; N/A                                     ; 130.11 MHz ( period = 7.686 ns )                    ; vga_controller:vga_controller_inst|h_pos_internal[5]  ; paddle2_ctrl:paddle2_ctrl_inst|dispPaddle2           ; clk_in     ; clk_in   ; None                        ; None                      ; 3.901 ns                ;
; N/A                                     ; 131.01 MHz ( period = 7.633 ns )                    ; vga_controller:vga_controller_inst|h_pos_internal[4]  ; paddle1_ctrl:paddle1_ctrl_inst|dispPaddle1           ; clk_in     ; clk_in   ; None                        ; None                      ; 3.841 ns                ;
; N/A                                     ; 131.32 MHz ( period = 7.615 ns )                    ; uart_receiver:uart_receiver_inst|output_byte[0]       ; paddle1_ctrl:paddle1_ctrl_inst|y_paddle_internal[31] ; clk_in     ; clk_in   ; None                        ; None                      ; 7.370 ns                ;
; N/A                                     ; 132.56 MHz ( period = 7.544 ns )                    ; uart_receiver:uart_receiver_inst|output_byte[0]       ; paddle1_ctrl:paddle1_ctrl_inst|y_paddle_internal[30] ; clk_in     ; clk_in   ; None                        ; None                      ; 7.299 ns                ;
; N/A                                     ; 132.82 MHz ( period = 7.529 ns )                    ; vga_controller:vga_controller_inst|v_pos_internal[11] ; paddle1_ctrl:paddle1_ctrl_inst|dispPaddle1           ; clk_in     ; clk_in   ; None                        ; None                      ; 3.736 ns                ;
; N/A                                     ; 133.10 MHz ( period = 7.513 ns )                    ; uart_receiver:uart_receiver_inst|output_byte[4]       ; paddle1_ctrl:paddle1_ctrl_inst|y_paddle_internal[31] ; clk_in     ; clk_in   ; None                        ; None                      ; 7.268 ns                ;
; N/A                                     ; 133.14 MHz ( period = 7.511 ns )                    ; paddle2_ctrl:paddle2_ctrl_inst|count_clk[1]           ; paddle1_ctrl:paddle1_ctrl_inst|y_paddle_internal[31] ; clk_in     ; clk_in   ; None                        ; None                      ; 7.296 ns                ;
; N/A                                     ; 133.48 MHz ( period = 7.492 ns )                    ; vga_controller:vga_controller_inst|h_pos_internal[6]  ; paddle1_ctrl:paddle1_ctrl_inst|dispPaddle1           ; clk_in     ; clk_in   ; None                        ; None                      ; 3.700 ns                ;
; N/A                                     ; 133.51 MHz ( period = 7.490 ns )                    ; vga_controller:vga_controller_inst|v_pos_internal[7]  ; paddle1_ctrl:paddle1_ctrl_inst|dispPaddle1           ; clk_in     ; clk_in   ; None                        ; None                      ; 3.697 ns                ;
; N/A                                     ; 133.82 MHz ( period = 7.473 ns )                    ; uart_receiver:uart_receiver_inst|output_byte[0]       ; paddle1_ctrl:paddle1_ctrl_inst|y_paddle_internal[29] ; clk_in     ; clk_in   ; None                        ; None                      ; 7.228 ns                ;
; N/A                                     ; 133.90 MHz ( period = 7.468 ns )                    ; vga_controller:vga_controller_inst|h_pos_internal[9]  ; paddle1_ctrl:paddle1_ctrl_inst|dispPaddle1           ; clk_in     ; clk_in   ; None                        ; None                      ; 3.680 ns                ;
; N/A                                     ; 134.37 MHz ( period = 7.442 ns )                    ; uart_receiver:uart_receiver_inst|output_byte[4]       ; paddle1_ctrl:paddle1_ctrl_inst|y_paddle_internal[30] ; clk_in     ; clk_in   ; None                        ; None                      ; 7.197 ns                ;
; N/A                                     ; 134.41 MHz ( period = 7.440 ns )                    ; paddle2_ctrl:paddle2_ctrl_inst|count_clk[1]           ; paddle1_ctrl:paddle1_ctrl_inst|y_paddle_internal[30] ; clk_in     ; clk_in   ; None                        ; None                      ; 7.225 ns                ;
; N/A                                     ; 135.10 MHz ( period = 7.402 ns )                    ; uart_receiver:uart_receiver_inst|output_byte[0]       ; paddle1_ctrl:paddle1_ctrl_inst|y_paddle_internal[28] ; clk_in     ; clk_in   ; None                        ; None                      ; 7.157 ns                ;
; N/A                                     ; 135.28 MHz ( period = 7.392 ns )                    ; paddle2_ctrl:paddle2_ctrl_inst|count_clk[2]           ; paddle1_ctrl:paddle1_ctrl_inst|y_paddle_internal[31] ; clk_in     ; clk_in   ; None                        ; None                      ; 7.177 ns                ;
; N/A                                     ; 135.32 MHz ( period = 7.390 ns )                    ; vga_controller:vga_controller_inst|v_pos_internal[8]  ; paddle1_ctrl:paddle1_ctrl_inst|dispPaddle1           ; clk_in     ; clk_in   ; None                        ; None                      ; 3.597 ns                ;
; N/A                                     ; 135.34 MHz ( period = 7.389 ns )                    ; vga_controller:vga_controller_inst|v_pos_internal[10] ; paddle1_ctrl:paddle1_ctrl_inst|dispPaddle1           ; clk_in     ; clk_in   ; None                        ; None                      ; 3.596 ns                ;
; N/A                                     ; 135.50 MHz ( period = 7.380 ns )                    ; vga_controller:vga_controller_inst|h_pos_internal[8]  ; paddle2_ctrl:paddle2_ctrl_inst|dispPaddle2           ; clk_in     ; clk_in   ; None                        ; None                      ; 3.595 ns                ;
; N/A                                     ; 135.67 MHz ( period = 7.371 ns )                    ; uart_receiver:uart_receiver_inst|output_byte[4]       ; paddle1_ctrl:paddle1_ctrl_inst|y_paddle_internal[29] ; clk_in     ; clk_in   ; None                        ; None                      ; 7.126 ns                ;
; N/A                                     ; 135.70 MHz ( period = 7.369 ns )                    ; paddle2_ctrl:paddle2_ctrl_inst|count_clk[1]           ; paddle1_ctrl:paddle1_ctrl_inst|y_paddle_internal[29] ; clk_in     ; clk_in   ; None                        ; None                      ; 7.154 ns                ;
; N/A                                     ; 136.41 MHz ( period = 7.331 ns )                    ; uart_receiver:uart_receiver_inst|output_byte[0]       ; paddle1_ctrl:paddle1_ctrl_inst|y_paddle_internal[27] ; clk_in     ; clk_in   ; None                        ; None                      ; 7.086 ns                ;
; N/A                                     ; 136.41 MHz ( period = 7.331 ns )                    ; vga_controller:vga_controller_inst|h_pos_internal[9]  ; paddle2_ctrl:paddle2_ctrl_inst|dispPaddle2           ; clk_in     ; clk_in   ; None                        ; None                      ; 3.546 ns                ;
; N/A                                     ; 136.59 MHz ( period = 7.321 ns )                    ; paddle2_ctrl:paddle2_ctrl_inst|count_clk[2]           ; paddle1_ctrl:paddle1_ctrl_inst|y_paddle_internal[30] ; clk_in     ; clk_in   ; None                        ; None                      ; 7.106 ns                ;
; N/A                                     ; 136.93 MHz ( period = 7.303 ns )                    ; vga_controller:vga_controller_inst|h_pos_internal[7]  ; paddle1_ctrl:paddle1_ctrl_inst|dispPaddle1           ; clk_in     ; clk_in   ; None                        ; None                      ; 3.511 ns                ;
; N/A                                     ; 136.99 MHz ( period = 7.300 ns )                    ; uart_receiver:uart_receiver_inst|output_byte[4]       ; paddle1_ctrl:paddle1_ctrl_inst|y_paddle_internal[28] ; clk_in     ; clk_in   ; None                        ; None                      ; 7.055 ns                ;
; N/A                                     ; 137.01 MHz ( period = 7.299 ns )                    ; vga_controller:vga_controller_inst|v_pos_internal[0]  ; paddle2_ctrl:paddle2_ctrl_inst|dispPaddle2           ; clk_in     ; clk_in   ; None                        ; None                      ; 3.509 ns                ;
; N/A                                     ; 137.02 MHz ( period = 7.298 ns )                    ; paddle2_ctrl:paddle2_ctrl_inst|count_clk[1]           ; paddle1_ctrl:paddle1_ctrl_inst|y_paddle_internal[28] ; clk_in     ; clk_in   ; None                        ; None                      ; 7.083 ns                ;
; N/A                                     ; 137.46 MHz ( period = 7.275 ns )                    ; paddle2_ctrl:paddle2_ctrl_inst|count_clk[26]          ; paddle1_ctrl:paddle1_ctrl_inst|y_paddle_internal[31] ; clk_in     ; clk_in   ; None                        ; None                      ; 7.056 ns                ;
; N/A                                     ; 137.74 MHz ( period = 7.260 ns )                    ; uart_receiver:uart_receiver_inst|output_byte[0]       ; paddle1_ctrl:paddle1_ctrl_inst|y_paddle_internal[26] ; clk_in     ; clk_in   ; None                        ; None                      ; 7.015 ns                ;
; N/A                                     ; 137.93 MHz ( period = 7.250 ns )                    ; paddle2_ctrl:paddle2_ctrl_inst|count_clk[2]           ; paddle1_ctrl:paddle1_ctrl_inst|y_paddle_internal[29] ; clk_in     ; clk_in   ; None                        ; None                      ; 7.035 ns                ;
; N/A                                     ; 138.29 MHz ( period = 7.231 ns )                    ; paddle2_ctrl:paddle2_ctrl_inst|count_clk[11]          ; paddle1_ctrl:paddle1_ctrl_inst|y_paddle_internal[31] ; clk_in     ; clk_in   ; None                        ; None                      ; 7.016 ns                ;
; N/A                                     ; 138.33 MHz ( period = 7.229 ns )                    ; uart_receiver:uart_receiver_inst|output_byte[4]       ; paddle1_ctrl:paddle1_ctrl_inst|y_paddle_internal[27] ; clk_in     ; clk_in   ; None                        ; None                      ; 6.984 ns                ;
; N/A                                     ; 138.37 MHz ( period = 7.227 ns )                    ; paddle2_ctrl:paddle2_ctrl_inst|count_clk[1]           ; paddle1_ctrl:paddle1_ctrl_inst|y_paddle_internal[27] ; clk_in     ; clk_in   ; None                        ; None                      ; 7.012 ns                ;
; N/A                                     ; 138.81 MHz ( period = 7.204 ns )                    ; paddle2_ctrl:paddle2_ctrl_inst|count_clk[26]          ; paddle1_ctrl:paddle1_ctrl_inst|y_paddle_internal[30] ; clk_in     ; clk_in   ; None                        ; None                      ; 6.985 ns                ;
; N/A                                     ; 138.95 MHz ( period = 7.197 ns )                    ; vga_controller:vga_controller_inst|v_pos_internal[1]  ; paddle2_ctrl:paddle2_ctrl_inst|dispPaddle2           ; clk_in     ; clk_in   ; None                        ; None                      ; 3.415 ns                ;
; N/A                                     ; 139.10 MHz ( period = 7.189 ns )                    ; uart_receiver:uart_receiver_inst|output_byte[0]       ; paddle1_ctrl:paddle1_ctrl_inst|y_paddle_internal[25] ; clk_in     ; clk_in   ; None                        ; None                      ; 6.944 ns                ;
; N/A                                     ; 139.30 MHz ( period = 7.179 ns )                    ; paddle2_ctrl:paddle2_ctrl_inst|count_clk[2]           ; paddle1_ctrl:paddle1_ctrl_inst|y_paddle_internal[28] ; clk_in     ; clk_in   ; None                        ; None                      ; 6.964 ns                ;
; N/A                                     ; 139.51 MHz ( period = 7.168 ns )                    ; paddle2_ctrl:paddle2_ctrl_inst|count_clk[3]           ; paddle1_ctrl:paddle1_ctrl_inst|y_paddle_internal[31] ; clk_in     ; clk_in   ; None                        ; None                      ; 6.953 ns                ;
; N/A                                     ; 139.66 MHz ( period = 7.160 ns )                    ; paddle2_ctrl:paddle2_ctrl_inst|count_clk[11]          ; paddle1_ctrl:paddle1_ctrl_inst|y_paddle_internal[30] ; clk_in     ; clk_in   ; None                        ; None                      ; 6.945 ns                ;
; N/A                                     ; 139.70 MHz ( period = 7.158 ns )                    ; uart_receiver:uart_receiver_inst|output_byte[4]       ; paddle1_ctrl:paddle1_ctrl_inst|y_paddle_internal[26] ; clk_in     ; clk_in   ; None                        ; None                      ; 6.913 ns                ;
; N/A                                     ; 139.74 MHz ( period = 7.156 ns )                    ; paddle2_ctrl:paddle2_ctrl_inst|count_clk[1]           ; paddle1_ctrl:paddle1_ctrl_inst|y_paddle_internal[26] ; clk_in     ; clk_in   ; None                        ; None                      ; 6.941 ns                ;
; N/A                                     ; 139.84 MHz ( period = 7.151 ns )                    ; uart_receiver:uart_receiver_inst|output_byte[3]       ; paddle1_ctrl:paddle1_ctrl_inst|y_paddle_internal[31] ; clk_in     ; clk_in   ; None                        ; None                      ; 6.906 ns                ;
; N/A                                     ; 140.19 MHz ( period = 7.133 ns )                    ; paddle2_ctrl:paddle2_ctrl_inst|count_clk[26]          ; paddle1_ctrl:paddle1_ctrl_inst|y_paddle_internal[29] ; clk_in     ; clk_in   ; None                        ; None                      ; 6.914 ns                ;
; N/A                                     ; 140.27 MHz ( period = 7.129 ns )                    ; paddle2_ctrl:paddle2_ctrl_inst|count_clk[24]          ; paddle1_ctrl:paddle1_ctrl_inst|y_paddle_internal[31] ; clk_in     ; clk_in   ; None                        ; None                      ; 6.910 ns                ;
; N/A                                     ; 140.29 MHz ( period = 7.128 ns )                    ; vga_controller:vga_controller_inst|h_pos_internal[10] ; paddle1_ctrl:paddle1_ctrl_inst|dispPaddle1           ; clk_in     ; clk_in   ; None                        ; None                      ; 3.336 ns                ;
; N/A                                     ; 140.47 MHz ( period = 7.119 ns )                    ; paddle2_ctrl:paddle2_ctrl_inst|count_clk[10]          ; paddle1_ctrl:paddle1_ctrl_inst|y_paddle_internal[31] ; clk_in     ; clk_in   ; None                        ; None                      ; 6.906 ns                ;
; N/A                                     ; 140.49 MHz ( period = 7.118 ns )                    ; uart_receiver:uart_receiver_inst|output_byte[0]       ; paddle1_ctrl:paddle1_ctrl_inst|y_paddle_internal[24] ; clk_in     ; clk_in   ; None                        ; None                      ; 6.873 ns                ;
; N/A                                     ; 140.69 MHz ( period = 7.108 ns )                    ; paddle2_ctrl:paddle2_ctrl_inst|count_clk[2]           ; paddle1_ctrl:paddle1_ctrl_inst|y_paddle_internal[27] ; clk_in     ; clk_in   ; None                        ; None                      ; 6.893 ns                ;
; N/A                                     ; 140.90 MHz ( period = 7.097 ns )                    ; paddle2_ctrl:paddle2_ctrl_inst|count_clk[3]           ; paddle1_ctrl:paddle1_ctrl_inst|y_paddle_internal[30] ; clk_in     ; clk_in   ; None                        ; None                      ; 6.882 ns                ;
; N/A                                     ; 141.06 MHz ( period = 7.089 ns )                    ; paddle2_ctrl:paddle2_ctrl_inst|count_clk[11]          ; paddle1_ctrl:paddle1_ctrl_inst|y_paddle_internal[29] ; clk_in     ; clk_in   ; None                        ; None                      ; 6.874 ns                ;
; N/A                                     ; 141.10 MHz ( period = 7.087 ns )                    ; uart_receiver:uart_receiver_inst|output_byte[4]       ; paddle1_ctrl:paddle1_ctrl_inst|y_paddle_internal[25] ; clk_in     ; clk_in   ; None                        ; None                      ; 6.842 ns                ;
; N/A                                     ; 141.14 MHz ( period = 7.085 ns )                    ; paddle2_ctrl:paddle2_ctrl_inst|count_clk[1]           ; paddle1_ctrl:paddle1_ctrl_inst|y_paddle_internal[25] ; clk_in     ; clk_in   ; None                        ; None                      ; 6.870 ns                ;
; N/A                                     ; 141.24 MHz ( period = 7.080 ns )                    ; uart_receiver:uart_receiver_inst|output_byte[3]       ; paddle1_ctrl:paddle1_ctrl_inst|y_paddle_internal[30] ; clk_in     ; clk_in   ; None                        ; None                      ; 6.835 ns                ;
; N/A                                     ; 141.44 MHz ( period = 7.070 ns )                    ; uart_receiver:uart_receiver_inst|output_byte[7]       ; paddle1_ctrl:paddle1_ctrl_inst|y_paddle_internal[31] ; clk_in     ; clk_in   ; None                        ; None                      ; 6.825 ns                ;
; N/A                                     ; 141.56 MHz ( period = 7.064 ns )                    ; paddle2_ctrl:paddle2_ctrl_inst|count_clk[15]          ; paddle1_ctrl:paddle1_ctrl_inst|y_paddle_internal[31] ; clk_in     ; clk_in   ; None                        ; None                      ; 6.849 ns                ;
; N/A                                     ; 141.60 MHz ( period = 7.062 ns )                    ; paddle2_ctrl:paddle2_ctrl_inst|count_clk[26]          ; paddle1_ctrl:paddle1_ctrl_inst|y_paddle_internal[28] ; clk_in     ; clk_in   ; None                        ; None                      ; 6.843 ns                ;
; N/A                                     ; 141.68 MHz ( period = 7.058 ns )                    ; paddle2_ctrl:paddle2_ctrl_inst|count_clk[24]          ; paddle1_ctrl:paddle1_ctrl_inst|y_paddle_internal[30] ; clk_in     ; clk_in   ; None                        ; None                      ; 6.839 ns                ;
; N/A                                     ; 141.88 MHz ( period = 7.048 ns )                    ; paddle2_ctrl:paddle2_ctrl_inst|count_clk[10]          ; paddle1_ctrl:paddle1_ctrl_inst|y_paddle_internal[30] ; clk_in     ; clk_in   ; None                        ; None                      ; 6.835 ns                ;
; N/A                                     ; 141.92 MHz ( period = 7.046 ns )                    ; vga_controller:vga_controller_inst|h_pos_internal[11] ; paddle2_ctrl:paddle2_ctrl_inst|dispPaddle2           ; clk_in     ; clk_in   ; None                        ; None                      ; 3.257 ns                ;
; N/A                                     ; 142.01 MHz ( period = 7.042 ns )                    ; paddle2_ctrl:paddle2_ctrl_inst|count_clk[30]          ; paddle1_ctrl:paddle1_ctrl_inst|y_paddle_internal[31] ; clk_in     ; clk_in   ; None                        ; None                      ; 6.823 ns                ;
; N/A                                     ; 142.11 MHz ( period = 7.037 ns )                    ; paddle2_ctrl:paddle2_ctrl_inst|count_clk[2]           ; paddle1_ctrl:paddle1_ctrl_inst|y_paddle_internal[26] ; clk_in     ; clk_in   ; None                        ; None                      ; 6.822 ns                ;
; N/A                                     ; 142.33 MHz ( period = 7.026 ns )                    ; paddle2_ctrl:paddle2_ctrl_inst|count_clk[3]           ; paddle1_ctrl:paddle1_ctrl_inst|y_paddle_internal[29] ; clk_in     ; clk_in   ; None                        ; None                      ; 6.811 ns                ;
; N/A                                     ; 142.41 MHz ( period = 7.022 ns )                    ; uart_receiver:uart_receiver_inst|output_byte[2]       ; paddle1_ctrl:paddle1_ctrl_inst|y_paddle_internal[31] ; clk_in     ; clk_in   ; None                        ; None                      ; 6.777 ns                ;
; N/A                                     ; 142.49 MHz ( period = 7.018 ns )                    ; paddle2_ctrl:paddle2_ctrl_inst|count_clk[11]          ; paddle1_ctrl:paddle1_ctrl_inst|y_paddle_internal[28] ; clk_in     ; clk_in   ; None                        ; None                      ; 6.803 ns                ;
; N/A                                     ; 142.53 MHz ( period = 7.016 ns )                    ; uart_receiver:uart_receiver_inst|output_byte[4]       ; paddle1_ctrl:paddle1_ctrl_inst|y_paddle_internal[24] ; clk_in     ; clk_in   ; None                        ; None                      ; 6.771 ns                ;
; N/A                                     ; 142.57 MHz ( period = 7.014 ns )                    ; paddle2_ctrl:paddle2_ctrl_inst|count_clk[1]           ; paddle1_ctrl:paddle1_ctrl_inst|y_paddle_internal[24] ; clk_in     ; clk_in   ; None                        ; None                      ; 6.799 ns                ;
; N/A                                     ; 142.67 MHz ( period = 7.009 ns )                    ; uart_receiver:uart_receiver_inst|output_byte[3]       ; paddle1_ctrl:paddle1_ctrl_inst|y_paddle_internal[29] ; clk_in     ; clk_in   ; None                        ; None                      ; 6.764 ns                ;
; N/A                                     ; 142.82 MHz ( period = 7.002 ns )                    ; paddle2_ctrl:paddle2_ctrl_inst|count_clk[9]           ; paddle1_ctrl:paddle1_ctrl_inst|y_paddle_internal[31] ; clk_in     ; clk_in   ; None                        ; None                      ; 6.787 ns                ;
; N/A                                     ; 142.88 MHz ( period = 6.999 ns )                    ; uart_receiver:uart_receiver_inst|output_byte[7]       ; paddle1_ctrl:paddle1_ctrl_inst|y_paddle_internal[30] ; clk_in     ; clk_in   ; None                        ; None                      ; 6.754 ns                ;
; N/A                                     ; 143.00 MHz ( period = 6.993 ns )                    ; paddle2_ctrl:paddle2_ctrl_inst|count_clk[15]          ; paddle1_ctrl:paddle1_ctrl_inst|y_paddle_internal[30] ; clk_in     ; clk_in   ; None                        ; None                      ; 6.778 ns                ;
; N/A                                     ; 143.04 MHz ( period = 6.991 ns )                    ; paddle2_ctrl:paddle2_ctrl_inst|count_clk[26]          ; paddle1_ctrl:paddle1_ctrl_inst|y_paddle_internal[27] ; clk_in     ; clk_in   ; None                        ; None                      ; 6.772 ns                ;
; N/A                                     ; 143.12 MHz ( period = 6.987 ns )                    ; paddle2_ctrl:paddle2_ctrl_inst|count_clk[24]          ; paddle1_ctrl:paddle1_ctrl_inst|y_paddle_internal[29] ; clk_in     ; clk_in   ; None                        ; None                      ; 6.768 ns                ;
; N/A                                     ; 143.25 MHz ( period = 6.981 ns )                    ; paddle2_ctrl:paddle2_ctrl_inst|count_clk[25]          ; paddle1_ctrl:paddle1_ctrl_inst|y_paddle_internal[31] ; clk_in     ; clk_in   ; None                        ; None                      ; 6.762 ns                ;
; N/A                                     ; 143.33 MHz ( period = 6.977 ns )                    ; paddle2_ctrl:paddle2_ctrl_inst|count_clk[0]           ; paddle1_ctrl:paddle1_ctrl_inst|y_paddle_internal[31] ; clk_in     ; clk_in   ; None                        ; None                      ; 6.760 ns                ;
; N/A                                     ; 143.33 MHz ( period = 6.977 ns )                    ; paddle2_ctrl:paddle2_ctrl_inst|count_clk[10]          ; paddle1_ctrl:paddle1_ctrl_inst|y_paddle_internal[29] ; clk_in     ; clk_in   ; None                        ; None                      ; 6.764 ns                ;
; N/A                                     ; 143.43 MHz ( period = 6.972 ns )                    ; paddle2_ctrl:paddle2_ctrl_inst|count_clk[27]          ; paddle1_ctrl:paddle1_ctrl_inst|y_paddle_internal[31] ; clk_in     ; clk_in   ; None                        ; None                      ; 6.753 ns                ;
; N/A                                     ; 143.45 MHz ( period = 6.971 ns )                    ; paddle2_ctrl:paddle2_ctrl_inst|count_clk[30]          ; paddle1_ctrl:paddle1_ctrl_inst|y_paddle_internal[30] ; clk_in     ; clk_in   ; None                        ; None                      ; 6.752 ns                ;
; N/A                                     ; 143.49 MHz ( period = 6.969 ns )                    ; paddle2_ctrl:paddle2_ctrl_inst|count_clk[1]           ; paddle2_ctrl:paddle2_ctrl_inst|y_paddle_internal[31] ; clk_in     ; clk_in   ; None                        ; None                      ; 6.764 ns                ;
; N/A                                     ; 143.51 MHz ( period = 6.968 ns )                    ; paddle2_ctrl:paddle2_ctrl_inst|count_clk[17]          ; paddle1_ctrl:paddle1_ctrl_inst|y_paddle_internal[31] ; clk_in     ; clk_in   ; None                        ; None                      ; 6.751 ns                ;
; N/A                                     ; 143.53 MHz ( period = 6.967 ns )                    ; vga_controller:vga_controller_inst|v_pos_internal[9]  ; paddle1_ctrl:paddle1_ctrl_inst|dispPaddle1           ; clk_in     ; clk_in   ; None                        ; None                      ; 3.182 ns                ;
; N/A                                     ; 143.55 MHz ( period = 6.966 ns )                    ; paddle2_ctrl:paddle2_ctrl_inst|count_clk[2]           ; paddle1_ctrl:paddle1_ctrl_inst|y_paddle_internal[25] ; clk_in     ; clk_in   ; None                        ; None                      ; 6.751 ns                ;
; N/A                                     ; 143.70 MHz ( period = 6.959 ns )                    ; uart_receiver:uart_receiver_inst|output_byte[0]       ; paddle1_ctrl:paddle1_ctrl_inst|y_paddle_internal[23] ; clk_in     ; clk_in   ; None                        ; None                      ; 6.714 ns                ;
; N/A                                     ; 143.78 MHz ( period = 6.955 ns )                    ; paddle2_ctrl:paddle2_ctrl_inst|count_clk[3]           ; paddle1_ctrl:paddle1_ctrl_inst|y_paddle_internal[28] ; clk_in     ; clk_in   ; None                        ; None                      ; 6.740 ns                ;
; N/A                                     ; 143.84 MHz ( period = 6.952 ns )                    ; paddle2_ctrl:paddle2_ctrl_inst|y_paddle_internal[4]   ; paddle2_ctrl:paddle2_ctrl_inst|dispPaddle2           ; clk_in     ; clk_in   ; None                        ; None                      ; 6.746 ns                ;
; N/A                                     ; 143.86 MHz ( period = 6.951 ns )                    ; uart_receiver:uart_receiver_inst|output_byte[2]       ; paddle1_ctrl:paddle1_ctrl_inst|y_paddle_internal[30] ; clk_in     ; clk_in   ; None                        ; None                      ; 6.706 ns                ;
; N/A                                     ; 143.95 MHz ( period = 6.947 ns )                    ; paddle2_ctrl:paddle2_ctrl_inst|count_clk[11]          ; paddle1_ctrl:paddle1_ctrl_inst|y_paddle_internal[27] ; clk_in     ; clk_in   ; None                        ; None                      ; 6.732 ns                ;
; N/A                                     ; 144.05 MHz ( period = 6.942 ns )                    ; paddle2_ctrl:paddle2_ctrl_inst|count_clk[8]           ; paddle1_ctrl:paddle1_ctrl_inst|y_paddle_internal[31] ; clk_in     ; clk_in   ; None                        ; None                      ; 6.729 ns                ;
; N/A                                     ; 144.13 MHz ( period = 6.938 ns )                    ; uart_receiver:uart_receiver_inst|output_byte[3]       ; paddle1_ctrl:paddle1_ctrl_inst|y_paddle_internal[28] ; clk_in     ; clk_in   ; None                        ; None                      ; 6.693 ns                ;
; N/A                                     ; 144.28 MHz ( period = 6.931 ns )                    ; paddle2_ctrl:paddle2_ctrl_inst|count_clk[9]           ; paddle1_ctrl:paddle1_ctrl_inst|y_paddle_internal[30] ; clk_in     ; clk_in   ; None                        ; None                      ; 6.716 ns                ;
; N/A                                     ; 144.28 MHz ( period = 6.931 ns )                    ; vga_controller:vga_controller_inst|v_pos_internal[6]  ; paddle2_ctrl:paddle2_ctrl_inst|dispPaddle2           ; clk_in     ; clk_in   ; None                        ; None                      ; 3.141 ns                ;
; N/A                                     ; 144.32 MHz ( period = 6.929 ns )                    ; uart_receiver:uart_receiver_inst|output_byte[5]       ; paddle1_ctrl:paddle1_ctrl_inst|y_paddle_internal[31] ; clk_in     ; clk_in   ; None                        ; None                      ; 6.684 ns                ;
; N/A                                     ; 144.34 MHz ( period = 6.928 ns )                    ; uart_receiver:uart_receiver_inst|output_byte[7]       ; paddle1_ctrl:paddle1_ctrl_inst|y_paddle_internal[29] ; clk_in     ; clk_in   ; None                        ; None                      ; 6.683 ns                ;
; N/A                                     ; 144.47 MHz ( period = 6.922 ns )                    ; paddle2_ctrl:paddle2_ctrl_inst|count_clk[15]          ; paddle1_ctrl:paddle1_ctrl_inst|y_paddle_internal[29] ; clk_in     ; clk_in   ; None                        ; None                      ; 6.707 ns                ;
; N/A                                     ; 144.51 MHz ( period = 6.920 ns )                    ; paddle2_ctrl:paddle2_ctrl_inst|count_clk[26]          ; paddle1_ctrl:paddle1_ctrl_inst|y_paddle_internal[26] ; clk_in     ; clk_in   ; None                        ; None                      ; 6.701 ns                ;
; N/A                                     ; 144.59 MHz ( period = 6.916 ns )                    ; paddle2_ctrl:paddle2_ctrl_inst|count_clk[24]          ; paddle1_ctrl:paddle1_ctrl_inst|y_paddle_internal[28] ; clk_in     ; clk_in   ; None                        ; None                      ; 6.697 ns                ;
; N/A                                     ; 144.72 MHz ( period = 6.910 ns )                    ; paddle2_ctrl:paddle2_ctrl_inst|count_clk[25]          ; paddle1_ctrl:paddle1_ctrl_inst|y_paddle_internal[30] ; clk_in     ; clk_in   ; None                        ; None                      ; 6.691 ns                ;
; N/A                                     ; 144.76 MHz ( period = 6.908 ns )                    ; paddle2_ctrl:paddle2_ctrl_inst|count_clk[31]          ; paddle1_ctrl:paddle1_ctrl_inst|y_paddle_internal[31] ; clk_in     ; clk_in   ; None                        ; None                      ; 6.689 ns                ;
; N/A                                     ; 144.80 MHz ( period = 6.906 ns )                    ; paddle2_ctrl:paddle2_ctrl_inst|count_clk[0]           ; paddle1_ctrl:paddle1_ctrl_inst|y_paddle_internal[30] ; clk_in     ; clk_in   ; None                        ; None                      ; 6.689 ns                ;
; N/A                                     ; 144.80 MHz ( period = 6.906 ns )                    ; paddle2_ctrl:paddle2_ctrl_inst|count_clk[10]          ; paddle1_ctrl:paddle1_ctrl_inst|y_paddle_internal[28] ; clk_in     ; clk_in   ; None                        ; None                      ; 6.693 ns                ;
; N/A                                     ; 144.91 MHz ( period = 6.901 ns )                    ; paddle2_ctrl:paddle2_ctrl_inst|count_clk[27]          ; paddle1_ctrl:paddle1_ctrl_inst|y_paddle_internal[30] ; clk_in     ; clk_in   ; None                        ; None                      ; 6.682 ns                ;
; N/A                                     ; 144.93 MHz ( period = 6.900 ns )                    ; paddle2_ctrl:paddle2_ctrl_inst|count_clk[30]          ; paddle1_ctrl:paddle1_ctrl_inst|y_paddle_internal[29] ; clk_in     ; clk_in   ; None                        ; None                      ; 6.681 ns                ;
; N/A                                     ; 144.97 MHz ( period = 6.898 ns )                    ; paddle2_ctrl:paddle2_ctrl_inst|count_clk[1]           ; paddle2_ctrl:paddle2_ctrl_inst|y_paddle_internal[30] ; clk_in     ; clk_in   ; None                        ; None                      ; 6.693 ns                ;
; N/A                                     ; 144.99 MHz ( period = 6.897 ns )                    ; paddle2_ctrl:paddle2_ctrl_inst|count_clk[17]          ; paddle1_ctrl:paddle1_ctrl_inst|y_paddle_internal[30] ; clk_in     ; clk_in   ; None                        ; None                      ; 6.680 ns                ;
; N/A                                     ; 145.03 MHz ( period = 6.895 ns )                    ; paddle2_ctrl:paddle2_ctrl_inst|count_clk[2]           ; paddle1_ctrl:paddle1_ctrl_inst|y_paddle_internal[24] ; clk_in     ; clk_in   ; None                        ; None                      ; 6.680 ns                ;
; N/A                                     ; 145.18 MHz ( period = 6.888 ns )                    ; uart_receiver:uart_receiver_inst|output_byte[0]       ; paddle1_ctrl:paddle1_ctrl_inst|y_paddle_internal[22] ; clk_in     ; clk_in   ; None                        ; None                      ; 6.643 ns                ;
; N/A                                     ; 145.26 MHz ( period = 6.884 ns )                    ; paddle2_ctrl:paddle2_ctrl_inst|count_clk[3]           ; paddle1_ctrl:paddle1_ctrl_inst|y_paddle_internal[27] ; clk_in     ; clk_in   ; None                        ; None                      ; 6.669 ns                ;
; N/A                                     ; 145.35 MHz ( period = 6.880 ns )                    ; uart_receiver:uart_receiver_inst|output_byte[2]       ; paddle1_ctrl:paddle1_ctrl_inst|y_paddle_internal[29] ; clk_in     ; clk_in   ; None                        ; None                      ; 6.635 ns                ;
; N/A                                     ; 145.39 MHz ( period = 6.878 ns )                    ; paddle2_ctrl:paddle2_ctrl_inst|y_paddle_internal[5]   ; paddle2_ctrl:paddle2_ctrl_inst|dispPaddle2           ; clk_in     ; clk_in   ; None                        ; None                      ; 6.672 ns                ;
; N/A                                     ; 145.43 MHz ( period = 6.876 ns )                    ; paddle2_ctrl:paddle2_ctrl_inst|count_clk[11]          ; paddle1_ctrl:paddle1_ctrl_inst|y_paddle_internal[26] ; clk_in     ; clk_in   ; None                        ; None                      ; 6.661 ns                ;
; N/A                                     ; 145.54 MHz ( period = 6.871 ns )                    ; paddle2_ctrl:paddle2_ctrl_inst|count_clk[8]           ; paddle1_ctrl:paddle1_ctrl_inst|y_paddle_internal[30] ; clk_in     ; clk_in   ; None                        ; None                      ; 6.658 ns                ;
; N/A                                     ; 145.62 MHz ( period = 6.867 ns )                    ; uart_receiver:uart_receiver_inst|output_byte[3]       ; paddle1_ctrl:paddle1_ctrl_inst|y_paddle_internal[27] ; clk_in     ; clk_in   ; None                        ; None                      ; 6.622 ns                ;
; N/A                                     ; 145.69 MHz ( period = 6.864 ns )                    ; paddle1_ctrl:paddle1_ctrl_inst|y_paddle_internal[2]   ; gameCtrl_FSM:gameCtrl_FSM_inst|fsm.gameRunning       ; clk_in     ; clk_in   ; None                        ; None                      ; 6.669 ns                ;
; N/A                                     ; 145.77 MHz ( period = 6.860 ns )                    ; paddle2_ctrl:paddle2_ctrl_inst|count_clk[9]           ; paddle1_ctrl:paddle1_ctrl_inst|y_paddle_internal[29] ; clk_in     ; clk_in   ; None                        ; None                      ; 6.645 ns                ;
; N/A                                     ; 145.82 MHz ( period = 6.858 ns )                    ; uart_receiver:uart_receiver_inst|output_byte[5]       ; paddle1_ctrl:paddle1_ctrl_inst|y_paddle_internal[30] ; clk_in     ; clk_in   ; None                        ; None                      ; 6.613 ns                ;
; N/A                                     ; 145.84 MHz ( period = 6.857 ns )                    ; uart_receiver:uart_receiver_inst|output_byte[7]       ; paddle1_ctrl:paddle1_ctrl_inst|y_paddle_internal[28] ; clk_in     ; clk_in   ; None                        ; None                      ; 6.612 ns                ;
; N/A                                     ; 145.84 MHz ( period = 6.857 ns )                    ; uart_receiver:uart_receiver_inst|output_byte[4]       ; paddle1_ctrl:paddle1_ctrl_inst|y_paddle_internal[23] ; clk_in     ; clk_in   ; None                        ; None                      ; 6.612 ns                ;
; N/A                                     ; 145.88 MHz ( period = 6.855 ns )                    ; paddle2_ctrl:paddle2_ctrl_inst|count_clk[1]           ; paddle1_ctrl:paddle1_ctrl_inst|y_paddle_internal[23] ; clk_in     ; clk_in   ; None                        ; None                      ; 6.640 ns                ;
; N/A                                     ; 145.96 MHz ( period = 6.851 ns )                    ; paddle2_ctrl:paddle2_ctrl_inst|count_clk[15]          ; paddle1_ctrl:paddle1_ctrl_inst|y_paddle_internal[28] ; clk_in     ; clk_in   ; None                        ; None                      ; 6.636 ns                ;
; N/A                                     ; 145.99 MHz ( period = 6.850 ns )                    ; paddle2_ctrl:paddle2_ctrl_inst|count_clk[2]           ; paddle2_ctrl:paddle2_ctrl_inst|y_paddle_internal[31] ; clk_in     ; clk_in   ; None                        ; None                      ; 6.645 ns                ;
; N/A                                     ; 146.01 MHz ( period = 6.849 ns )                    ; paddle2_ctrl:paddle2_ctrl_inst|count_clk[26]          ; paddle1_ctrl:paddle1_ctrl_inst|y_paddle_internal[25] ; clk_in     ; clk_in   ; None                        ; None                      ; 6.630 ns                ;
; N/A                                     ; 146.03 MHz ( period = 6.848 ns )                    ; paddle2_ctrl:paddle2_ctrl_inst|count_clk[22]          ; paddle1_ctrl:paddle1_ctrl_inst|y_paddle_internal[31] ; clk_in     ; clk_in   ; None                        ; None                      ; 6.629 ns                ;
; N/A                                     ; 146.09 MHz ( period = 6.845 ns )                    ; paddle2_ctrl:paddle2_ctrl_inst|count_clk[24]          ; paddle1_ctrl:paddle1_ctrl_inst|y_paddle_internal[27] ; clk_in     ; clk_in   ; None                        ; None                      ; 6.626 ns                ;
; N/A                                     ; 146.22 MHz ( period = 6.839 ns )                    ; paddle2_ctrl:paddle2_ctrl_inst|count_clk[25]          ; paddle1_ctrl:paddle1_ctrl_inst|y_paddle_internal[29] ; clk_in     ; clk_in   ; None                        ; None                      ; 6.620 ns                ;
; N/A                                     ; 146.26 MHz ( period = 6.837 ns )                    ; paddle2_ctrl:paddle2_ctrl_inst|count_clk[31]          ; paddle1_ctrl:paddle1_ctrl_inst|y_paddle_internal[30] ; clk_in     ; clk_in   ; None                        ; None                      ; 6.618 ns                ;
; N/A                                     ; 146.31 MHz ( period = 6.835 ns )                    ; paddle2_ctrl:paddle2_ctrl_inst|count_clk[0]           ; paddle1_ctrl:paddle1_ctrl_inst|y_paddle_internal[29] ; clk_in     ; clk_in   ; None                        ; None                      ; 6.618 ns                ;
; N/A                                     ; 146.31 MHz ( period = 6.835 ns )                    ; paddle2_ctrl:paddle2_ctrl_inst|count_clk[10]          ; paddle1_ctrl:paddle1_ctrl_inst|y_paddle_internal[27] ; clk_in     ; clk_in   ; None                        ; None                      ; 6.622 ns                ;
; N/A                                     ; 146.41 MHz ( period = 6.830 ns )                    ; paddle2_ctrl:paddle2_ctrl_inst|count_clk[23]          ; paddle1_ctrl:paddle1_ctrl_inst|y_paddle_internal[31] ; clk_in     ; clk_in   ; None                        ; None                      ; 6.611 ns                ;
; N/A                                     ; 146.41 MHz ( period = 6.830 ns )                    ; paddle2_ctrl:paddle2_ctrl_inst|count_clk[27]          ; paddle1_ctrl:paddle1_ctrl_inst|y_paddle_internal[29] ; clk_in     ; clk_in   ; None                        ; None                      ; 6.611 ns                ;
; N/A                                     ; 146.43 MHz ( period = 6.829 ns )                    ; paddle2_ctrl:paddle2_ctrl_inst|count_clk[30]          ; paddle1_ctrl:paddle1_ctrl_inst|y_paddle_internal[28] ; clk_in     ; clk_in   ; None                        ; None                      ; 6.610 ns                ;
; N/A                                     ; 146.48 MHz ( period = 6.827 ns )                    ; paddle2_ctrl:paddle2_ctrl_inst|count_clk[1]           ; paddle2_ctrl:paddle2_ctrl_inst|y_paddle_internal[29] ; clk_in     ; clk_in   ; None                        ; None                      ; 6.622 ns                ;
; N/A                                     ; 146.50 MHz ( period = 6.826 ns )                    ; paddle2_ctrl:paddle2_ctrl_inst|count_clk[29]          ; paddle1_ctrl:paddle1_ctrl_inst|y_paddle_internal[31] ; clk_in     ; clk_in   ; None                        ; None                      ; 6.607 ns                ;
; N/A                                     ; 146.50 MHz ( period = 6.826 ns )                    ; paddle2_ctrl:paddle2_ctrl_inst|count_clk[17]          ; paddle1_ctrl:paddle1_ctrl_inst|y_paddle_internal[29] ; clk_in     ; clk_in   ; None                        ; None                      ; 6.609 ns                ;
; N/A                                     ; 146.69 MHz ( period = 6.817 ns )                    ; uart_receiver:uart_receiver_inst|output_byte[0]       ; paddle1_ctrl:paddle1_ctrl_inst|y_paddle_internal[21] ; clk_in     ; clk_in   ; None                        ; None                      ; 6.572 ns                ;
; N/A                                     ; 146.78 MHz ( period = 6.813 ns )                    ; paddle2_ctrl:paddle2_ctrl_inst|count_clk[3]           ; paddle1_ctrl:paddle1_ctrl_inst|y_paddle_internal[26] ; clk_in     ; clk_in   ; None                        ; None                      ; 6.598 ns                ;
; N/A                                     ; 146.82 MHz ( period = 6.811 ns )                    ; uart_receiver:uart_receiver_inst|output_byte[6]       ; paddle1_ctrl:paddle1_ctrl_inst|y_paddle_internal[31] ; clk_in     ; clk_in   ; None                        ; None                      ; 6.566 ns                ;
; N/A                                     ; 146.86 MHz ( period = 6.809 ns )                    ; uart_receiver:uart_receiver_inst|output_byte[2]       ; paddle1_ctrl:paddle1_ctrl_inst|y_paddle_internal[28] ; clk_in     ; clk_in   ; None                        ; None                      ; 6.564 ns                ;
; N/A                                     ; 146.95 MHz ( period = 6.805 ns )                    ; paddle2_ctrl:paddle2_ctrl_inst|count_clk[11]          ; paddle1_ctrl:paddle1_ctrl_inst|y_paddle_internal[25] ; clk_in     ; clk_in   ; None                        ; None                      ; 6.590 ns                ;
; N/A                                     ; 147.06 MHz ( period = 6.800 ns )                    ; paddle2_ctrl:paddle2_ctrl_inst|count_clk[8]           ; paddle1_ctrl:paddle1_ctrl_inst|y_paddle_internal[29] ; clk_in     ; clk_in   ; None                        ; None                      ; 6.587 ns                ;
; N/A                                     ; 147.06 MHz ( period = 6.800 ns )                    ; vga_controller:vga_controller_inst|v_pos_internal[3]  ; paddle2_ctrl:paddle2_ctrl_inst|dispPaddle2           ; clk_in     ; clk_in   ; None                        ; None                      ; 3.018 ns                ;
; N/A                                     ; 147.15 MHz ( period = 6.796 ns )                    ; uart_receiver:uart_receiver_inst|output_byte[3]       ; paddle1_ctrl:paddle1_ctrl_inst|y_paddle_internal[26] ; clk_in     ; clk_in   ; None                        ; None                      ; 6.551 ns                ;
; N/A                                     ; 147.25 MHz ( period = 6.791 ns )                    ; paddle2_ctrl:paddle2_ctrl_inst|y_paddle_internal[6]   ; paddle2_ctrl:paddle2_ctrl_inst|dispPaddle2           ; clk_in     ; clk_in   ; None                        ; None                      ; 6.585 ns                ;
; N/A                                     ; 147.30 MHz ( period = 6.789 ns )                    ; paddle2_ctrl:paddle2_ctrl_inst|count_clk[9]           ; paddle1_ctrl:paddle1_ctrl_inst|y_paddle_internal[28] ; clk_in     ; clk_in   ; None                        ; None                      ; 6.574 ns                ;
; N/A                                     ; 147.34 MHz ( period = 6.787 ns )                    ; uart_receiver:uart_receiver_inst|output_byte[5]       ; paddle1_ctrl:paddle1_ctrl_inst|y_paddle_internal[29] ; clk_in     ; clk_in   ; None                        ; None                      ; 6.542 ns                ;
; N/A                                     ; 147.36 MHz ( period = 6.786 ns )                    ; uart_receiver:uart_receiver_inst|output_byte[7]       ; paddle1_ctrl:paddle1_ctrl_inst|y_paddle_internal[27] ; clk_in     ; clk_in   ; None                        ; None                      ; 6.541 ns                ;
; N/A                                     ; 147.36 MHz ( period = 6.786 ns )                    ; uart_receiver:uart_receiver_inst|output_byte[4]       ; paddle1_ctrl:paddle1_ctrl_inst|y_paddle_internal[22] ; clk_in     ; clk_in   ; None                        ; None                      ; 6.541 ns                ;
; N/A                                     ; 147.41 MHz ( period = 6.784 ns )                    ; paddle2_ctrl:paddle2_ctrl_inst|count_clk[1]           ; paddle1_ctrl:paddle1_ctrl_inst|y_paddle_internal[22] ; clk_in     ; clk_in   ; None                        ; None                      ; 6.569 ns                ;
; N/A                                     ; 147.43 MHz ( period = 6.783 ns )                    ; uart_receiver:uart_receiver_inst|output_byte[1]       ; paddle1_ctrl:paddle1_ctrl_inst|y_paddle_internal[31] ; clk_in     ; clk_in   ; None                        ; None                      ; 6.538 ns                ;
; N/A                                     ; 147.49 MHz ( period = 6.780 ns )                    ; paddle2_ctrl:paddle2_ctrl_inst|count_clk[15]          ; paddle1_ctrl:paddle1_ctrl_inst|y_paddle_internal[27] ; clk_in     ; clk_in   ; None                        ; None                      ; 6.565 ns                ;
; N/A                                     ; 147.51 MHz ( period = 6.779 ns )                    ; paddle2_ctrl:paddle2_ctrl_inst|count_clk[2]           ; paddle2_ctrl:paddle2_ctrl_inst|y_paddle_internal[30] ; clk_in     ; clk_in   ; None                        ; None                      ; 6.574 ns                ;
; N/A                                     ; 147.54 MHz ( period = 6.778 ns )                    ; paddle2_ctrl:paddle2_ctrl_inst|count_clk[14]          ; paddle1_ctrl:paddle1_ctrl_inst|y_paddle_internal[31] ; clk_in     ; clk_in   ; None                        ; None                      ; 6.563 ns                ;
; N/A                                     ; 147.54 MHz ( period = 6.778 ns )                    ; paddle2_ctrl:paddle2_ctrl_inst|count_clk[26]          ; paddle1_ctrl:paddle1_ctrl_inst|y_paddle_internal[24] ; clk_in     ; clk_in   ; None                        ; None                      ; 6.559 ns                ;
; N/A                                     ; 147.56 MHz ( period = 6.777 ns )                    ; paddle2_ctrl:paddle2_ctrl_inst|count_clk[22]          ; paddle1_ctrl:paddle1_ctrl_inst|y_paddle_internal[30] ; clk_in     ; clk_in   ; None                        ; None                      ; 6.558 ns                ;
; N/A                                     ; 147.62 MHz ( period = 6.774 ns )                    ; paddle2_ctrl:paddle2_ctrl_inst|count_clk[24]          ; paddle1_ctrl:paddle1_ctrl_inst|y_paddle_internal[26] ; clk_in     ; clk_in   ; None                        ; None                      ; 6.555 ns                ;
; N/A                                     ; 147.73 MHz ( period = 6.769 ns )                    ; paddle2_ctrl:paddle2_ctrl_inst|count_clk[20]          ; paddle1_ctrl:paddle1_ctrl_inst|y_paddle_internal[31] ; clk_in     ; clk_in   ; None                        ; None                      ; 6.550 ns                ;
; N/A                                     ; 147.75 MHz ( period = 6.768 ns )                    ; paddle2_ctrl:paddle2_ctrl_inst|count_clk[25]          ; paddle1_ctrl:paddle1_ctrl_inst|y_paddle_internal[28] ; clk_in     ; clk_in   ; None                        ; None                      ; 6.549 ns                ;
; N/A                                     ; 147.80 MHz ( period = 6.766 ns )                    ; paddle2_ctrl:paddle2_ctrl_inst|count_clk[31]          ; paddle1_ctrl:paddle1_ctrl_inst|y_paddle_internal[29] ; clk_in     ; clk_in   ; None                        ; None                      ; 6.547 ns                ;
; N/A                                     ; 147.84 MHz ( period = 6.764 ns )                    ; paddle2_ctrl:paddle2_ctrl_inst|count_clk[0]           ; paddle1_ctrl:paddle1_ctrl_inst|y_paddle_internal[28] ; clk_in     ; clk_in   ; None                        ; None                      ; 6.547 ns                ;
; N/A                                     ; 147.84 MHz ( period = 6.764 ns )                    ; paddle2_ctrl:paddle2_ctrl_inst|count_clk[10]          ; paddle1_ctrl:paddle1_ctrl_inst|y_paddle_internal[26] ; clk_in     ; clk_in   ; None                        ; None                      ; 6.551 ns                ;
; N/A                                     ; 147.95 MHz ( period = 6.759 ns )                    ; paddle2_ctrl:paddle2_ctrl_inst|count_clk[23]          ; paddle1_ctrl:paddle1_ctrl_inst|y_paddle_internal[30] ; clk_in     ; clk_in   ; None                        ; None                      ; 6.540 ns                ;
; N/A                                     ; 147.95 MHz ( period = 6.759 ns )                    ; paddle2_ctrl:paddle2_ctrl_inst|count_clk[27]          ; paddle1_ctrl:paddle1_ctrl_inst|y_paddle_internal[28] ; clk_in     ; clk_in   ; None                        ; None                      ; 6.540 ns                ;
; N/A                                     ; 147.95 MHz ( period = 6.759 ns )                    ; paddle1_ctrl:paddle1_ctrl_inst|y_paddle_internal[2]   ; gameCtrl_FSM:gameCtrl_FSM_inst|fsm.scoreP2           ; clk_in     ; clk_in   ; None                        ; None                      ; 6.564 ns                ;
; N/A                                     ; 147.97 MHz ( period = 6.758 ns )                    ; paddle2_ctrl:paddle2_ctrl_inst|count_clk[30]          ; paddle1_ctrl:paddle1_ctrl_inst|y_paddle_internal[27] ; clk_in     ; clk_in   ; None                        ; None                      ; 6.539 ns                ;
; N/A                                     ; 148.02 MHz ( period = 6.756 ns )                    ; paddle2_ctrl:paddle2_ctrl_inst|count_clk[1]           ; paddle2_ctrl:paddle2_ctrl_inst|y_paddle_internal[28] ; clk_in     ; clk_in   ; None                        ; None                      ; 6.551 ns                ;
; N/A                                     ; 148.02 MHz ( period = 6.756 ns )                    ; vga_controller:vga_controller_inst|v_pos_internal[5]  ; ball_ctrl:ball_ctrl_inst|disp_ball                   ; clk_in     ; clk_in   ; None                        ; None                      ; 2.967 ns                ;
; N/A                                     ; 148.04 MHz ( period = 6.755 ns )                    ; paddle2_ctrl:paddle2_ctrl_inst|count_clk[29]          ; paddle1_ctrl:paddle1_ctrl_inst|y_paddle_internal[30] ; clk_in     ; clk_in   ; None                        ; None                      ; 6.536 ns                ;
; N/A                                     ; 148.04 MHz ( period = 6.755 ns )                    ; paddle2_ctrl:paddle2_ctrl_inst|count_clk[17]          ; paddle1_ctrl:paddle1_ctrl_inst|y_paddle_internal[28] ; clk_in     ; clk_in   ; None                        ; None                      ; 6.538 ns                ;
; N/A                                     ; 148.15 MHz ( period = 6.750 ns )                    ; vga_controller:vga_controller_inst|v_pos_internal[6]  ; paddle1_ctrl:paddle1_ctrl_inst|dispPaddle1           ; clk_in     ; clk_in   ; None                        ; None                      ; 2.957 ns                ;
; N/A                                     ; 148.24 MHz ( period = 6.746 ns )                    ; uart_receiver:uart_receiver_inst|output_byte[0]       ; paddle1_ctrl:paddle1_ctrl_inst|y_paddle_internal[20] ; clk_in     ; clk_in   ; None                        ; None                      ; 6.501 ns                ;
; N/A                                     ; 148.32 MHz ( period = 6.742 ns )                    ; paddle2_ctrl:paddle2_ctrl_inst|count_clk[3]           ; paddle1_ctrl:paddle1_ctrl_inst|y_paddle_internal[25] ; clk_in     ; clk_in   ; None                        ; None                      ; 6.527 ns                ;
; N/A                                     ; 148.35 MHz ( period = 6.741 ns )                    ; paddle1_ctrl:paddle1_ctrl_inst|y_paddle_internal[1]   ; gameCtrl_FSM:gameCtrl_FSM_inst|fsm.gameRunning       ; clk_in     ; clk_in   ; None                        ; None                      ; 6.546 ns                ;
; N/A                                     ; 148.37 MHz ( period = 6.740 ns )                    ; uart_receiver:uart_receiver_inst|output_byte[6]       ; paddle1_ctrl:paddle1_ctrl_inst|y_paddle_internal[30] ; clk_in     ; clk_in   ; None                        ; None                      ; 6.495 ns                ;
; N/A                                     ; 148.39 MHz ( period = 6.739 ns )                    ; paddle2_ctrl:paddle2_ctrl_inst|count_clk[28]          ; paddle1_ctrl:paddle1_ctrl_inst|y_paddle_internal[31] ; clk_in     ; clk_in   ; None                        ; None                      ; 6.520 ns                ;
; N/A                                     ; 148.41 MHz ( period = 6.738 ns )                    ; uart_receiver:uart_receiver_inst|output_byte[2]       ; paddle1_ctrl:paddle1_ctrl_inst|y_paddle_internal[27] ; clk_in     ; clk_in   ; None                        ; None                      ; 6.493 ns                ;
; N/A                                     ; 148.43 MHz ( period = 6.737 ns )                    ; paddle2_ctrl:paddle2_ctrl_inst|count_clk[21]          ; paddle1_ctrl:paddle1_ctrl_inst|y_paddle_internal[31] ; clk_in     ; clk_in   ; None                        ; None                      ; 6.520 ns                ;
; N/A                                     ; 148.46 MHz ( period = 6.736 ns )                    ; paddle2_ctrl:paddle2_ctrl_inst|count_clk[2]           ; paddle1_ctrl:paddle1_ctrl_inst|y_paddle_internal[23] ; clk_in     ; clk_in   ; None                        ; None                      ; 6.521 ns                ;
; N/A                                     ; 148.46 MHz ( period = 6.736 ns )                    ; paddle1_ctrl:paddle1_ctrl_inst|y_paddle_internal[2]   ; gameCtrl_FSM:gameCtrl_FSM_inst|fsm.scoreP1           ; clk_in     ; clk_in   ; None                        ; None                      ; 6.541 ns                ;
; N/A                                     ; 148.50 MHz ( period = 6.734 ns )                    ; paddle2_ctrl:paddle2_ctrl_inst|count_clk[11]          ; paddle1_ctrl:paddle1_ctrl_inst|y_paddle_internal[24] ; clk_in     ; clk_in   ; None                        ; None                      ; 6.519 ns                ;
; N/A                                     ; 148.61 MHz ( period = 6.729 ns )                    ; paddle2_ctrl:paddle2_ctrl_inst|count_clk[8]           ; paddle1_ctrl:paddle1_ctrl_inst|y_paddle_internal[28] ; clk_in     ; clk_in   ; None                        ; None                      ; 6.516 ns                ;
; N/A                                     ; 148.65 MHz ( period = 6.727 ns )                    ; paddle2_ctrl:paddle2_ctrl_inst|count_clk[26]          ; paddle2_ctrl:paddle2_ctrl_inst|y_paddle_internal[31] ; clk_in     ; clk_in   ; None                        ; None                      ; 6.518 ns                ;
; N/A                                     ; 148.70 MHz ( period = 6.725 ns )                    ; uart_receiver:uart_receiver_inst|output_byte[3]       ; paddle1_ctrl:paddle1_ctrl_inst|y_paddle_internal[25] ; clk_in     ; clk_in   ; None                        ; None                      ; 6.480 ns                ;
; N/A                                     ; 148.85 MHz ( period = 6.718 ns )                    ; paddle2_ctrl:paddle2_ctrl_inst|count_clk[9]           ; paddle1_ctrl:paddle1_ctrl_inst|y_paddle_internal[27] ; clk_in     ; clk_in   ; None                        ; None                      ; 6.503 ns                ;
; N/A                                     ; 148.90 MHz ( period = 6.716 ns )                    ; uart_receiver:uart_receiver_inst|output_byte[5]       ; paddle1_ctrl:paddle1_ctrl_inst|y_paddle_internal[28] ; clk_in     ; clk_in   ; None                        ; None                      ; 6.471 ns                ;
; N/A                                     ; 148.92 MHz ( period = 6.715 ns )                    ; uart_receiver:uart_receiver_inst|output_byte[7]       ; paddle1_ctrl:paddle1_ctrl_inst|y_paddle_internal[26] ; clk_in     ; clk_in   ; None                        ; None                      ; 6.470 ns                ;
; N/A                                     ; 148.92 MHz ( period = 6.715 ns )                    ; uart_receiver:uart_receiver_inst|output_byte[4]       ; paddle1_ctrl:paddle1_ctrl_inst|y_paddle_internal[21] ; clk_in     ; clk_in   ; None                        ; None                      ; 6.470 ns                ;
; N/A                                     ; 148.96 MHz ( period = 6.713 ns )                    ; paddle2_ctrl:paddle2_ctrl_inst|count_clk[1]           ; paddle1_ctrl:paddle1_ctrl_inst|y_paddle_internal[21] ; clk_in     ; clk_in   ; None                        ; None                      ; 6.498 ns                ;
; N/A                                     ; 148.99 MHz ( period = 6.712 ns )                    ; uart_receiver:uart_receiver_inst|output_byte[1]       ; paddle1_ctrl:paddle1_ctrl_inst|y_paddle_internal[30] ; clk_in     ; clk_in   ; None                        ; None                      ; 6.467 ns                ;
; Timing analysis restricted to 200 rows. ; To change the limit use Settings (Assignments menu) ;                                                       ;                                                      ;            ;          ;                             ;                           ;                         ;
+-----------------------------------------+-----------------------------------------------------+-------------------------------------------------------+------------------------------------------------------+------------+----------+-----------------------------+---------------------------+-------------------------+


+-------------------------------------------------------------------------------------------------------------------------------------------------------------------------------------------+
; tsu                                                                                                                                                                                       ;
+-----------------------------------------+-----------------------------------------------------+------------+------------+------------------------------------------------------+----------+
; Slack                                   ; Required tsu                                        ; Actual tsu ; From       ; To                                                   ; To Clock ;
+-----------------------------------------+-----------------------------------------------------+------------+------------+------------------------------------------------------+----------+
; N/A                                     ; None                                                ; 4.845 ns   ; paddledwn2 ; debounce_pb:debounce_paddledwn2|clk_counter[14]      ; clk_in   ;
; N/A                                     ; None                                                ; 4.845 ns   ; paddledwn2 ; debounce_pb:debounce_paddledwn2|clk_counter[13]      ; clk_in   ;
; N/A                                     ; None                                                ; 4.845 ns   ; paddledwn2 ; debounce_pb:debounce_paddledwn2|clk_counter[15]      ; clk_in   ;
; N/A                                     ; None                                                ; 4.845 ns   ; paddledwn2 ; debounce_pb:debounce_paddledwn2|clk_counter[12]      ; clk_in   ;
; N/A                                     ; None                                                ; 4.845 ns   ; paddledwn2 ; debounce_pb:debounce_paddledwn2|clk_counter[10]      ; clk_in   ;
; N/A                                     ; None                                                ; 4.845 ns   ; paddledwn2 ; debounce_pb:debounce_paddledwn2|clk_counter[11]      ; clk_in   ;
; N/A                                     ; None                                                ; 4.845 ns   ; paddledwn2 ; debounce_pb:debounce_paddledwn2|clk_counter[9]       ; clk_in   ;
; N/A                                     ; None                                                ; 4.845 ns   ; paddledwn2 ; debounce_pb:debounce_paddledwn2|clk_counter[17]      ; clk_in   ;
; N/A                                     ; None                                                ; 4.845 ns   ; paddledwn2 ; debounce_pb:debounce_paddledwn2|clk_counter[18]      ; clk_in   ;
; N/A                                     ; None                                                ; 4.845 ns   ; paddledwn2 ; debounce_pb:debounce_paddledwn2|clk_counter[16]      ; clk_in   ;
; N/A                                     ; None                                                ; 4.739 ns   ; paddleup2  ; debounce_pb:debounce_paddleup2|clk_counter[5]        ; clk_in   ;
; N/A                                     ; None                                                ; 4.739 ns   ; paddleup2  ; debounce_pb:debounce_paddleup2|clk_counter[8]        ; clk_in   ;
; N/A                                     ; None                                                ; 4.739 ns   ; paddleup2  ; debounce_pb:debounce_paddleup2|clk_counter[3]        ; clk_in   ;
; N/A                                     ; None                                                ; 4.739 ns   ; paddleup2  ; debounce_pb:debounce_paddleup2|clk_counter[4]        ; clk_in   ;
; N/A                                     ; None                                                ; 4.739 ns   ; paddleup2  ; debounce_pb:debounce_paddleup2|clk_counter[7]        ; clk_in   ;
; N/A                                     ; None                                                ; 4.739 ns   ; paddleup2  ; debounce_pb:debounce_paddleup2|clk_counter[6]        ; clk_in   ;
; N/A                                     ; None                                                ; 4.739 ns   ; paddleup2  ; debounce_pb:debounce_paddleup2|clk_counter[0]        ; clk_in   ;
; N/A                                     ; None                                                ; 4.739 ns   ; paddleup2  ; debounce_pb:debounce_paddleup2|clk_counter[1]        ; clk_in   ;
; N/A                                     ; None                                                ; 4.739 ns   ; paddleup2  ; debounce_pb:debounce_paddleup2|clk_counter[2]        ; clk_in   ;
; N/A                                     ; None                                                ; 4.455 ns   ; paddleup2  ; debounce_pb:debounce_paddleup2|clk_counter[13]       ; clk_in   ;
; N/A                                     ; None                                                ; 4.455 ns   ; paddleup2  ; debounce_pb:debounce_paddleup2|clk_counter[14]       ; clk_in   ;
; N/A                                     ; None                                                ; 4.455 ns   ; paddleup2  ; debounce_pb:debounce_paddleup2|clk_counter[15]       ; clk_in   ;
; N/A                                     ; None                                                ; 4.455 ns   ; paddleup2  ; debounce_pb:debounce_paddleup2|clk_counter[17]       ; clk_in   ;
; N/A                                     ; None                                                ; 4.455 ns   ; paddleup2  ; debounce_pb:debounce_paddleup2|clk_counter[16]       ; clk_in   ;
; N/A                                     ; None                                                ; 4.455 ns   ; paddleup2  ; debounce_pb:debounce_paddleup2|clk_counter[18]       ; clk_in   ;
; N/A                                     ; None                                                ; 4.455 ns   ; paddleup2  ; debounce_pb:debounce_paddleup2|clk_counter[9]        ; clk_in   ;
; N/A                                     ; None                                                ; 4.455 ns   ; paddleup2  ; debounce_pb:debounce_paddleup2|clk_counter[11]       ; clk_in   ;
; N/A                                     ; None                                                ; 4.455 ns   ; paddleup2  ; debounce_pb:debounce_paddleup2|clk_counter[12]       ; clk_in   ;
; N/A                                     ; None                                                ; 4.455 ns   ; paddleup2  ; debounce_pb:debounce_paddleup2|clk_counter[10]       ; clk_in   ;
; N/A                                     ; None                                                ; 4.402 ns   ; paddledwn2 ; debounce_pb:debounce_paddledwn2|clk_counter[8]       ; clk_in   ;
; N/A                                     ; None                                                ; 4.402 ns   ; paddledwn2 ; debounce_pb:debounce_paddledwn2|clk_counter[5]       ; clk_in   ;
; N/A                                     ; None                                                ; 4.402 ns   ; paddledwn2 ; debounce_pb:debounce_paddledwn2|clk_counter[2]       ; clk_in   ;
; N/A                                     ; None                                                ; 4.402 ns   ; paddledwn2 ; debounce_pb:debounce_paddledwn2|clk_counter[1]       ; clk_in   ;
; N/A                                     ; None                                                ; 4.402 ns   ; paddledwn2 ; debounce_pb:debounce_paddledwn2|clk_counter[0]       ; clk_in   ;
; N/A                                     ; None                                                ; 4.402 ns   ; paddledwn2 ; debounce_pb:debounce_paddledwn2|clk_counter[7]       ; clk_in   ;
; N/A                                     ; None                                                ; 4.402 ns   ; paddledwn2 ; debounce_pb:debounce_paddledwn2|clk_counter[4]       ; clk_in   ;
; N/A                                     ; None                                                ; 4.402 ns   ; paddledwn2 ; debounce_pb:debounce_paddledwn2|clk_counter[3]       ; clk_in   ;
; N/A                                     ; None                                                ; 4.402 ns   ; paddledwn2 ; debounce_pb:debounce_paddledwn2|clk_counter[6]       ; clk_in   ;
; N/A                                     ; None                                                ; 4.324 ns   ; paddleup2  ; debounce_pb:debounce_paddleup2|button_state          ; clk_in   ;
; N/A                                     ; None                                                ; 4.137 ns   ; paddledwn2 ; debounce_pb:debounce_paddledwn2|button_state         ; clk_in   ;
; N/A                                     ; None                                                ; 3.007 ns   ; Rst        ; ball_ctrl:ball_ctrl_inst|ball_x_internal[5]          ; clk_in   ;
; N/A                                     ; None                                                ; 3.007 ns   ; Rst        ; ball_ctrl:ball_ctrl_inst|ball_x_internal[4]          ; clk_in   ;
; N/A                                     ; None                                                ; 3.007 ns   ; Rst        ; ball_ctrl:ball_ctrl_inst|ball_x_internal[1]          ; clk_in   ;
; N/A                                     ; None                                                ; 3.007 ns   ; Rst        ; ball_ctrl:ball_ctrl_inst|ball_x_internal[3]          ; clk_in   ;
; N/A                                     ; None                                                ; 3.007 ns   ; Rst        ; ball_ctrl:ball_ctrl_inst|ball_x_internal[2]          ; clk_in   ;
; N/A                                     ; None                                                ; 2.708 ns   ; Rst        ; ball_ctrl:ball_ctrl_inst|ball_y_p[5]                 ; clk_in   ;
; N/A                                     ; None                                                ; 2.708 ns   ; Rst        ; ball_ctrl:ball_ctrl_inst|ball_x_p[4]                 ; clk_in   ;
; N/A                                     ; None                                                ; 2.708 ns   ; Rst        ; ball_ctrl:ball_ctrl_inst|ball_y_p[4]                 ; clk_in   ;
; N/A                                     ; None                                                ; 2.708 ns   ; Rst        ; ball_ctrl:ball_ctrl_inst|ball_x_p[3]                 ; clk_in   ;
; N/A                                     ; None                                                ; 2.708 ns   ; Rst        ; ball_ctrl:ball_ctrl_inst|ball_y_p[3]                 ; clk_in   ;
; N/A                                     ; None                                                ; 2.708 ns   ; Rst        ; ball_ctrl:ball_ctrl_inst|ball_x_p[2]                 ; clk_in   ;
; N/A                                     ; None                                                ; 2.708 ns   ; Rst        ; ball_ctrl:ball_ctrl_inst|ball_y_p[2]                 ; clk_in   ;
; N/A                                     ; None                                                ; 2.708 ns   ; Rst        ; ball_ctrl:ball_ctrl_inst|ball_x_p[1]                 ; clk_in   ;
; N/A                                     ; None                                                ; 2.708 ns   ; Rst        ; ball_ctrl:ball_ctrl_inst|ball_y_p[0]                 ; clk_in   ;
; N/A                                     ; None                                                ; 2.479 ns   ; Rst        ; ball_ctrl:ball_ctrl_inst|ball_y_internal[0]          ; clk_in   ;
; N/A                                     ; None                                                ; 2.479 ns   ; Rst        ; ball_ctrl:ball_ctrl_inst|ball_y_internal[5]          ; clk_in   ;
; N/A                                     ; None                                                ; 2.479 ns   ; Rst        ; ball_ctrl:ball_ctrl_inst|ball_y_internal[4]          ; clk_in   ;
; N/A                                     ; None                                                ; 2.479 ns   ; Rst        ; ball_ctrl:ball_ctrl_inst|ball_y_internal[3]          ; clk_in   ;
; N/A                                     ; None                                                ; 2.479 ns   ; Rst        ; ball_ctrl:ball_ctrl_inst|ball_y_internal[2]          ; clk_in   ;
; N/A                                     ; None                                                ; 2.479 ns   ; Rst        ; ball_ctrl:ball_ctrl_inst|ball_y_internal[1]          ; clk_in   ;
; N/A                                     ; None                                                ; 2.479 ns   ; Rst        ; ball_ctrl:ball_ctrl_inst|ball_y_p[1]                 ; clk_in   ;
; N/A                                     ; None                                                ; 2.417 ns   ; Rst        ; paddle1_ctrl:paddle1_ctrl_inst|y_paddle_internal[15] ; clk_in   ;
; N/A                                     ; None                                                ; 2.417 ns   ; Rst        ; paddle1_ctrl:paddle1_ctrl_inst|y_paddle_internal[14] ; clk_in   ;
; N/A                                     ; None                                                ; 2.417 ns   ; Rst        ; paddle1_ctrl:paddle1_ctrl_inst|y_paddle_internal[13] ; clk_in   ;
; N/A                                     ; None                                                ; 2.417 ns   ; Rst        ; paddle1_ctrl:paddle1_ctrl_inst|y_paddle_internal[12] ; clk_in   ;
; N/A                                     ; None                                                ; 2.417 ns   ; Rst        ; paddle1_ctrl:paddle1_ctrl_inst|y_paddle_internal[11] ; clk_in   ;
; N/A                                     ; None                                                ; 2.417 ns   ; Rst        ; paddle1_ctrl:paddle1_ctrl_inst|y_paddle_internal[10] ; clk_in   ;
; N/A                                     ; None                                                ; 2.417 ns   ; Rst        ; paddle1_ctrl:paddle1_ctrl_inst|y_paddle_internal[9]  ; clk_in   ;
; N/A                                     ; None                                                ; 2.417 ns   ; Rst        ; paddle1_ctrl:paddle1_ctrl_inst|y_paddle_internal[8]  ; clk_in   ;
; N/A                                     ; None                                                ; 2.417 ns   ; Rst        ; paddle1_ctrl:paddle1_ctrl_inst|y_paddle_internal[7]  ; clk_in   ;
; N/A                                     ; None                                                ; 2.417 ns   ; Rst        ; paddle1_ctrl:paddle1_ctrl_inst|y_paddle_internal[6]  ; clk_in   ;
; N/A                                     ; None                                                ; 2.417 ns   ; Rst        ; paddle1_ctrl:paddle1_ctrl_inst|y_paddle_internal[5]  ; clk_in   ;
; N/A                                     ; None                                                ; 2.417 ns   ; Rst        ; paddle1_ctrl:paddle1_ctrl_inst|y_paddle_internal[4]  ; clk_in   ;
; N/A                                     ; None                                                ; 2.417 ns   ; Rst        ; paddle1_ctrl:paddle1_ctrl_inst|y_paddle_internal[3]  ; clk_in   ;
; N/A                                     ; None                                                ; 2.417 ns   ; Rst        ; paddle1_ctrl:paddle1_ctrl_inst|y_paddle_internal[2]  ; clk_in   ;
; N/A                                     ; None                                                ; 2.417 ns   ; Rst        ; paddle1_ctrl:paddle1_ctrl_inst|y_paddle_internal[1]  ; clk_in   ;
; N/A                                     ; None                                                ; 2.417 ns   ; Rst        ; paddle1_ctrl:paddle1_ctrl_inst|y_paddle_internal[0]  ; clk_in   ;
; N/A                                     ; None                                                ; 2.395 ns   ; Rst        ; paddle1_ctrl:paddle1_ctrl_inst|y_paddle_internal[31] ; clk_in   ;
; N/A                                     ; None                                                ; 2.395 ns   ; Rst        ; paddle1_ctrl:paddle1_ctrl_inst|y_paddle_internal[30] ; clk_in   ;
; N/A                                     ; None                                                ; 2.395 ns   ; Rst        ; paddle1_ctrl:paddle1_ctrl_inst|y_paddle_internal[29] ; clk_in   ;
; N/A                                     ; None                                                ; 2.395 ns   ; Rst        ; paddle1_ctrl:paddle1_ctrl_inst|y_paddle_internal[28] ; clk_in   ;
; N/A                                     ; None                                                ; 2.395 ns   ; Rst        ; paddle1_ctrl:paddle1_ctrl_inst|y_paddle_internal[27] ; clk_in   ;
; N/A                                     ; None                                                ; 2.395 ns   ; Rst        ; paddle1_ctrl:paddle1_ctrl_inst|y_paddle_internal[26] ; clk_in   ;
; N/A                                     ; None                                                ; 2.395 ns   ; Rst        ; paddle1_ctrl:paddle1_ctrl_inst|y_paddle_internal[25] ; clk_in   ;
; N/A                                     ; None                                                ; 2.395 ns   ; Rst        ; paddle1_ctrl:paddle1_ctrl_inst|y_paddle_internal[24] ; clk_in   ;
; N/A                                     ; None                                                ; 2.395 ns   ; Rst        ; paddle1_ctrl:paddle1_ctrl_inst|y_paddle_internal[23] ; clk_in   ;
; N/A                                     ; None                                                ; 2.395 ns   ; Rst        ; paddle1_ctrl:paddle1_ctrl_inst|y_paddle_internal[22] ; clk_in   ;
; N/A                                     ; None                                                ; 2.395 ns   ; Rst        ; paddle1_ctrl:paddle1_ctrl_inst|y_paddle_internal[21] ; clk_in   ;
; N/A                                     ; None                                                ; 2.395 ns   ; Rst        ; paddle1_ctrl:paddle1_ctrl_inst|y_paddle_internal[20] ; clk_in   ;
; N/A                                     ; None                                                ; 2.395 ns   ; Rst        ; paddle1_ctrl:paddle1_ctrl_inst|y_paddle_internal[19] ; clk_in   ;
; N/A                                     ; None                                                ; 2.395 ns   ; Rst        ; paddle1_ctrl:paddle1_ctrl_inst|y_paddle_internal[18] ; clk_in   ;
; N/A                                     ; None                                                ; 2.395 ns   ; Rst        ; paddle1_ctrl:paddle1_ctrl_inst|y_paddle_internal[17] ; clk_in   ;
; N/A                                     ; None                                                ; 2.395 ns   ; Rst        ; paddle1_ctrl:paddle1_ctrl_inst|y_paddle_internal[16] ; clk_in   ;
; N/A                                     ; None                                                ; 2.058 ns   ; Rst        ; ball_ctrl:ball_ctrl_inst|ball_x_p[5]                 ; clk_in   ;
; N/A                                     ; None                                                ; 1.953 ns   ; startGame  ; debounce_pb:debounce_startGame|clk_counter[1]        ; clk_in   ;
; N/A                                     ; None                                                ; 1.953 ns   ; startGame  ; debounce_pb:debounce_startGame|clk_counter[0]        ; clk_in   ;
; N/A                                     ; None                                                ; 1.953 ns   ; startGame  ; debounce_pb:debounce_startGame|clk_counter[2]        ; clk_in   ;
; N/A                                     ; None                                                ; 1.953 ns   ; startGame  ; debounce_pb:debounce_startGame|clk_counter[5]        ; clk_in   ;
; N/A                                     ; None                                                ; 1.953 ns   ; startGame  ; debounce_pb:debounce_startGame|clk_counter[8]        ; clk_in   ;
; N/A                                     ; None                                                ; 1.953 ns   ; startGame  ; debounce_pb:debounce_startGame|clk_counter[3]        ; clk_in   ;
; N/A                                     ; None                                                ; 1.953 ns   ; startGame  ; debounce_pb:debounce_startGame|clk_counter[6]        ; clk_in   ;
; N/A                                     ; None                                                ; 1.953 ns   ; startGame  ; debounce_pb:debounce_startGame|clk_counter[4]        ; clk_in   ;
; N/A                                     ; None                                                ; 1.953 ns   ; startGame  ; debounce_pb:debounce_startGame|clk_counter[7]        ; clk_in   ;
; N/A                                     ; None                                                ; 1.787 ns   ; Rst        ; ball_ctrl:ball_ctrl_inst|count_clk[12]               ; clk_in   ;
; N/A                                     ; None                                                ; 1.787 ns   ; Rst        ; ball_ctrl:ball_ctrl_inst|count_clk[13]               ; clk_in   ;
; N/A                                     ; None                                                ; 1.787 ns   ; Rst        ; ball_ctrl:ball_ctrl_inst|count_clk[11]               ; clk_in   ;
; N/A                                     ; None                                                ; 1.787 ns   ; Rst        ; ball_ctrl:ball_ctrl_inst|count_clk[14]               ; clk_in   ;
; N/A                                     ; None                                                ; 1.787 ns   ; Rst        ; ball_ctrl:ball_ctrl_inst|count_clk[15]               ; clk_in   ;
; N/A                                     ; None                                                ; 1.787 ns   ; Rst        ; ball_ctrl:ball_ctrl_inst|count_clk[10]               ; clk_in   ;
; N/A                                     ; None                                                ; 1.787 ns   ; Rst        ; ball_ctrl:ball_ctrl_inst|count_clk[9]                ; clk_in   ;
; N/A                                     ; None                                                ; 1.787 ns   ; Rst        ; ball_ctrl:ball_ctrl_inst|count_clk[6]                ; clk_in   ;
; N/A                                     ; None                                                ; 1.787 ns   ; Rst        ; ball_ctrl:ball_ctrl_inst|count_clk[8]                ; clk_in   ;
; N/A                                     ; None                                                ; 1.787 ns   ; Rst        ; ball_ctrl:ball_ctrl_inst|count_clk[5]                ; clk_in   ;
; N/A                                     ; None                                                ; 1.787 ns   ; Rst        ; ball_ctrl:ball_ctrl_inst|count_clk[7]                ; clk_in   ;
; N/A                                     ; None                                                ; 1.787 ns   ; Rst        ; ball_ctrl:ball_ctrl_inst|count_clk[4]                ; clk_in   ;
; N/A                                     ; None                                                ; 1.787 ns   ; Rst        ; ball_ctrl:ball_ctrl_inst|count_clk[3]                ; clk_in   ;
; N/A                                     ; None                                                ; 1.787 ns   ; Rst        ; ball_ctrl:ball_ctrl_inst|count_clk[2]                ; clk_in   ;
; N/A                                     ; None                                                ; 1.787 ns   ; Rst        ; ball_ctrl:ball_ctrl_inst|count_clk[1]                ; clk_in   ;
; N/A                                     ; None                                                ; 1.787 ns   ; Rst        ; ball_ctrl:ball_ctrl_inst|count_clk[0]                ; clk_in   ;
; N/A                                     ; None                                                ; 1.777 ns   ; Rst        ; paddle2_ctrl:paddle2_ctrl_inst|y_paddle_internal[15] ; clk_in   ;
; N/A                                     ; None                                                ; 1.777 ns   ; Rst        ; paddle2_ctrl:paddle2_ctrl_inst|y_paddle_internal[14] ; clk_in   ;
; N/A                                     ; None                                                ; 1.777 ns   ; Rst        ; paddle2_ctrl:paddle2_ctrl_inst|y_paddle_internal[13] ; clk_in   ;
; N/A                                     ; None                                                ; 1.777 ns   ; Rst        ; paddle2_ctrl:paddle2_ctrl_inst|y_paddle_internal[12] ; clk_in   ;
; N/A                                     ; None                                                ; 1.777 ns   ; Rst        ; paddle2_ctrl:paddle2_ctrl_inst|y_paddle_internal[11] ; clk_in   ;
; N/A                                     ; None                                                ; 1.777 ns   ; Rst        ; paddle2_ctrl:paddle2_ctrl_inst|y_paddle_internal[10] ; clk_in   ;
; N/A                                     ; None                                                ; 1.777 ns   ; Rst        ; paddle2_ctrl:paddle2_ctrl_inst|y_paddle_internal[9]  ; clk_in   ;
; N/A                                     ; None                                                ; 1.777 ns   ; Rst        ; paddle2_ctrl:paddle2_ctrl_inst|y_paddle_internal[8]  ; clk_in   ;
; N/A                                     ; None                                                ; 1.777 ns   ; Rst        ; paddle2_ctrl:paddle2_ctrl_inst|y_paddle_internal[7]  ; clk_in   ;
; N/A                                     ; None                                                ; 1.777 ns   ; Rst        ; paddle2_ctrl:paddle2_ctrl_inst|y_paddle_internal[6]  ; clk_in   ;
; N/A                                     ; None                                                ; 1.777 ns   ; Rst        ; paddle2_ctrl:paddle2_ctrl_inst|y_paddle_internal[5]  ; clk_in   ;
; N/A                                     ; None                                                ; 1.777 ns   ; Rst        ; paddle2_ctrl:paddle2_ctrl_inst|y_paddle_internal[4]  ; clk_in   ;
; N/A                                     ; None                                                ; 1.777 ns   ; Rst        ; paddle2_ctrl:paddle2_ctrl_inst|y_paddle_internal[3]  ; clk_in   ;
; N/A                                     ; None                                                ; 1.777 ns   ; Rst        ; paddle2_ctrl:paddle2_ctrl_inst|y_paddle_internal[2]  ; clk_in   ;
; N/A                                     ; None                                                ; 1.777 ns   ; Rst        ; paddle2_ctrl:paddle2_ctrl_inst|y_paddle_internal[1]  ; clk_in   ;
; N/A                                     ; None                                                ; 1.777 ns   ; Rst        ; paddle2_ctrl:paddle2_ctrl_inst|y_paddle_internal[0]  ; clk_in   ;
; N/A                                     ; None                                                ; 1.684 ns   ; startGame  ; debounce_pb:debounce_startGame|clk_counter[13]       ; clk_in   ;
; N/A                                     ; None                                                ; 1.684 ns   ; startGame  ; debounce_pb:debounce_startGame|clk_counter[14]       ; clk_in   ;
; N/A                                     ; None                                                ; 1.684 ns   ; startGame  ; debounce_pb:debounce_startGame|clk_counter[16]       ; clk_in   ;
; N/A                                     ; None                                                ; 1.684 ns   ; startGame  ; debounce_pb:debounce_startGame|clk_counter[18]       ; clk_in   ;
; N/A                                     ; None                                                ; 1.684 ns   ; startGame  ; debounce_pb:debounce_startGame|clk_counter[15]       ; clk_in   ;
; N/A                                     ; None                                                ; 1.684 ns   ; startGame  ; debounce_pb:debounce_startGame|clk_counter[17]       ; clk_in   ;
; N/A                                     ; None                                                ; 1.684 ns   ; startGame  ; debounce_pb:debounce_startGame|clk_counter[12]       ; clk_in   ;
; N/A                                     ; None                                                ; 1.684 ns   ; startGame  ; debounce_pb:debounce_startGame|clk_counter[11]       ; clk_in   ;
; N/A                                     ; None                                                ; 1.684 ns   ; startGame  ; debounce_pb:debounce_startGame|clk_counter[9]        ; clk_in   ;
; N/A                                     ; None                                                ; 1.684 ns   ; startGame  ; debounce_pb:debounce_startGame|clk_counter[10]       ; clk_in   ;
; N/A                                     ; None                                                ; 1.680 ns   ; i_serial   ; uart_receiver:uart_receiver_inst|clk_count[6]        ; clk_in   ;
; N/A                                     ; None                                                ; 1.680 ns   ; i_serial   ; uart_receiver:uart_receiver_inst|clk_count[7]        ; clk_in   ;
; N/A                                     ; None                                                ; 1.680 ns   ; i_serial   ; uart_receiver:uart_receiver_inst|clk_count[8]        ; clk_in   ;
; N/A                                     ; None                                                ; 1.680 ns   ; i_serial   ; uart_receiver:uart_receiver_inst|clk_count[14]       ; clk_in   ;
; N/A                                     ; None                                                ; 1.680 ns   ; i_serial   ; uart_receiver:uart_receiver_inst|clk_count[13]       ; clk_in   ;
; N/A                                     ; None                                                ; 1.680 ns   ; i_serial   ; uart_receiver:uart_receiver_inst|clk_count[15]       ; clk_in   ;
; N/A                                     ; None                                                ; 1.680 ns   ; i_serial   ; uart_receiver:uart_receiver_inst|clk_count[12]       ; clk_in   ;
; N/A                                     ; None                                                ; 1.680 ns   ; i_serial   ; uart_receiver:uart_receiver_inst|clk_count[11]       ; clk_in   ;
; N/A                                     ; None                                                ; 1.680 ns   ; i_serial   ; uart_receiver:uart_receiver_inst|clk_count[10]       ; clk_in   ;
; N/A                                     ; None                                                ; 1.680 ns   ; i_serial   ; uart_receiver:uart_receiver_inst|clk_count[9]        ; clk_in   ;
; N/A                                     ; None                                                ; 1.680 ns   ; i_serial   ; uart_receiver:uart_receiver_inst|clk_count[5]        ; clk_in   ;
; N/A                                     ; None                                                ; 1.680 ns   ; i_serial   ; uart_receiver:uart_receiver_inst|clk_count[4]        ; clk_in   ;
; N/A                                     ; None                                                ; 1.680 ns   ; i_serial   ; uart_receiver:uart_receiver_inst|clk_count[1]        ; clk_in   ;
; N/A                                     ; None                                                ; 1.680 ns   ; i_serial   ; uart_receiver:uart_receiver_inst|clk_count[2]        ; clk_in   ;
; N/A                                     ; None                                                ; 1.680 ns   ; i_serial   ; uart_receiver:uart_receiver_inst|clk_count[3]        ; clk_in   ;
; N/A                                     ; None                                                ; 1.680 ns   ; i_serial   ; uart_receiver:uart_receiver_inst|clk_count[0]        ; clk_in   ;
; N/A                                     ; None                                                ; 1.665 ns   ; i_serial   ; uart_receiver:uart_receiver_inst|clk_count[31]       ; clk_in   ;
; N/A                                     ; None                                                ; 1.665 ns   ; i_serial   ; uart_receiver:uart_receiver_inst|clk_count[30]       ; clk_in   ;
; N/A                                     ; None                                                ; 1.665 ns   ; i_serial   ; uart_receiver:uart_receiver_inst|clk_count[29]       ; clk_in   ;
; N/A                                     ; None                                                ; 1.665 ns   ; i_serial   ; uart_receiver:uart_receiver_inst|clk_count[28]       ; clk_in   ;
; N/A                                     ; None                                                ; 1.665 ns   ; i_serial   ; uart_receiver:uart_receiver_inst|clk_count[26]       ; clk_in   ;
; N/A                                     ; None                                                ; 1.665 ns   ; i_serial   ; uart_receiver:uart_receiver_inst|clk_count[27]       ; clk_in   ;
; N/A                                     ; None                                                ; 1.665 ns   ; i_serial   ; uart_receiver:uart_receiver_inst|clk_count[25]       ; clk_in   ;
; N/A                                     ; None                                                ; 1.665 ns   ; i_serial   ; uart_receiver:uart_receiver_inst|clk_count[16]       ; clk_in   ;
; N/A                                     ; None                                                ; 1.665 ns   ; i_serial   ; uart_receiver:uart_receiver_inst|clk_count[19]       ; clk_in   ;
; N/A                                     ; None                                                ; 1.665 ns   ; i_serial   ; uart_receiver:uart_receiver_inst|clk_count[20]       ; clk_in   ;
; N/A                                     ; None                                                ; 1.665 ns   ; i_serial   ; uart_receiver:uart_receiver_inst|clk_count[17]       ; clk_in   ;
; N/A                                     ; None                                                ; 1.665 ns   ; i_serial   ; uart_receiver:uart_receiver_inst|clk_count[18]       ; clk_in   ;
; N/A                                     ; None                                                ; 1.665 ns   ; i_serial   ; uart_receiver:uart_receiver_inst|clk_count[21]       ; clk_in   ;
; N/A                                     ; None                                                ; 1.665 ns   ; i_serial   ; uart_receiver:uart_receiver_inst|clk_count[24]       ; clk_in   ;
; N/A                                     ; None                                                ; 1.665 ns   ; i_serial   ; uart_receiver:uart_receiver_inst|clk_count[22]       ; clk_in   ;
; N/A                                     ; None                                                ; 1.665 ns   ; i_serial   ; uart_receiver:uart_receiver_inst|clk_count[23]       ; clk_in   ;
; N/A                                     ; None                                                ; 1.564 ns   ; Rst        ; ball_ctrl:ball_ctrl_inst|count_clk[31]               ; clk_in   ;
; N/A                                     ; None                                                ; 1.564 ns   ; Rst        ; ball_ctrl:ball_ctrl_inst|count_clk[20]               ; clk_in   ;
; N/A                                     ; None                                                ; 1.564 ns   ; Rst        ; ball_ctrl:ball_ctrl_inst|count_clk[21]               ; clk_in   ;
; N/A                                     ; None                                                ; 1.564 ns   ; Rst        ; ball_ctrl:ball_ctrl_inst|count_clk[19]               ; clk_in   ;
; N/A                                     ; None                                                ; 1.564 ns   ; Rst        ; ball_ctrl:ball_ctrl_inst|count_clk[30]               ; clk_in   ;
; N/A                                     ; None                                                ; 1.564 ns   ; Rst        ; ball_ctrl:ball_ctrl_inst|count_clk[17]               ; clk_in   ;
; N/A                                     ; None                                                ; 1.564 ns   ; Rst        ; ball_ctrl:ball_ctrl_inst|count_clk[18]               ; clk_in   ;
; N/A                                     ; None                                                ; 1.564 ns   ; Rst        ; ball_ctrl:ball_ctrl_inst|count_clk[29]               ; clk_in   ;
; N/A                                     ; None                                                ; 1.564 ns   ; Rst        ; ball_ctrl:ball_ctrl_inst|count_clk[28]               ; clk_in   ;
; N/A                                     ; None                                                ; 1.564 ns   ; Rst        ; ball_ctrl:ball_ctrl_inst|count_clk[26]               ; clk_in   ;
; N/A                                     ; None                                                ; 1.564 ns   ; Rst        ; ball_ctrl:ball_ctrl_inst|count_clk[27]               ; clk_in   ;
; N/A                                     ; None                                                ; 1.564 ns   ; Rst        ; ball_ctrl:ball_ctrl_inst|count_clk[23]               ; clk_in   ;
; N/A                                     ; None                                                ; 1.564 ns   ; Rst        ; ball_ctrl:ball_ctrl_inst|count_clk[24]               ; clk_in   ;
; N/A                                     ; None                                                ; 1.564 ns   ; Rst        ; ball_ctrl:ball_ctrl_inst|count_clk[22]               ; clk_in   ;
; N/A                                     ; None                                                ; 1.564 ns   ; Rst        ; ball_ctrl:ball_ctrl_inst|count_clk[25]               ; clk_in   ;
; N/A                                     ; None                                                ; 1.564 ns   ; Rst        ; ball_ctrl:ball_ctrl_inst|count_clk[16]               ; clk_in   ;
; N/A                                     ; None                                                ; 1.550 ns   ; startGame  ; debounce_pb:debounce_startGame|button_state          ; clk_in   ;
; N/A                                     ; None                                                ; 1.466 ns   ; Rst        ; paddle2_ctrl:paddle2_ctrl_inst|y_paddle_internal[31] ; clk_in   ;
; N/A                                     ; None                                                ; 1.466 ns   ; Rst        ; paddle2_ctrl:paddle2_ctrl_inst|y_paddle_internal[30] ; clk_in   ;
; N/A                                     ; None                                                ; 1.466 ns   ; Rst        ; paddle2_ctrl:paddle2_ctrl_inst|y_paddle_internal[29] ; clk_in   ;
; N/A                                     ; None                                                ; 1.466 ns   ; Rst        ; paddle2_ctrl:paddle2_ctrl_inst|y_paddle_internal[28] ; clk_in   ;
; N/A                                     ; None                                                ; 1.466 ns   ; Rst        ; paddle2_ctrl:paddle2_ctrl_inst|y_paddle_internal[27] ; clk_in   ;
; N/A                                     ; None                                                ; 1.466 ns   ; Rst        ; paddle2_ctrl:paddle2_ctrl_inst|y_paddle_internal[26] ; clk_in   ;
; Timing analysis restricted to 200 rows. ; To change the limit use Settings (Assignments menu) ;            ;            ;                                                      ;          ;
+-----------------------------------------+-----------------------------------------------------+------------+------------+------------------------------------------------------+----------+


+----------------------------------------------------------------------------------------------------------------+
; tco                                                                                                            ;
+-------+--------------+------------+---------------------------------------------------+-----------+------------+
; Slack ; Required tco ; Actual tco ; From                                              ; To        ; From Clock ;
+-------+--------------+------------+---------------------------------------------------+-----------+------------+
; N/A   ; None         ; 12.068 ns  ; ball_ctrl:ball_ctrl_inst|disp_ball                ; dout_r[1] ; clk_in     ;
; N/A   ; None         ; 11.968 ns  ; paddle2_ctrl:paddle2_ctrl_inst|dispPaddle2        ; dout_r[1] ; clk_in     ;
; N/A   ; None         ; 11.756 ns  ; ball_ctrl:ball_ctrl_inst|disp_ball                ; dout_g[0] ; clk_in     ;
; N/A   ; None         ; 11.741 ns  ; ball_ctrl:ball_ctrl_inst|disp_ball                ; dout_r[0] ; clk_in     ;
; N/A   ; None         ; 11.656 ns  ; paddle2_ctrl:paddle2_ctrl_inst|dispPaddle2        ; dout_g[0] ; clk_in     ;
; N/A   ; None         ; 11.641 ns  ; paddle2_ctrl:paddle2_ctrl_inst|dispPaddle2        ; dout_r[0] ; clk_in     ;
; N/A   ; None         ; 11.458 ns  ; ball_ctrl:ball_ctrl_inst|disp_ball                ; dout_b[1] ; clk_in     ;
; N/A   ; None         ; 11.414 ns  ; paddle1_ctrl:paddle1_ctrl_inst|dispPaddle1        ; dout_r[1] ; clk_in     ;
; N/A   ; None         ; 11.358 ns  ; paddle2_ctrl:paddle2_ctrl_inst|dispPaddle2        ; dout_b[1] ; clk_in     ;
; N/A   ; None         ; 11.216 ns  ; ball_ctrl:ball_ctrl_inst|disp_ball                ; dout_r[3] ; clk_in     ;
; N/A   ; None         ; 11.196 ns  ; ball_ctrl:ball_ctrl_inst|disp_ball                ; dout_g[2] ; clk_in     ;
; N/A   ; None         ; 11.116 ns  ; paddle2_ctrl:paddle2_ctrl_inst|dispPaddle2        ; dout_r[3] ; clk_in     ;
; N/A   ; None         ; 11.102 ns  ; paddle1_ctrl:paddle1_ctrl_inst|dispPaddle1        ; dout_g[0] ; clk_in     ;
; N/A   ; None         ; 11.096 ns  ; paddle2_ctrl:paddle2_ctrl_inst|dispPaddle2        ; dout_g[2] ; clk_in     ;
; N/A   ; None         ; 11.091 ns  ; ball_ctrl:ball_ctrl_inst|disp_ball                ; dout_g[3] ; clk_in     ;
; N/A   ; None         ; 11.087 ns  ; paddle1_ctrl:paddle1_ctrl_inst|dispPaddle1        ; dout_r[0] ; clk_in     ;
; N/A   ; None         ; 11.061 ns  ; ball_ctrl:ball_ctrl_inst|disp_ball                ; dout_g[1] ; clk_in     ;
; N/A   ; None         ; 10.991 ns  ; paddle2_ctrl:paddle2_ctrl_inst|dispPaddle2        ; dout_g[3] ; clk_in     ;
; N/A   ; None         ; 10.961 ns  ; paddle2_ctrl:paddle2_ctrl_inst|dispPaddle2        ; dout_g[1] ; clk_in     ;
; N/A   ; None         ; 10.835 ns  ; vga_controller:vga_controller_inst|Hsync          ; HSync     ; clk_in     ;
; N/A   ; None         ; 10.804 ns  ; paddle1_ctrl:paddle1_ctrl_inst|dispPaddle1        ; dout_b[1] ; clk_in     ;
; N/A   ; None         ; 10.755 ns  ; ball_ctrl:ball_ctrl_inst|disp_ball                ; dout_b[3] ; clk_in     ;
; N/A   ; None         ; 10.735 ns  ; ball_ctrl:ball_ctrl_inst|disp_ball                ; dout_b[2] ; clk_in     ;
; N/A   ; None         ; 10.724 ns  ; ball_ctrl:ball_ctrl_inst|disp_ball                ; dout_r[2] ; clk_in     ;
; N/A   ; None         ; 10.655 ns  ; paddle2_ctrl:paddle2_ctrl_inst|dispPaddle2        ; dout_b[3] ; clk_in     ;
; N/A   ; None         ; 10.635 ns  ; paddle2_ctrl:paddle2_ctrl_inst|dispPaddle2        ; dout_b[2] ; clk_in     ;
; N/A   ; None         ; 10.624 ns  ; paddle2_ctrl:paddle2_ctrl_inst|dispPaddle2        ; dout_r[2] ; clk_in     ;
; N/A   ; None         ; 10.562 ns  ; paddle1_ctrl:paddle1_ctrl_inst|dispPaddle1        ; dout_r[3] ; clk_in     ;
; N/A   ; None         ; 10.542 ns  ; paddle1_ctrl:paddle1_ctrl_inst|dispPaddle1        ; dout_g[2] ; clk_in     ;
; N/A   ; None         ; 10.437 ns  ; paddle1_ctrl:paddle1_ctrl_inst|dispPaddle1        ; dout_g[3] ; clk_in     ;
; N/A   ; None         ; 10.412 ns  ; vga_controller:vga_controller_inst|Vsync          ; VSync     ; clk_in     ;
; N/A   ; None         ; 10.407 ns  ; paddle1_ctrl:paddle1_ctrl_inst|dispPaddle1        ; dout_g[1] ; clk_in     ;
; N/A   ; None         ; 10.217 ns  ; ball_ctrl:ball_ctrl_inst|disp_ball                ; dout_b[0] ; clk_in     ;
; N/A   ; None         ; 10.117 ns  ; paddle2_ctrl:paddle2_ctrl_inst|dispPaddle2        ; dout_b[0] ; clk_in     ;
; N/A   ; None         ; 10.101 ns  ; paddle1_ctrl:paddle1_ctrl_inst|dispPaddle1        ; dout_b[3] ; clk_in     ;
; N/A   ; None         ; 10.081 ns  ; paddle1_ctrl:paddle1_ctrl_inst|dispPaddle1        ; dout_b[2] ; clk_in     ;
; N/A   ; None         ; 10.070 ns  ; paddle1_ctrl:paddle1_ctrl_inst|dispPaddle1        ; dout_r[2] ; clk_in     ;
; N/A   ; None         ; 9.563 ns   ; paddle1_ctrl:paddle1_ctrl_inst|dispPaddle1        ; dout_b[0] ; clk_in     ;
; N/A   ; None         ; 8.271 ns   ; displayScore_SSD:displayScore_SSD_p1|hex_value[0] ; seg1[0]   ; clk_in     ;
; N/A   ; None         ; 7.888 ns   ; displayScore_SSD:displayScore_SSD_p2|hex_value[3] ; seg2[3]   ; clk_in     ;
; N/A   ; None         ; 7.708 ns   ; displayScore_SSD:displayScore_SSD_p2|hex_value[2] ; seg2[2]   ; clk_in     ;
; N/A   ; None         ; 7.702 ns   ; displayScore_SSD:displayScore_SSD_p2|hex_value[0] ; seg2[0]   ; clk_in     ;
; N/A   ; None         ; 7.676 ns   ; displayScore_SSD:displayScore_SSD_p2|hex_value[1] ; seg2[1]   ; clk_in     ;
; N/A   ; None         ; 7.604 ns   ; displayScore_SSD:displayScore_SSD_p2|hex_value[4] ; seg2[4]   ; clk_in     ;
; N/A   ; None         ; 7.198 ns   ; displayScore_SSD:displayScore_SSD_p1|hex_value[1] ; seg1[1]   ; clk_in     ;
; N/A   ; None         ; 7.173 ns   ; displayScore_SSD:displayScore_SSD_p2|hex_value[5] ; seg2[5]   ; clk_in     ;
; N/A   ; None         ; 6.978 ns   ; displayScore_SSD:displayScore_SSD_p1|hex_value[4] ; seg1[4]   ; clk_in     ;
; N/A   ; None         ; 6.945 ns   ; displayScore_SSD:displayScore_SSD_p1|hex_value[2] ; seg1[2]   ; clk_in     ;
; N/A   ; None         ; 6.891 ns   ; displayScore_SSD:displayScore_SSD_p1|hex_value[3] ; seg1[3]   ; clk_in     ;
; N/A   ; None         ; 6.884 ns   ; displayScore_SSD:displayScore_SSD_p1|hex_value[5] ; seg1[5]   ; clk_in     ;
+-------+--------------+------------+---------------------------------------------------+-----------+------------+


+---------------------------------------------------------------------+
; tpd                                                                 ;
+-------+-------------------+-----------------+-----------+-----------+
; Slack ; Required P2P Time ; Actual P2P Time ; From      ; To        ;
+-------+-------------------+-----------------+-----------+-----------+
; N/A   ; None              ; 9.724 ns        ; startGame ; dout_r[1] ;
; N/A   ; None              ; 9.412 ns        ; startGame ; dout_g[0] ;
; N/A   ; None              ; 9.397 ns        ; startGame ; dout_r[0] ;
; N/A   ; None              ; 9.114 ns        ; startGame ; dout_b[1] ;
; N/A   ; None              ; 8.872 ns        ; startGame ; dout_r[3] ;
; N/A   ; None              ; 8.852 ns        ; startGame ; dout_g[2] ;
; N/A   ; None              ; 8.747 ns        ; startGame ; dout_g[3] ;
; N/A   ; None              ; 8.717 ns        ; startGame ; dout_g[1] ;
; N/A   ; None              ; 8.411 ns        ; startGame ; dout_b[3] ;
; N/A   ; None              ; 8.391 ns        ; startGame ; dout_b[2] ;
; N/A   ; None              ; 8.380 ns        ; startGame ; dout_r[2] ;
; N/A   ; None              ; 7.873 ns        ; startGame ; dout_b[0] ;
+-------+-------------------+-----------------+-----------+-----------+


+-----------------------------------------------------------------------------------------------------------------------------------------------------------------------------------------+
; th                                                                                                                                                                                      ;
+-----------------------------------------+-----------------------------------------------------+-----------+-----------+------------------------------------------------------+----------+
; Minimum Slack                           ; Required th                                         ; Actual th ; From      ; To                                                   ; To Clock ;
+-----------------------------------------+-----------------------------------------------------+-----------+-----------+------------------------------------------------------+----------+
; N/A                                     ; None                                                ; 0.239 ns  ; i_serial  ; uart_receiver:uart_receiver_inst|output_byte[1]      ; clk_in   ;
; N/A                                     ; None                                                ; 0.237 ns  ; i_serial  ; uart_receiver:uart_receiver_inst|output_byte[7]      ; clk_in   ;
; N/A                                     ; None                                                ; 0.236 ns  ; i_serial  ; uart_receiver:uart_receiver_inst|output_byte[4]      ; clk_in   ;
; N/A                                     ; None                                                ; 0.232 ns  ; i_serial  ; uart_receiver:uart_receiver_inst|output_byte[2]      ; clk_in   ;
; N/A                                     ; None                                                ; 0.232 ns  ; i_serial  ; uart_receiver:uart_receiver_inst|output_byte[3]      ; clk_in   ;
; N/A                                     ; None                                                ; 0.231 ns  ; i_serial  ; uart_receiver:uart_receiver_inst|output_byte[5]      ; clk_in   ;
; N/A                                     ; None                                                ; 0.230 ns  ; i_serial  ; uart_receiver:uart_receiver_inst|output_byte[6]      ; clk_in   ;
; N/A                                     ; None                                                ; 0.229 ns  ; i_serial  ; uart_receiver:uart_receiver_inst|output_byte[0]      ; clk_in   ;
; N/A                                     ; None                                                ; -0.103 ns ; Rst       ; gameCtrl_FSM:gameCtrl_FSM_inst|fsm.gameRunning       ; clk_in   ;
; N/A                                     ; None                                                ; -0.103 ns ; Rst       ; gameCtrl_FSM:gameCtrl_FSM_inst|fsm.clear             ; clk_in   ;
; N/A                                     ; None                                                ; -0.103 ns ; Rst       ; gameCtrl_FSM:gameCtrl_FSM_inst|fsm.scoreP1           ; clk_in   ;
; N/A                                     ; None                                                ; -0.103 ns ; Rst       ; gameCtrl_FSM:gameCtrl_FSM_inst|fsm.scoreP2           ; clk_in   ;
; N/A                                     ; None                                                ; -0.174 ns ; Rst       ; gameCtrl_FSM:gameCtrl_FSM_inst|P2score_internal[31]  ; clk_in   ;
; N/A                                     ; None                                                ; -0.174 ns ; Rst       ; gameCtrl_FSM:gameCtrl_FSM_inst|P2score_internal[0]   ; clk_in   ;
; N/A                                     ; None                                                ; -0.174 ns ; Rst       ; gameCtrl_FSM:gameCtrl_FSM_inst|P2score_internal[1]   ; clk_in   ;
; N/A                                     ; None                                                ; -0.174 ns ; Rst       ; gameCtrl_FSM:gameCtrl_FSM_inst|P2score_internal[2]   ; clk_in   ;
; N/A                                     ; None                                                ; -0.174 ns ; Rst       ; gameCtrl_FSM:gameCtrl_FSM_inst|P2score_internal[3]   ; clk_in   ;
; N/A                                     ; None                                                ; -0.218 ns ; Rst       ; gameCtrl_FSM:gameCtrl_FSM_inst|P2score_internal[23]  ; clk_in   ;
; N/A                                     ; None                                                ; -0.218 ns ; Rst       ; gameCtrl_FSM:gameCtrl_FSM_inst|P2score_internal[22]  ; clk_in   ;
; N/A                                     ; None                                                ; -0.218 ns ; Rst       ; gameCtrl_FSM:gameCtrl_FSM_inst|P2score_internal[21]  ; clk_in   ;
; N/A                                     ; None                                                ; -0.218 ns ; Rst       ; gameCtrl_FSM:gameCtrl_FSM_inst|P2score_internal[20]  ; clk_in   ;
; N/A                                     ; None                                                ; -0.218 ns ; Rst       ; gameCtrl_FSM:gameCtrl_FSM_inst|P2score_internal[17]  ; clk_in   ;
; N/A                                     ; None                                                ; -0.218 ns ; Rst       ; gameCtrl_FSM:gameCtrl_FSM_inst|P2score_internal[18]  ; clk_in   ;
; N/A                                     ; None                                                ; -0.218 ns ; Rst       ; gameCtrl_FSM:gameCtrl_FSM_inst|P2score_internal[19]  ; clk_in   ;
; N/A                                     ; None                                                ; -0.218 ns ; Rst       ; gameCtrl_FSM:gameCtrl_FSM_inst|P2score_internal[16]  ; clk_in   ;
; N/A                                     ; None                                                ; -0.218 ns ; Rst       ; gameCtrl_FSM:gameCtrl_FSM_inst|P2score_internal[13]  ; clk_in   ;
; N/A                                     ; None                                                ; -0.218 ns ; Rst       ; gameCtrl_FSM:gameCtrl_FSM_inst|P2score_internal[15]  ; clk_in   ;
; N/A                                     ; None                                                ; -0.218 ns ; Rst       ; gameCtrl_FSM:gameCtrl_FSM_inst|P2score_internal[14]  ; clk_in   ;
; N/A                                     ; None                                                ; -0.218 ns ; Rst       ; gameCtrl_FSM:gameCtrl_FSM_inst|P2score_internal[12]  ; clk_in   ;
; N/A                                     ; None                                                ; -0.218 ns ; Rst       ; gameCtrl_FSM:gameCtrl_FSM_inst|P2score_internal[11]  ; clk_in   ;
; N/A                                     ; None                                                ; -0.255 ns ; Rst       ; ball_ctrl:ball_ctrl_inst|ball_y_p[5]                 ; clk_in   ;
; N/A                                     ; None                                                ; -0.255 ns ; Rst       ; ball_ctrl:ball_ctrl_inst|ball_y_p[0]                 ; clk_in   ;
; N/A                                     ; None                                                ; -0.257 ns ; i_serial  ; uart_receiver:uart_receiver_inst|fsm_state[0]        ; clk_in   ;
; N/A                                     ; None                                                ; -0.258 ns ; Rst       ; ball_ctrl:ball_ctrl_inst|ball_y_p[3]                 ; clk_in   ;
; N/A                                     ; None                                                ; -0.260 ns ; Rst       ; ball_ctrl:ball_ctrl_inst|ball_y_p[4]                 ; clk_in   ;
; N/A                                     ; None                                                ; -0.261 ns ; Rst       ; ball_ctrl:ball_ctrl_inst|ball_x_p[3]                 ; clk_in   ;
; N/A                                     ; None                                                ; -0.261 ns ; Rst       ; ball_ctrl:ball_ctrl_inst|ball_x_p[2]                 ; clk_in   ;
; N/A                                     ; None                                                ; -0.264 ns ; Rst       ; ball_ctrl:ball_ctrl_inst|ball_x_p[4]                 ; clk_in   ;
; N/A                                     ; None                                                ; -0.299 ns ; startGame ; debounce_pb:debounce_startGame|button_state          ; clk_in   ;
; N/A                                     ; None                                                ; -0.303 ns ; i_serial  ; uart_receiver:uart_receiver_inst|fsm_state[1]        ; clk_in   ;
; N/A                                     ; None                                                ; -0.319 ns ; Rst       ; ball_ctrl:ball_ctrl_inst|ball_x_p[5]                 ; clk_in   ;
; N/A                                     ; None                                                ; -0.341 ns ; Rst       ; gameCtrl_FSM:gameCtrl_FSM_inst|fsm.idle              ; clk_in   ;
; N/A                                     ; None                                                ; -0.374 ns ; Rst       ; ball_ctrl:ball_ctrl_inst|ball_x_p[1]                 ; clk_in   ;
; N/A                                     ; None                                                ; -0.400 ns ; Rst       ; gameCtrl_FSM:gameCtrl_FSM_inst|P2score_internal[29]  ; clk_in   ;
; N/A                                     ; None                                                ; -0.400 ns ; Rst       ; gameCtrl_FSM:gameCtrl_FSM_inst|P2score_internal[28]  ; clk_in   ;
; N/A                                     ; None                                                ; -0.400 ns ; Rst       ; gameCtrl_FSM:gameCtrl_FSM_inst|P2score_internal[30]  ; clk_in   ;
; N/A                                     ; None                                                ; -0.400 ns ; Rst       ; gameCtrl_FSM:gameCtrl_FSM_inst|P2score_internal[27]  ; clk_in   ;
; N/A                                     ; None                                                ; -0.400 ns ; Rst       ; gameCtrl_FSM:gameCtrl_FSM_inst|P2score_internal[26]  ; clk_in   ;
; N/A                                     ; None                                                ; -0.400 ns ; Rst       ; gameCtrl_FSM:gameCtrl_FSM_inst|P2score_internal[25]  ; clk_in   ;
; N/A                                     ; None                                                ; -0.400 ns ; Rst       ; gameCtrl_FSM:gameCtrl_FSM_inst|P2score_internal[24]  ; clk_in   ;
; N/A                                     ; None                                                ; -0.400 ns ; Rst       ; gameCtrl_FSM:gameCtrl_FSM_inst|P2score_internal[6]   ; clk_in   ;
; N/A                                     ; None                                                ; -0.400 ns ; Rst       ; gameCtrl_FSM:gameCtrl_FSM_inst|P2score_internal[4]   ; clk_in   ;
; N/A                                     ; None                                                ; -0.400 ns ; Rst       ; gameCtrl_FSM:gameCtrl_FSM_inst|P2score_internal[7]   ; clk_in   ;
; N/A                                     ; None                                                ; -0.400 ns ; Rst       ; gameCtrl_FSM:gameCtrl_FSM_inst|P2score_internal[5]   ; clk_in   ;
; N/A                                     ; None                                                ; -0.400 ns ; Rst       ; gameCtrl_FSM:gameCtrl_FSM_inst|P2score_internal[8]   ; clk_in   ;
; N/A                                     ; None                                                ; -0.400 ns ; Rst       ; gameCtrl_FSM:gameCtrl_FSM_inst|P2score_internal[9]   ; clk_in   ;
; N/A                                     ; None                                                ; -0.400 ns ; Rst       ; gameCtrl_FSM:gameCtrl_FSM_inst|P2score_internal[10]  ; clk_in   ;
; N/A                                     ; None                                                ; -0.403 ns ; Rst       ; ball_ctrl:ball_ctrl_inst|ball_y_p[2]                 ; clk_in   ;
; N/A                                     ; None                                                ; -0.597 ns ; Rst       ; gameCtrl_FSM:gameCtrl_FSM_inst|P1score_internal[30]  ; clk_in   ;
; N/A                                     ; None                                                ; -0.597 ns ; Rst       ; gameCtrl_FSM:gameCtrl_FSM_inst|P1score_internal[28]  ; clk_in   ;
; N/A                                     ; None                                                ; -0.597 ns ; Rst       ; gameCtrl_FSM:gameCtrl_FSM_inst|P1score_internal[29]  ; clk_in   ;
; N/A                                     ; None                                                ; -0.597 ns ; Rst       ; gameCtrl_FSM:gameCtrl_FSM_inst|P1score_internal[27]  ; clk_in   ;
; N/A                                     ; None                                                ; -0.597 ns ; Rst       ; gameCtrl_FSM:gameCtrl_FSM_inst|P1score_internal[26]  ; clk_in   ;
; N/A                                     ; None                                                ; -0.597 ns ; Rst       ; gameCtrl_FSM:gameCtrl_FSM_inst|P1score_internal[25]  ; clk_in   ;
; N/A                                     ; None                                                ; -0.597 ns ; Rst       ; gameCtrl_FSM:gameCtrl_FSM_inst|P1score_internal[24]  ; clk_in   ;
; N/A                                     ; None                                                ; -0.597 ns ; Rst       ; gameCtrl_FSM:gameCtrl_FSM_inst|P1score_internal[4]   ; clk_in   ;
; N/A                                     ; None                                                ; -0.597 ns ; Rst       ; gameCtrl_FSM:gameCtrl_FSM_inst|P1score_internal[6]   ; clk_in   ;
; N/A                                     ; None                                                ; -0.597 ns ; Rst       ; gameCtrl_FSM:gameCtrl_FSM_inst|P1score_internal[7]   ; clk_in   ;
; N/A                                     ; None                                                ; -0.597 ns ; Rst       ; gameCtrl_FSM:gameCtrl_FSM_inst|P1score_internal[5]   ; clk_in   ;
; N/A                                     ; None                                                ; -0.597 ns ; Rst       ; gameCtrl_FSM:gameCtrl_FSM_inst|P1score_internal[8]   ; clk_in   ;
; N/A                                     ; None                                                ; -0.597 ns ; Rst       ; gameCtrl_FSM:gameCtrl_FSM_inst|P1score_internal[9]   ; clk_in   ;
; N/A                                     ; None                                                ; -0.597 ns ; Rst       ; gameCtrl_FSM:gameCtrl_FSM_inst|P1score_internal[10]  ; clk_in   ;
; N/A                                     ; None                                                ; -0.608 ns ; Rst       ; ball_ctrl:ball_ctrl_inst|ball_y_p[1]                 ; clk_in   ;
; N/A                                     ; None                                                ; -0.885 ns ; Rst       ; gameCtrl_FSM:gameCtrl_FSM_inst|P1score_internal[23]  ; clk_in   ;
; N/A                                     ; None                                                ; -0.885 ns ; Rst       ; gameCtrl_FSM:gameCtrl_FSM_inst|P1score_internal[22]  ; clk_in   ;
; N/A                                     ; None                                                ; -0.885 ns ; Rst       ; gameCtrl_FSM:gameCtrl_FSM_inst|P1score_internal[19]  ; clk_in   ;
; N/A                                     ; None                                                ; -0.885 ns ; Rst       ; gameCtrl_FSM:gameCtrl_FSM_inst|P1score_internal[17]  ; clk_in   ;
; N/A                                     ; None                                                ; -0.885 ns ; Rst       ; gameCtrl_FSM:gameCtrl_FSM_inst|P1score_internal[18]  ; clk_in   ;
; N/A                                     ; None                                                ; -0.885 ns ; Rst       ; gameCtrl_FSM:gameCtrl_FSM_inst|P1score_internal[16]  ; clk_in   ;
; N/A                                     ; None                                                ; -0.885 ns ; Rst       ; gameCtrl_FSM:gameCtrl_FSM_inst|P1score_internal[20]  ; clk_in   ;
; N/A                                     ; None                                                ; -0.885 ns ; Rst       ; gameCtrl_FSM:gameCtrl_FSM_inst|P1score_internal[21]  ; clk_in   ;
; N/A                                     ; None                                                ; -0.885 ns ; Rst       ; gameCtrl_FSM:gameCtrl_FSM_inst|P1score_internal[11]  ; clk_in   ;
; N/A                                     ; None                                                ; -0.885 ns ; Rst       ; gameCtrl_FSM:gameCtrl_FSM_inst|P1score_internal[15]  ; clk_in   ;
; N/A                                     ; None                                                ; -0.885 ns ; Rst       ; gameCtrl_FSM:gameCtrl_FSM_inst|P1score_internal[13]  ; clk_in   ;
; N/A                                     ; None                                                ; -0.885 ns ; Rst       ; gameCtrl_FSM:gameCtrl_FSM_inst|P1score_internal[14]  ; clk_in   ;
; N/A                                     ; None                                                ; -0.885 ns ; Rst       ; gameCtrl_FSM:gameCtrl_FSM_inst|P1score_internal[12]  ; clk_in   ;
; N/A                                     ; None                                                ; -0.901 ns ; Rst       ; gameCtrl_FSM:gameCtrl_FSM_inst|P1score_internal[31]  ; clk_in   ;
; N/A                                     ; None                                                ; -0.901 ns ; Rst       ; gameCtrl_FSM:gameCtrl_FSM_inst|P1score_internal[3]   ; clk_in   ;
; N/A                                     ; None                                                ; -0.901 ns ; Rst       ; gameCtrl_FSM:gameCtrl_FSM_inst|P1score_internal[1]   ; clk_in   ;
; N/A                                     ; None                                                ; -0.901 ns ; Rst       ; gameCtrl_FSM:gameCtrl_FSM_inst|P1score_internal[2]   ; clk_in   ;
; N/A                                     ; None                                                ; -0.901 ns ; Rst       ; gameCtrl_FSM:gameCtrl_FSM_inst|P1score_internal[0]   ; clk_in   ;
; N/A                                     ; None                                                ; -1.236 ns ; Rst       ; paddle2_ctrl:paddle2_ctrl_inst|y_paddle_internal[31] ; clk_in   ;
; N/A                                     ; None                                                ; -1.236 ns ; Rst       ; paddle2_ctrl:paddle2_ctrl_inst|y_paddle_internal[30] ; clk_in   ;
; N/A                                     ; None                                                ; -1.236 ns ; Rst       ; paddle2_ctrl:paddle2_ctrl_inst|y_paddle_internal[29] ; clk_in   ;
; N/A                                     ; None                                                ; -1.236 ns ; Rst       ; paddle2_ctrl:paddle2_ctrl_inst|y_paddle_internal[28] ; clk_in   ;
; N/A                                     ; None                                                ; -1.236 ns ; Rst       ; paddle2_ctrl:paddle2_ctrl_inst|y_paddle_internal[27] ; clk_in   ;
; N/A                                     ; None                                                ; -1.236 ns ; Rst       ; paddle2_ctrl:paddle2_ctrl_inst|y_paddle_internal[26] ; clk_in   ;
; N/A                                     ; None                                                ; -1.236 ns ; Rst       ; paddle2_ctrl:paddle2_ctrl_inst|y_paddle_internal[25] ; clk_in   ;
; N/A                                     ; None                                                ; -1.236 ns ; Rst       ; paddle2_ctrl:paddle2_ctrl_inst|y_paddle_internal[24] ; clk_in   ;
; N/A                                     ; None                                                ; -1.236 ns ; Rst       ; paddle2_ctrl:paddle2_ctrl_inst|y_paddle_internal[23] ; clk_in   ;
; N/A                                     ; None                                                ; -1.236 ns ; Rst       ; paddle2_ctrl:paddle2_ctrl_inst|y_paddle_internal[22] ; clk_in   ;
; N/A                                     ; None                                                ; -1.236 ns ; Rst       ; paddle2_ctrl:paddle2_ctrl_inst|y_paddle_internal[21] ; clk_in   ;
; N/A                                     ; None                                                ; -1.236 ns ; Rst       ; paddle2_ctrl:paddle2_ctrl_inst|y_paddle_internal[20] ; clk_in   ;
; N/A                                     ; None                                                ; -1.236 ns ; Rst       ; paddle2_ctrl:paddle2_ctrl_inst|y_paddle_internal[19] ; clk_in   ;
; N/A                                     ; None                                                ; -1.236 ns ; Rst       ; paddle2_ctrl:paddle2_ctrl_inst|y_paddle_internal[18] ; clk_in   ;
; N/A                                     ; None                                                ; -1.236 ns ; Rst       ; paddle2_ctrl:paddle2_ctrl_inst|y_paddle_internal[17] ; clk_in   ;
; N/A                                     ; None                                                ; -1.236 ns ; Rst       ; paddle2_ctrl:paddle2_ctrl_inst|y_paddle_internal[16] ; clk_in   ;
; N/A                                     ; None                                                ; -1.334 ns ; Rst       ; ball_ctrl:ball_ctrl_inst|count_clk[31]               ; clk_in   ;
; N/A                                     ; None                                                ; -1.334 ns ; Rst       ; ball_ctrl:ball_ctrl_inst|count_clk[20]               ; clk_in   ;
; N/A                                     ; None                                                ; -1.334 ns ; Rst       ; ball_ctrl:ball_ctrl_inst|count_clk[21]               ; clk_in   ;
; N/A                                     ; None                                                ; -1.334 ns ; Rst       ; ball_ctrl:ball_ctrl_inst|count_clk[19]               ; clk_in   ;
; N/A                                     ; None                                                ; -1.334 ns ; Rst       ; ball_ctrl:ball_ctrl_inst|count_clk[30]               ; clk_in   ;
; N/A                                     ; None                                                ; -1.334 ns ; Rst       ; ball_ctrl:ball_ctrl_inst|count_clk[17]               ; clk_in   ;
; N/A                                     ; None                                                ; -1.334 ns ; Rst       ; ball_ctrl:ball_ctrl_inst|count_clk[18]               ; clk_in   ;
; N/A                                     ; None                                                ; -1.334 ns ; Rst       ; ball_ctrl:ball_ctrl_inst|count_clk[29]               ; clk_in   ;
; N/A                                     ; None                                                ; -1.334 ns ; Rst       ; ball_ctrl:ball_ctrl_inst|count_clk[28]               ; clk_in   ;
; N/A                                     ; None                                                ; -1.334 ns ; Rst       ; ball_ctrl:ball_ctrl_inst|count_clk[26]               ; clk_in   ;
; N/A                                     ; None                                                ; -1.334 ns ; Rst       ; ball_ctrl:ball_ctrl_inst|count_clk[27]               ; clk_in   ;
; N/A                                     ; None                                                ; -1.334 ns ; Rst       ; ball_ctrl:ball_ctrl_inst|count_clk[23]               ; clk_in   ;
; N/A                                     ; None                                                ; -1.334 ns ; Rst       ; ball_ctrl:ball_ctrl_inst|count_clk[24]               ; clk_in   ;
; N/A                                     ; None                                                ; -1.334 ns ; Rst       ; ball_ctrl:ball_ctrl_inst|count_clk[22]               ; clk_in   ;
; N/A                                     ; None                                                ; -1.334 ns ; Rst       ; ball_ctrl:ball_ctrl_inst|count_clk[25]               ; clk_in   ;
; N/A                                     ; None                                                ; -1.334 ns ; Rst       ; ball_ctrl:ball_ctrl_inst|count_clk[16]               ; clk_in   ;
; N/A                                     ; None                                                ; -1.435 ns ; i_serial  ; uart_receiver:uart_receiver_inst|clk_count[31]       ; clk_in   ;
; N/A                                     ; None                                                ; -1.435 ns ; i_serial  ; uart_receiver:uart_receiver_inst|clk_count[30]       ; clk_in   ;
; N/A                                     ; None                                                ; -1.435 ns ; i_serial  ; uart_receiver:uart_receiver_inst|clk_count[29]       ; clk_in   ;
; N/A                                     ; None                                                ; -1.435 ns ; i_serial  ; uart_receiver:uart_receiver_inst|clk_count[28]       ; clk_in   ;
; N/A                                     ; None                                                ; -1.435 ns ; i_serial  ; uart_receiver:uart_receiver_inst|clk_count[26]       ; clk_in   ;
; N/A                                     ; None                                                ; -1.435 ns ; i_serial  ; uart_receiver:uart_receiver_inst|clk_count[27]       ; clk_in   ;
; N/A                                     ; None                                                ; -1.435 ns ; i_serial  ; uart_receiver:uart_receiver_inst|clk_count[25]       ; clk_in   ;
; N/A                                     ; None                                                ; -1.435 ns ; i_serial  ; uart_receiver:uart_receiver_inst|clk_count[16]       ; clk_in   ;
; N/A                                     ; None                                                ; -1.435 ns ; i_serial  ; uart_receiver:uart_receiver_inst|clk_count[19]       ; clk_in   ;
; N/A                                     ; None                                                ; -1.435 ns ; i_serial  ; uart_receiver:uart_receiver_inst|clk_count[20]       ; clk_in   ;
; N/A                                     ; None                                                ; -1.435 ns ; i_serial  ; uart_receiver:uart_receiver_inst|clk_count[17]       ; clk_in   ;
; N/A                                     ; None                                                ; -1.435 ns ; i_serial  ; uart_receiver:uart_receiver_inst|clk_count[18]       ; clk_in   ;
; N/A                                     ; None                                                ; -1.435 ns ; i_serial  ; uart_receiver:uart_receiver_inst|clk_count[21]       ; clk_in   ;
; N/A                                     ; None                                                ; -1.435 ns ; i_serial  ; uart_receiver:uart_receiver_inst|clk_count[24]       ; clk_in   ;
; N/A                                     ; None                                                ; -1.435 ns ; i_serial  ; uart_receiver:uart_receiver_inst|clk_count[22]       ; clk_in   ;
; N/A                                     ; None                                                ; -1.435 ns ; i_serial  ; uart_receiver:uart_receiver_inst|clk_count[23]       ; clk_in   ;
; N/A                                     ; None                                                ; -1.450 ns ; i_serial  ; uart_receiver:uart_receiver_inst|clk_count[6]        ; clk_in   ;
; N/A                                     ; None                                                ; -1.450 ns ; i_serial  ; uart_receiver:uart_receiver_inst|clk_count[7]        ; clk_in   ;
; N/A                                     ; None                                                ; -1.450 ns ; i_serial  ; uart_receiver:uart_receiver_inst|clk_count[8]        ; clk_in   ;
; N/A                                     ; None                                                ; -1.450 ns ; i_serial  ; uart_receiver:uart_receiver_inst|clk_count[14]       ; clk_in   ;
; N/A                                     ; None                                                ; -1.450 ns ; i_serial  ; uart_receiver:uart_receiver_inst|clk_count[13]       ; clk_in   ;
; N/A                                     ; None                                                ; -1.450 ns ; i_serial  ; uart_receiver:uart_receiver_inst|clk_count[15]       ; clk_in   ;
; N/A                                     ; None                                                ; -1.450 ns ; i_serial  ; uart_receiver:uart_receiver_inst|clk_count[12]       ; clk_in   ;
; N/A                                     ; None                                                ; -1.450 ns ; i_serial  ; uart_receiver:uart_receiver_inst|clk_count[11]       ; clk_in   ;
; N/A                                     ; None                                                ; -1.450 ns ; i_serial  ; uart_receiver:uart_receiver_inst|clk_count[10]       ; clk_in   ;
; N/A                                     ; None                                                ; -1.450 ns ; i_serial  ; uart_receiver:uart_receiver_inst|clk_count[9]        ; clk_in   ;
; N/A                                     ; None                                                ; -1.450 ns ; i_serial  ; uart_receiver:uart_receiver_inst|clk_count[5]        ; clk_in   ;
; N/A                                     ; None                                                ; -1.450 ns ; i_serial  ; uart_receiver:uart_receiver_inst|clk_count[4]        ; clk_in   ;
; N/A                                     ; None                                                ; -1.450 ns ; i_serial  ; uart_receiver:uart_receiver_inst|clk_count[1]        ; clk_in   ;
; N/A                                     ; None                                                ; -1.450 ns ; i_serial  ; uart_receiver:uart_receiver_inst|clk_count[2]        ; clk_in   ;
; N/A                                     ; None                                                ; -1.450 ns ; i_serial  ; uart_receiver:uart_receiver_inst|clk_count[3]        ; clk_in   ;
; N/A                                     ; None                                                ; -1.450 ns ; i_serial  ; uart_receiver:uart_receiver_inst|clk_count[0]        ; clk_in   ;
; N/A                                     ; None                                                ; -1.454 ns ; startGame ; debounce_pb:debounce_startGame|clk_counter[13]       ; clk_in   ;
; N/A                                     ; None                                                ; -1.454 ns ; startGame ; debounce_pb:debounce_startGame|clk_counter[14]       ; clk_in   ;
; N/A                                     ; None                                                ; -1.454 ns ; startGame ; debounce_pb:debounce_startGame|clk_counter[16]       ; clk_in   ;
; N/A                                     ; None                                                ; -1.454 ns ; startGame ; debounce_pb:debounce_startGame|clk_counter[18]       ; clk_in   ;
; N/A                                     ; None                                                ; -1.454 ns ; startGame ; debounce_pb:debounce_startGame|clk_counter[15]       ; clk_in   ;
; N/A                                     ; None                                                ; -1.454 ns ; startGame ; debounce_pb:debounce_startGame|clk_counter[17]       ; clk_in   ;
; N/A                                     ; None                                                ; -1.454 ns ; startGame ; debounce_pb:debounce_startGame|clk_counter[12]       ; clk_in   ;
; N/A                                     ; None                                                ; -1.454 ns ; startGame ; debounce_pb:debounce_startGame|clk_counter[11]       ; clk_in   ;
; N/A                                     ; None                                                ; -1.454 ns ; startGame ; debounce_pb:debounce_startGame|clk_counter[9]        ; clk_in   ;
; N/A                                     ; None                                                ; -1.454 ns ; startGame ; debounce_pb:debounce_startGame|clk_counter[10]       ; clk_in   ;
; N/A                                     ; None                                                ; -1.547 ns ; Rst       ; paddle2_ctrl:paddle2_ctrl_inst|y_paddle_internal[15] ; clk_in   ;
; N/A                                     ; None                                                ; -1.547 ns ; Rst       ; paddle2_ctrl:paddle2_ctrl_inst|y_paddle_internal[14] ; clk_in   ;
; N/A                                     ; None                                                ; -1.547 ns ; Rst       ; paddle2_ctrl:paddle2_ctrl_inst|y_paddle_internal[13] ; clk_in   ;
; N/A                                     ; None                                                ; -1.547 ns ; Rst       ; paddle2_ctrl:paddle2_ctrl_inst|y_paddle_internal[12] ; clk_in   ;
; N/A                                     ; None                                                ; -1.547 ns ; Rst       ; paddle2_ctrl:paddle2_ctrl_inst|y_paddle_internal[11] ; clk_in   ;
; N/A                                     ; None                                                ; -1.547 ns ; Rst       ; paddle2_ctrl:paddle2_ctrl_inst|y_paddle_internal[10] ; clk_in   ;
; N/A                                     ; None                                                ; -1.547 ns ; Rst       ; paddle2_ctrl:paddle2_ctrl_inst|y_paddle_internal[9]  ; clk_in   ;
; N/A                                     ; None                                                ; -1.547 ns ; Rst       ; paddle2_ctrl:paddle2_ctrl_inst|y_paddle_internal[8]  ; clk_in   ;
; N/A                                     ; None                                                ; -1.547 ns ; Rst       ; paddle2_ctrl:paddle2_ctrl_inst|y_paddle_internal[7]  ; clk_in   ;
; N/A                                     ; None                                                ; -1.547 ns ; Rst       ; paddle2_ctrl:paddle2_ctrl_inst|y_paddle_internal[6]  ; clk_in   ;
; N/A                                     ; None                                                ; -1.547 ns ; Rst       ; paddle2_ctrl:paddle2_ctrl_inst|y_paddle_internal[5]  ; clk_in   ;
; N/A                                     ; None                                                ; -1.547 ns ; Rst       ; paddle2_ctrl:paddle2_ctrl_inst|y_paddle_internal[4]  ; clk_in   ;
; N/A                                     ; None                                                ; -1.547 ns ; Rst       ; paddle2_ctrl:paddle2_ctrl_inst|y_paddle_internal[3]  ; clk_in   ;
; N/A                                     ; None                                                ; -1.547 ns ; Rst       ; paddle2_ctrl:paddle2_ctrl_inst|y_paddle_internal[2]  ; clk_in   ;
; N/A                                     ; None                                                ; -1.547 ns ; Rst       ; paddle2_ctrl:paddle2_ctrl_inst|y_paddle_internal[1]  ; clk_in   ;
; N/A                                     ; None                                                ; -1.547 ns ; Rst       ; paddle2_ctrl:paddle2_ctrl_inst|y_paddle_internal[0]  ; clk_in   ;
; N/A                                     ; None                                                ; -1.557 ns ; Rst       ; ball_ctrl:ball_ctrl_inst|count_clk[12]               ; clk_in   ;
; N/A                                     ; None                                                ; -1.557 ns ; Rst       ; ball_ctrl:ball_ctrl_inst|count_clk[13]               ; clk_in   ;
; N/A                                     ; None                                                ; -1.557 ns ; Rst       ; ball_ctrl:ball_ctrl_inst|count_clk[11]               ; clk_in   ;
; N/A                                     ; None                                                ; -1.557 ns ; Rst       ; ball_ctrl:ball_ctrl_inst|count_clk[14]               ; clk_in   ;
; N/A                                     ; None                                                ; -1.557 ns ; Rst       ; ball_ctrl:ball_ctrl_inst|count_clk[15]               ; clk_in   ;
; N/A                                     ; None                                                ; -1.557 ns ; Rst       ; ball_ctrl:ball_ctrl_inst|count_clk[10]               ; clk_in   ;
; N/A                                     ; None                                                ; -1.557 ns ; Rst       ; ball_ctrl:ball_ctrl_inst|count_clk[9]                ; clk_in   ;
; N/A                                     ; None                                                ; -1.557 ns ; Rst       ; ball_ctrl:ball_ctrl_inst|count_clk[6]                ; clk_in   ;
; N/A                                     ; None                                                ; -1.557 ns ; Rst       ; ball_ctrl:ball_ctrl_inst|count_clk[8]                ; clk_in   ;
; N/A                                     ; None                                                ; -1.557 ns ; Rst       ; ball_ctrl:ball_ctrl_inst|count_clk[5]                ; clk_in   ;
; N/A                                     ; None                                                ; -1.557 ns ; Rst       ; ball_ctrl:ball_ctrl_inst|count_clk[7]                ; clk_in   ;
; N/A                                     ; None                                                ; -1.557 ns ; Rst       ; ball_ctrl:ball_ctrl_inst|count_clk[4]                ; clk_in   ;
; N/A                                     ; None                                                ; -1.557 ns ; Rst       ; ball_ctrl:ball_ctrl_inst|count_clk[3]                ; clk_in   ;
; N/A                                     ; None                                                ; -1.557 ns ; Rst       ; ball_ctrl:ball_ctrl_inst|count_clk[2]                ; clk_in   ;
; N/A                                     ; None                                                ; -1.557 ns ; Rst       ; ball_ctrl:ball_ctrl_inst|count_clk[1]                ; clk_in   ;
; N/A                                     ; None                                                ; -1.557 ns ; Rst       ; ball_ctrl:ball_ctrl_inst|count_clk[0]                ; clk_in   ;
; N/A                                     ; None                                                ; -1.558 ns ; Rst       ; ball_ctrl:ball_ctrl_inst|ball_y_internal[0]          ; clk_in   ;
; N/A                                     ; None                                                ; -1.558 ns ; Rst       ; ball_ctrl:ball_ctrl_inst|ball_y_internal[5]          ; clk_in   ;
; N/A                                     ; None                                                ; -1.558 ns ; Rst       ; ball_ctrl:ball_ctrl_inst|ball_y_internal[4]          ; clk_in   ;
; Timing analysis restricted to 200 rows. ; To change the limit use Settings (Assignments menu) ;           ;           ;                                                      ;          ;
+-----------------------------------------+-----------------------------------------------------+-----------+-----------+------------------------------------------------------+----------+


+--------------------------+
; Timing Analyzer Messages ;
+--------------------------+
Info: *******************************************************************
Info: Running Quartus II Classic Timing Analyzer
    Info: Version 9.1 Build 350 03/24/2010 Service Pack 2 SJ Web Edition
    Info: Processing started: Sat Sep 16 18:39:15 2023
Info: Command: quartus_tan --read_settings_files=off --write_settings_files=off pong-game -c pongTop --timing_analysis_only
Warning: Found pins functioning as undefined clocks and/or memory enables
    Info: Assuming node "clk_in" is an undefined clock
Warning: Found 1 node(s) in clock paths which may be acting as ripple and/or gated clocks -- node(s) analyzed as buffer(s) resulting in clock skew
    Info: Detected ripple clock "vga_controller:vga_controller_inst|clk_25" as buffer
Info: Clock "clk_in" has Internal fmax of 120.76 MHz between source register "vga_controller:vga_controller_inst|h_pos_internal[0]" and destination register "paddle1_ctrl:paddle1_ctrl_inst|dispPaddle1" (period= 8.281 ns)
    Info: + Longest register to register delay is 4.493 ns
        Info: 1: + IC(0.000 ns) + CELL(0.000 ns) = 0.000 ns; Loc. = LCFF_X43_Y23_N15; Fanout = 8; REG Node = 'vga_controller:vga_controller_inst|h_pos_internal[0]'
        Info: 2: + IC(0.864 ns) + CELL(0.414 ns) = 1.278 ns; Loc. = LCCOMB_X42_Y22_N2; Fanout = 1; COMB Node = 'paddle1_ctrl:paddle1_ctrl_inst|LessThan2~2'
        Info: 3: + IC(0.000 ns) + CELL(0.071 ns) = 1.349 ns; Loc. = LCCOMB_X42_Y22_N4; Fanout = 1; COMB Node = 'paddle1_ctrl:paddle1_ctrl_inst|LessThan2~4'
        Info: 4: + IC(0.000 ns) + CELL(0.071 ns) = 1.420 ns; Loc. = LCCOMB_X42_Y22_N6; Fanout = 1; COMB Node = 'paddle1_ctrl:paddle1_ctrl_inst|LessThan2~6'
        Info: 5: + IC(0.000 ns) + CELL(0.071 ns) = 1.491 ns; Loc. = LCCOMB_X42_Y22_N8; Fanout = 1; COMB Node = 'paddle1_ctrl:paddle1_ctrl_inst|LessThan2~8'
        Info: 6: + IC(0.000 ns) + CELL(0.071 ns) = 1.562 ns; Loc. = LCCOMB_X42_Y22_N10; Fanout = 1; COMB Node = 'paddle1_ctrl:paddle1_ctrl_inst|LessThan2~10'
        Info: 7: + IC(0.000 ns) + CELL(0.071 ns) = 1.633 ns; Loc. = LCCOMB_X42_Y22_N12; Fanout = 1; COMB Node = 'paddle1_ctrl:paddle1_ctrl_inst|LessThan2~12'
        Info: 8: + IC(0.000 ns) + CELL(0.159 ns) = 1.792 ns; Loc. = LCCOMB_X42_Y22_N14; Fanout = 1; COMB Node = 'paddle1_ctrl:paddle1_ctrl_inst|LessThan2~14'
        Info: 9: + IC(0.000 ns) + CELL(0.071 ns) = 1.863 ns; Loc. = LCCOMB_X42_Y22_N16; Fanout = 1; COMB Node = 'paddle1_ctrl:paddle1_ctrl_inst|LessThan2~16'
        Info: 10: + IC(0.000 ns) + CELL(0.071 ns) = 1.934 ns; Loc. = LCCOMB_X42_Y22_N18; Fanout = 1; COMB Node = 'paddle1_ctrl:paddle1_ctrl_inst|LessThan2~18'
        Info: 11: + IC(0.000 ns) + CELL(0.071 ns) = 2.005 ns; Loc. = LCCOMB_X42_Y22_N20; Fanout = 1; COMB Node = 'paddle1_ctrl:paddle1_ctrl_inst|LessThan2~20'
        Info: 12: + IC(0.000 ns) + CELL(0.071 ns) = 2.076 ns; Loc. = LCCOMB_X42_Y22_N22; Fanout = 1; COMB Node = 'paddle1_ctrl:paddle1_ctrl_inst|LessThan2~22'
        Info: 13: + IC(0.000 ns) + CELL(0.410 ns) = 2.486 ns; Loc. = LCCOMB_X42_Y22_N24; Fanout = 1; COMB Node = 'paddle1_ctrl:paddle1_ctrl_inst|LessThan2~23'
        Info: 14: + IC(0.719 ns) + CELL(0.275 ns) = 3.480 ns; Loc. = LCCOMB_X41_Y23_N0; Fanout = 1; COMB Node = 'paddle1_ctrl:paddle1_ctrl_inst|LessThan2~25'
        Info: 15: + IC(0.255 ns) + CELL(0.150 ns) = 3.885 ns; Loc. = LCCOMB_X41_Y23_N24; Fanout = 1; COMB Node = 'paddle1_ctrl:paddle1_ctrl_inst|LessThan2~29'
        Info: 16: + IC(0.249 ns) + CELL(0.275 ns) = 4.409 ns; Loc. = LCCOMB_X41_Y23_N8; Fanout = 1; COMB Node = 'paddle1_ctrl:paddle1_ctrl_inst|process_1~2'
        Info: 17: + IC(0.000 ns) + CELL(0.084 ns) = 4.493 ns; Loc. = LCFF_X41_Y23_N9; Fanout = 1; REG Node = 'paddle1_ctrl:paddle1_ctrl_inst|dispPaddle1'
        Info: Total cell delay = 2.406 ns ( 53.55 % )
        Info: Total interconnect delay = 2.087 ns ( 46.45 % )
    Info: - Smallest clock skew is -3.574 ns
        Info: + Shortest clock path from clock "clk_in" to destination register is 2.670 ns
            Info: 1: + IC(0.000 ns) + CELL(0.999 ns) = 0.999 ns; Loc. = PIN_P2; Fanout = 2; CLK Node = 'clk_in'
            Info: 2: + IC(0.118 ns) + CELL(0.000 ns) = 1.117 ns; Loc. = CLKCTRL_G3; Fanout = 370; COMB Node = 'clk_in~clkctrl'
            Info: 3: + IC(1.016 ns) + CELL(0.537 ns) = 2.670 ns; Loc. = LCFF_X41_Y23_N9; Fanout = 1; REG Node = 'paddle1_ctrl:paddle1_ctrl_inst|dispPaddle1'
            Info: Total cell delay = 1.536 ns ( 57.53 % )
            Info: Total interconnect delay = 1.134 ns ( 42.47 % )
        Info: - Longest clock path from clock "clk_in" to source register is 6.244 ns
            Info: 1: + IC(0.000 ns) + CELL(0.999 ns) = 0.999 ns; Loc. = PIN_P2; Fanout = 2; CLK Node = 'clk_in'
            Info: 2: + IC(1.901 ns) + CELL(0.787 ns) = 3.687 ns; Loc. = LCFF_X32_Y2_N1; Fanout = 2; REG Node = 'vga_controller:vga_controller_inst|clk_25'
            Info: 3: + IC(1.015 ns) + CELL(0.000 ns) = 4.702 ns; Loc. = CLKCTRL_G12; Fanout = 66; COMB Node = 'vga_controller:vga_controller_inst|clk_25~clkctrl'
            Info: 4: + IC(1.005 ns) + CELL(0.537 ns) = 6.244 ns; Loc. = LCFF_X43_Y23_N15; Fanout = 8; REG Node = 'vga_controller:vga_controller_inst|h_pos_internal[0]'
            Info: Total cell delay = 2.323 ns ( 37.20 % )
            Info: Total interconnect delay = 3.921 ns ( 62.80 % )
    Info: + Micro clock to output delay of source is 0.250 ns
    Info: + Micro setup delay of destination is -0.036 ns
Info: tsu for register "debounce_pb:debounce_paddledwn2|clk_counter[14]" (data pin = "paddledwn2", clock pin = "clk_in") is 4.845 ns
    Info: + Longest pin to register delay is 7.541 ns
        Info: 1: + IC(0.000 ns) + CELL(0.850 ns) = 0.850 ns; Loc. = PIN_B17; Fanout = 2; PIN Node = 'paddledwn2'
        Info: 2: + IC(5.203 ns) + CELL(0.275 ns) = 6.328 ns; Loc. = LCCOMB_X43_Y26_N2; Fanout = 20; COMB Node = 'debounce_pb:debounce_paddledwn2|process_0~4'
        Info: 3: + IC(0.703 ns) + CELL(0.510 ns) = 7.541 ns; Loc. = LCFF_X43_Y25_N11; Fanout = 4; REG Node = 'debounce_pb:debounce_paddledwn2|clk_counter[14]'
        Info: Total cell delay = 1.635 ns ( 21.68 % )
        Info: Total interconnect delay = 5.906 ns ( 78.32 % )
    Info: + Micro setup delay of destination is -0.036 ns
    Info: - Shortest clock path from clock "clk_in" to destination register is 2.660 ns
        Info: 1: + IC(0.000 ns) + CELL(0.999 ns) = 0.999 ns; Loc. = PIN_P2; Fanout = 2; CLK Node = 'clk_in'
        Info: 2: + IC(0.118 ns) + CELL(0.000 ns) = 1.117 ns; Loc. = CLKCTRL_G3; Fanout = 370; COMB Node = 'clk_in~clkctrl'
        Info: 3: + IC(1.006 ns) + CELL(0.537 ns) = 2.660 ns; Loc. = LCFF_X43_Y25_N11; Fanout = 4; REG Node = 'debounce_pb:debounce_paddledwn2|clk_counter[14]'
        Info: Total cell delay = 1.536 ns ( 57.74 % )
        Info: Total interconnect delay = 1.124 ns ( 42.26 % )
Info: tco from clock "clk_in" to destination pin "dout_r[1]" through register "ball_ctrl:ball_ctrl_inst|disp_ball" is 12.068 ns
    Info: + Longest clock path from clock "clk_in" to source register is 2.674 ns
        Info: 1: + IC(0.000 ns) + CELL(0.999 ns) = 0.999 ns; Loc. = PIN_P2; Fanout = 2; CLK Node = 'clk_in'
        Info: 2: + IC(0.118 ns) + CELL(0.000 ns) = 1.117 ns; Loc. = CLKCTRL_G3; Fanout = 370; COMB Node = 'clk_in~clkctrl'
        Info: 3: + IC(1.020 ns) + CELL(0.537 ns) = 2.674 ns; Loc. = LCFF_X41_Y22_N9; Fanout = 1; REG Node = 'ball_ctrl:ball_ctrl_inst|disp_ball'
        Info: Total cell delay = 1.536 ns ( 57.44 % )
        Info: Total interconnect delay = 1.138 ns ( 42.56 % )
    Info: + Micro clock to output delay of source is 0.250 ns
    Info: + Longest register to pin delay is 9.144 ns
        Info: 1: + IC(0.000 ns) + CELL(0.000 ns) = 0.000 ns; Loc. = LCFF_X41_Y22_N9; Fanout = 1; REG Node = 'ball_ctrl:ball_ctrl_inst|disp_ball'
        Info: 2: + IC(1.306 ns) + CELL(0.438 ns) = 1.744 ns; Loc. = LCCOMB_X34_Y23_N16; Fanout = 12; COMB Node = 'dup4:dup4_inst|dout_r[0]~0'
        Info: 3: + IC(4.642 ns) + CELL(2.758 ns) = 9.144 ns; Loc. = PIN_Y11; Fanout = 0; PIN Node = 'dout_r[1]'
        Info: Total cell delay = 3.196 ns ( 34.95 % )
        Info: Total interconnect delay = 5.948 ns ( 65.05 % )
Info: Longest tpd from source pin "startGame" to destination pin "dout_r[1]" is 9.724 ns
    Info: 1: + IC(0.000 ns) + CELL(0.979 ns) = 0.979 ns; Loc. = PIN_C13; Fanout = 3; PIN Node = 'startGame'
    Info: 2: + IC(1.074 ns) + CELL(0.271 ns) = 2.324 ns; Loc. = LCCOMB_X34_Y23_N16; Fanout = 12; COMB Node = 'dup4:dup4_inst|dout_r[0]~0'
    Info: 3: + IC(4.642 ns) + CELL(2.758 ns) = 9.724 ns; Loc. = PIN_Y11; Fanout = 0; PIN Node = 'dout_r[1]'
    Info: Total cell delay = 4.008 ns ( 41.22 % )
    Info: Total interconnect delay = 5.716 ns ( 58.78 % )
Info: th for register "uart_receiver:uart_receiver_inst|output_byte[1]" (data pin = "i_serial", clock pin = "clk_in") is 0.239 ns
    Info: + Longest clock path from clock "clk_in" to destination register is 2.690 ns
        Info: 1: + IC(0.000 ns) + CELL(0.999 ns) = 0.999 ns; Loc. = PIN_P2; Fanout = 2; CLK Node = 'clk_in'
        Info: 2: + IC(0.118 ns) + CELL(0.000 ns) = 1.117 ns; Loc. = CLKCTRL_G3; Fanout = 370; COMB Node = 'clk_in~clkctrl'
        Info: 3: + IC(1.036 ns) + CELL(0.537 ns) = 2.690 ns; Loc. = LCFF_X31_Y22_N27; Fanout = 3; REG Node = 'uart_receiver:uart_receiver_inst|output_byte[1]'
        Info: Total cell delay = 1.536 ns ( 57.10 % )
        Info: Total interconnect delay = 1.154 ns ( 42.90 % )
    Info: + Micro hold delay of destination is 0.266 ns
    Info: - Shortest pin to register delay is 2.717 ns
        Info: 1: + IC(0.000 ns) + CELL(0.979 ns) = 0.979 ns; Loc. = PIN_D13; Fanout = 11; PIN Node = 'i_serial'
        Info: 2: + IC(1.216 ns) + CELL(0.438 ns) = 2.633 ns; Loc. = LCCOMB_X31_Y22_N26; Fanout = 1; COMB Node = 'uart_receiver:uart_receiver_inst|output_byte[1]~6'
        Info: 3: + IC(0.000 ns) + CELL(0.084 ns) = 2.717 ns; Loc. = LCFF_X31_Y22_N27; Fanout = 3; REG Node = 'uart_receiver:uart_receiver_inst|output_byte[1]'
        Info: Total cell delay = 1.501 ns ( 55.24 % )
        Info: Total interconnect delay = 1.216 ns ( 44.76 % )
Info: Quartus II Classic Timing Analyzer was successful. 0 errors, 2 warnings
    Info: Peak virtual memory: 178 megabytes
    Info: Processing ended: Sat Sep 16 18:39:15 2023
    Info: Elapsed time: 00:00:00
    Info: Total CPU time (on all processors): 00:00:01


