Fitter report for pongTop
Sat Sep 16 18:48:32 2023
Quartus II Version 9.1 Build 350 03/24/2010 Service Pack 2 SJ Web Edition


---------------------
; Table of Contents ;
---------------------
  1. Legal Notice
  2. Fitter Summary
  3. Fitter Settings
  4. Parallel Compilation
  5. I/O Assignment Warnings
  6. Ignored Assignments
  7. Incremental Compilation Preservation Summary
  8. Incremental Compilation Partition Settings
  9. Incremental Compilation Placement Preservation
 10. Pin-Out File
 11. Fitter Resource Usage Summary
 12. Input Pins
 13. Output Pins
 14. Dual Purpose and Dedicated Pins
 15. I/O Bank Usage
 16. All Package Pins
 17. Output Pin Default Load For Reported TCO
 18. Fitter Resource Utilization by Entity
 19. Delay Chain Summary
 20. Pad To Core Delay Chain Fanout
 21. Control Signals
 22. Global & Other Fast Signals
 23. Non-Global High Fan-Out Signals
 24. Interconnect Usage Summary
 25. LAB Logic Elements
 26. LAB-wide Signals
 27. LAB Signals Sourced
 28. LAB Signals Sourced Out
 29. LAB Distinct Inputs
 30. I/O Rules Summary
 31. I/O Rules Details
 32. I/O Rules Matrix
 33. Fitter Device Options
 34. Operating Settings and Conditions
 35. Estimated Delay Added for Hold Timing
 36. Fitter Messages



----------------
; Legal Notice ;
----------------
Copyright (C) 1991-2010 Altera Corporation
Your use of Altera Corporation's design tools, logic functions 
and other software and tools, and its AMPP partner logic 
functions, and any output files from any of the foregoing 
(including device programming or simulation files), and any 
associated documentation or information are expressly subject 
to the terms and conditions of the Altera Program License 
Subscription Agreement, Altera MegaCore Function License 
Agreement, or other applicable license agreement, including, 
without limitation, that your use is for the sole purpose of 
programming logic devices manufactured by Altera and sold by 
Altera or its authorized distributors.  Please refer to the 
applicable agreement for further details.



+-----------------------------------------------------------------------------------+
; Fitter Summary                                                                    ;
+------------------------------------+----------------------------------------------+
; Fitter Status                      ; Successful - Sat Sep 16 18:48:32 2023        ;
; Quartus II Version                 ; 9.1 Build 350 03/24/2010 SP 2 SJ Web Edition ;
; Revision Name                      ; pongTop                                      ;
; Top-level Entity Name              ; pongTop                                      ;
; Family                             ; Cyclone III                                  ;
; Device                             ; EP3C16F484C6                                 ;
; Timing Models                      ; Final                                        ;
; Total logic elements               ; 953 / 15,408 ( 6 % )                         ;
;     Total combinational functions  ; 952 / 15,408 ( 6 % )                         ;
;     Dedicated logic registers      ; 437 / 15,408 ( 3 % )                         ;
; Total registers                    ; 437                                          ;
; Total pins                         ; 34 / 347 ( 10 % )                            ;
; Total virtual pins                 ; 0                                            ;
; Total memory bits                  ; 0 / 516,096 ( 0 % )                          ;
; Embedded Multiplier 9-bit elements ; 0 / 112 ( 0 % )                              ;
; Total PLLs                         ; 0 / 4 ( 0 % )                                ;
+------------------------------------+----------------------------------------------+


+------------------------------------------------------------------------------------------------------------------------------------------+
; Fitter Settings                                                                                                                          ;
+----------------------------------------------------------------------------+---------------------+---------------------------------------+
; Option                                                                     ; Setting             ; Default Value                         ;
+----------------------------------------------------------------------------+---------------------+---------------------------------------+
; Device                                                                     ; EP3C16F484C6        ;                                       ;
; Minimum Core Junction Temperature                                          ; 0                   ;                                       ;
; Maximum Core Junction Temperature                                          ; 85                  ;                                       ;
; Fit Attempts to Skip                                                       ; 0                   ; 0.0                                   ;
; Reserve all unused pins                                                    ; As input tri-stated ; As input tri-stated with weak pull-up ;
; Use smart compilation                                                      ; Off                 ; Off                                   ;
; Enable parallel Assembler and TimeQuest Timing Analyzer during compilation ; On                  ; On                                    ;
; Enable compact report table                                                ; Off                 ; Off                                   ;
; Use TimeQuest Timing Analyzer                                              ; On                  ; On                                    ;
; Router Timing Optimization Level                                           ; Normal              ; Normal                                ;
; Placement Effort Multiplier                                                ; 1.0                 ; 1.0                                   ;
; Router Effort Multiplier                                                   ; 1.0                 ; 1.0                                   ;
; Optimize Hold Timing                                                       ; All Paths           ; All Paths                             ;
; Optimize Multi-Corner Timing                                               ; Off                 ; Off                                   ;
; PowerPlay Power Optimization                                               ; Normal compilation  ; Normal compilation                    ;
; SSN Optimization                                                           ; Off                 ; Off                                   ;
; Optimize Timing                                                            ; Normal compilation  ; Normal compilation                    ;
; Optimize Timing for ECOs                                                   ; Off                 ; Off                                   ;
; Regenerate full fit report during ECO compiles                             ; Off                 ; Off                                   ;
; Optimize IOC Register Placement for Timing                                 ; On                  ; On                                    ;
; Limit to One Fitting Attempt                                               ; Off                 ; Off                                   ;
; Final Placement Optimizations                                              ; Automatically       ; Automatically                         ;
; Fitter Aggressive Routability Optimizations                                ; Automatically       ; Automatically                         ;
; Fitter Initial Placement Seed                                              ; 1                   ; 1                                     ;
; PCI I/O                                                                    ; Off                 ; Off                                   ;
; Weak Pull-Up Resistor                                                      ; Off                 ; Off                                   ;
; Enable Bus-Hold Circuitry                                                  ; Off                 ; Off                                   ;
; Auto Packed Registers                                                      ; Auto                ; Auto                                  ;
; Auto Delay Chains                                                          ; On                  ; On                                    ;
; Allow Single-ended Buffer for Differential-XSTL Input                      ; Off                 ; Off                                   ;
; Treat Bidirectional Pin as Output Pin                                      ; Off                 ; Off                                   ;
; Auto Merge PLLs                                                            ; On                  ; On                                    ;
; Perform Physical Synthesis for Combinational Logic for Fitting             ; Off                 ; Off                                   ;
; Perform Physical Synthesis for Combinational Logic for Performance         ; Off                 ; Off                                   ;
; Perform Register Duplication for Performance                               ; Off                 ; Off                                   ;
; Perform Logic to Memory Mapping for Fitting                                ; Off                 ; Off                                   ;
; Perform Register Retiming for Performance                                  ; Off                 ; Off                                   ;
; Perform Asynchronous Signal Pipelining                                     ; Off                 ; Off                                   ;
; Fitter Effort                                                              ; Auto Fit            ; Auto Fit                              ;
; Physical Synthesis Effort Level                                            ; Normal              ; Normal                                ;
; Logic Cell Insertion - Logic Duplication                                   ; Auto                ; Auto                                  ;
; Auto Register Duplication                                                  ; Auto                ; Auto                                  ;
; Auto Global Clock                                                          ; On                  ; On                                    ;
; Auto Global Register Control Signals                                       ; On                  ; On                                    ;
; Stop After Congestion Map Generation                                       ; Off                 ; Off                                   ;
; Save Intermediate Fitting Results                                          ; Off                 ; Off                                   ;
; Synchronizer Identification                                                ; Off                 ; Off                                   ;
; Enable Beneficial Skew Optimization                                        ; On                  ; On                                    ;
; Optimize Design for Metastability                                          ; On                  ; On                                    ;
; Force Fitter to Avoid Periphery Placement Warnings                         ; Off                 ; Off                                   ;
; Use Best Effort Settings for Compilation                                   ; Off                 ; Off                                   ;
+----------------------------------------------------------------------------+---------------------+---------------------------------------+


Parallel compilation was disabled, but you have multiple processors available. Enable parallel compilation to reduce compilation time.
+-------------------------------------+
; Parallel Compilation                ;
+----------------------------+--------+
; Processors                 ; Number ;
+----------------------------+--------+
; Number detected on machine ; 2      ;
; Maximum allowed            ; 1      ;
+----------------------------+--------+


+--------------------------------------------+
; I/O Assignment Warnings                    ;
+------------+-------------------------------+
; Pin Name   ; Reason                        ;
+------------+-------------------------------+
; HSync      ; Incomplete set of assignments ;
; VSync      ; Incomplete set of assignments ;
; seg1[0]    ; Incomplete set of assignments ;
; seg1[1]    ; Incomplete set of assignments ;
; seg1[2]    ; Incomplete set of assignments ;
; seg1[3]    ; Incomplete set of assignments ;
; seg1[4]    ; Incomplete set of assignments ;
; seg1[5]    ; Incomplete set of assignments ;
; seg1[6]    ; Incomplete set of assignments ;
; seg2[0]    ; Incomplete set of assignments ;
; seg2[1]    ; Incomplete set of assignments ;
; seg2[2]    ; Incomplete set of assignments ;
; seg2[3]    ; Incomplete set of assignments ;
; seg2[4]    ; Incomplete set of assignments ;
; seg2[5]    ; Incomplete set of assignments ;
; seg2[6]    ; Incomplete set of assignments ;
; dout_r[0]  ; Incomplete set of assignments ;
; dout_r[1]  ; Incomplete set of assignments ;
; dout_r[2]  ; Incomplete set of assignments ;
; dout_r[3]  ; Incomplete set of assignments ;
; dout_g[0]  ; Incomplete set of assignments ;
; dout_g[1]  ; Incomplete set of assignments ;
; dout_g[2]  ; Incomplete set of assignments ;
; dout_g[3]  ; Incomplete set of assignments ;
; dout_b[0]  ; Incomplete set of assignments ;
; dout_b[1]  ; Incomplete set of assignments ;
; dout_b[2]  ; Incomplete set of assignments ;
; dout_b[3]  ; Incomplete set of assignments ;
; startGame  ; Incomplete set of assignments ;
; Rst        ; Incomplete set of assignments ;
; clk_in     ; Incomplete set of assignments ;
; i_serial   ; Incomplete set of assignments ;
; paddleup2  ; Incomplete set of assignments ;
; paddledwn2 ; Incomplete set of assignments ;
+------------+-------------------------------+


+----------------------------------------------------------------------------------------+
; Ignored Assignments                                                                    ;
+----------+----------------+--------------+------------+---------------+----------------+
; Name     ; Ignored Entity ; Ignored From ; Ignored To ; Ignored Value ; Ignored Source ;
+----------+----------------+--------------+------------+---------------+----------------+
; Location ;                ;              ; RXD        ; I_SERIAL      ; QSF Assignment ;
+----------+----------------+--------------+------------+---------------+----------------+


+-----------------------------------------------+
; Incremental Compilation Preservation Summary  ;
+-------------------------+---------------------+
; Type                    ; Value               ;
+-------------------------+---------------------+
; Netlist                 ;                     ;
;     -- Requested        ; 0 / 0 ( 0.00 % )    ;
;     -- Achieved         ; 0 / 0 ( 0.00 % )    ;
;                         ;                     ;
; Placement               ;                     ;
;     -- Requested        ; 0 / 1467 ( 0.00 % ) ;
;     -- Achieved         ; 0 / 1467 ( 0.00 % ) ;
;                         ;                     ;
; Routing (by Connection) ;                     ;
;     -- Requested        ; 0 / 0 ( 0.00 % )    ;
;     -- Achieved         ; 0 / 0 ( 0.00 % )    ;
+-------------------------+---------------------+


+--------------------------------------------------------------------------------------------------------------------------------------------------+
; Incremental Compilation Partition Settings                                                                                                       ;
+----------------+----------------+-------------------+-------------------------+------------------------+------------------------------+----------+
; Partition Name ; Partition Type ; Netlist Type Used ; Preservation Level Used ; Netlist Type Requested ; Preservation Level Requested ; Contents ;
+----------------+----------------+-------------------+-------------------------+------------------------+------------------------------+----------+
; Top            ; User-created   ; Source File       ; N/A                     ; Source File            ; N/A                          ;          ;
+----------------+----------------+-------------------+-------------------------+------------------------+------------------------------+----------+


+--------------------------------------------------------------------------------------------+
; Incremental Compilation Placement Preservation                                             ;
+----------------+---------+-------------------+-------------------------+-------------------+
; Partition Name ; # Nodes ; # Preserved Nodes ; Preservation Level Used ; Netlist Type Used ;
+----------------+---------+-------------------+-------------------------+-------------------+
; Top            ; 1467    ; 0                 ; N/A                     ; Source File       ;
+----------------+---------+-------------------+-------------------------+-------------------+


+--------------+
; Pin-Out File ;
+--------------+
The pin-out file can be found in C:/VHDL/pong-game/pongTop.pin.


+--------------------------------------------------------------------+
; Fitter Resource Usage Summary                                      ;
+---------------------------------------------+----------------------+
; Resource                                    ; Usage                ;
+---------------------------------------------+----------------------+
; Total logic elements                        ; 953 / 15,408 ( 6 % ) ;
;     -- Combinational with no register       ; 516                  ;
;     -- Register only                        ; 1                    ;
;     -- Combinational with a register        ; 436                  ;
;                                             ;                      ;
; Logic element usage by number of LUT inputs ;                      ;
;     -- 4 input functions                    ; 296                  ;
;     -- 3 input functions                    ; 214                  ;
;     -- <=2 input functions                  ; 442                  ;
;     -- Register only                        ; 1                    ;
;                                             ;                      ;
; Logic elements by mode                      ;                      ;
;     -- normal mode                          ; 418                  ;
;     -- arithmetic mode                      ; 534                  ;
;                                             ;                      ;
; Total registers*                            ; 437 / 17,068 ( 3 % ) ;
;     -- Dedicated logic registers            ; 437 / 15,408 ( 3 % ) ;
;     -- I/O registers                        ; 0 / 1,660 ( 0 % )    ;
;                                             ;                      ;
; Total LABs:  partially or completely used   ; 77 / 963 ( 8 % )     ;
; User inserted logic elements                ; 0                    ;
; Virtual pins                                ; 0                    ;
; I/O pins                                    ; 34 / 347 ( 10 % )    ;
;     -- Clock pins                           ; 1 / 8 ( 13 % )       ;
;     -- Dedicated input pins                 ; 0 / 9 ( 0 % )        ;
; Global signals                              ; 2                    ;
; M9Ks                                        ; 0 / 56 ( 0 % )       ;
; Total block memory bits                     ; 0 / 516,096 ( 0 % )  ;
; Total block memory implementation bits      ; 0 / 516,096 ( 0 % )  ;
; Embedded Multiplier 9-bit elements          ; 0 / 112 ( 0 % )      ;
; PLLs                                        ; 0 / 4 ( 0 % )        ;
; Global clocks                               ; 2 / 20 ( 10 % )      ;
; JTAGs                                       ; 0 / 1 ( 0 % )        ;
; CRC blocks                                  ; 0 / 1 ( 0 % )        ;
; ASMI blocks                                 ; 0 / 1 ( 0 % )        ;
; Impedance control blocks                    ; 0 / 4 ( 0 % )        ;
; Average interconnect usage (total/H/V)      ; 1% / 1% / 1%         ;
; Peak interconnect usage (total/H/V)         ; 7% / 6% / 7%         ;
; Maximum fan-out node                        ; clk_in~inputclkctrl  ;
; Maximum fan-out                             ; 371                  ;
; Highest non-global fan-out signal           ; Rst~input            ;
; Highest non-global fan-out                  ; 150                  ;
; Total fan-out                               ; 4235                 ;
; Average fan-out                             ; 2.88                 ;
+---------------------------------------------+----------------------+
*  Register count does not include registers inside RAM blocks or DSP blocks.



+---------------------------------------------------------------------------------------------------------------------------------------------------------------------------------------------------------------------------------------------------------------------------------+
; Input Pins                                                                                                                                                                                                                                                                      ;
+------------+-------+----------+--------------+--------------+--------------+-----------------------+--------------------+--------+----------------+---------------+-----------------+----------+--------------+--------------+---------------------------+----------------------+
; Name       ; Pin # ; I/O Bank ; X coordinate ; Y coordinate ; Z coordinate ; Combinational Fan-Out ; Registered Fan-Out ; Global ; Input Register ; Power Up High ; PCI I/O Enabled ; Bus Hold ; Weak Pull Up ; I/O Standard ; Termination Control Block ; Location assigned by ;
+------------+-------+----------+--------------+--------------+--------------+-----------------------+--------------------+--------+----------------+---------------+-----------------+----------+--------------+--------------+---------------------------+----------------------+
; Rst        ; H2    ; 1        ; 0            ; 21           ; 7            ; 150                   ; 0                  ; no     ; no             ; no            ; yes             ; no       ; Off          ; 2.5 V        ; --                        ; User                 ;
; clk_in     ; G21   ; 6        ; 41           ; 15           ; 0            ; 371                   ; 0                  ; yes    ; no             ; no            ; yes             ; no       ; Off          ; 2.5 V        ; --                        ; User                 ;
; i_serial   ; AA8   ; 3        ; 16           ; 0            ; 28           ; 11                    ; 0                  ; no     ; no             ; no            ; yes             ; no       ; Off          ; 2.5 V        ; --                        ; Fitter               ;
; paddledwn2 ; F1    ; 1        ; 0            ; 23           ; 0            ; 2                     ; 0                  ; no     ; no             ; no            ; yes             ; no       ; Off          ; 2.5 V        ; --                        ; User                 ;
; paddleup2  ; G3    ; 1        ; 0            ; 23           ; 14           ; 2                     ; 0                  ; no     ; no             ; no            ; yes             ; no       ; Off          ; 2.5 V        ; --                        ; User                 ;
; startGame  ; J6    ; 1        ; 0            ; 24           ; 0            ; 3                     ; 0                  ; no     ; no             ; no            ; yes             ; no       ; Off          ; 2.5 V        ; --                        ; User                 ;
+------------+-------+----------+--------------+--------------+--------------+-----------------------+--------------------+--------+----------------+---------------+-----------------+----------+--------------+--------------+---------------------------+----------------------+


+-------------------------------------------------------------------------------------------------------------------------------------------------------------------------------------------------------------------------------------------------------------------------------------------------------------------------------------------------------------------------------------------------------------------------------------------------------------------+
; Output Pins                                                                                                                                                                                                                                                                                                                                                                                                                                                       ;
+-----------+-------+----------+--------------+--------------+--------------+-----------------+------------------------+---------------+-----------+-----------------+------------+---------------+----------+--------------+--------------+------------------+-----------------------------------+---------------------------+----------------------------+-----------------------------+----------------------+------+----------------------+---------------------+
; Name      ; Pin # ; I/O Bank ; X coordinate ; Y coordinate ; Z coordinate ; Output Register ; Output Enable Register ; Power Up High ; Slew Rate ; PCI I/O Enabled ; Open Drain ; TRI Primitive ; Bus Hold ; Weak Pull Up ; I/O Standard ; Current Strength ; Termination                       ; Termination Control Block ; Output Buffer Pre-emphasis ; Voltage Output Differential ; Location assigned by ; Load ; Output Enable Source ; Output Enable Group ;
+-----------+-------+----------+--------------+--------------+--------------+-----------------+------------------------+---------------+-----------+-----------------+------------+---------------+----------+--------------+--------------+------------------+-----------------------------------+---------------------------+----------------------------+-----------------------------+----------------------+------+----------------------+---------------------+
; HSync     ; L21   ; 6        ; 41           ; 18           ; 14           ; no              ; no                     ; no            ; 2         ; no              ; no         ; no            ; no       ; Off          ; 2.5 V        ; Default          ; Series 50 Ohm without Calibration ; --                        ; no                         ; no                          ; User                 ; 0 pF ; -                    ; -                   ;
; VSync     ; L22   ; 6        ; 41           ; 18           ; 21           ; no              ; no                     ; no            ; 2         ; no              ; no         ; no            ; no       ; Off          ; 2.5 V        ; Default          ; Series 50 Ohm without Calibration ; --                        ; no                         ; no                          ; User                 ; 0 pF ; -                    ; -                   ;
; dout_b[0] ; K22   ; 6        ; 41           ; 19           ; 14           ; no              ; no                     ; no            ; 2         ; no              ; no         ; no            ; no       ; Off          ; 2.5 V        ; Default          ; Series 50 Ohm without Calibration ; --                        ; no                         ; no                          ; User                 ; 0 pF ; -                    ; -                   ;
; dout_b[1] ; K21   ; 6        ; 41           ; 19           ; 7            ; no              ; no                     ; no            ; 2         ; no              ; no         ; no            ; no       ; Off          ; 2.5 V        ; Default          ; Series 50 Ohm without Calibration ; --                        ; no                         ; no                          ; User                 ; 0 pF ; -                    ; -                   ;
; dout_b[2] ; J22   ; 6        ; 41           ; 19           ; 0            ; no              ; no                     ; no            ; 2         ; no              ; no         ; no            ; no       ; Off          ; 2.5 V        ; Default          ; Series 50 Ohm without Calibration ; --                        ; no                         ; no                          ; User                 ; 0 pF ; -                    ; -                   ;
; dout_b[3] ; K18   ; 6        ; 41           ; 21           ; 7            ; no              ; no                     ; no            ; 2         ; no              ; no         ; no            ; no       ; Off          ; 2.5 V        ; Default          ; Series 50 Ohm without Calibration ; --                        ; no                         ; no                          ; User                 ; 0 pF ; -                    ; -                   ;
; dout_g[0] ; H22   ; 6        ; 41           ; 20           ; 0            ; no              ; no                     ; no            ; 2         ; no              ; no         ; no            ; no       ; Off          ; 2.5 V        ; Default          ; Series 50 Ohm without Calibration ; --                        ; no                         ; no                          ; User                 ; 0 pF ; -                    ; -                   ;
; dout_g[1] ; J17   ; 6        ; 41           ; 24           ; 21           ; no              ; no                     ; no            ; 2         ; no              ; no         ; no            ; no       ; Off          ; 2.5 V        ; Default          ; Series 50 Ohm without Calibration ; --                        ; no                         ; no                          ; User                 ; 0 pF ; -                    ; -                   ;
; dout_g[2] ; K17   ; 6        ; 41           ; 21           ; 14           ; no              ; no                     ; no            ; 2         ; no              ; no         ; no            ; no       ; Off          ; 2.5 V        ; Default          ; Series 50 Ohm without Calibration ; --                        ; no                         ; no                          ; User                 ; 0 pF ; -                    ; -                   ;
; dout_g[3] ; J21   ; 6        ; 41           ; 20           ; 21           ; no              ; no                     ; no            ; 2         ; no              ; no         ; no            ; no       ; Off          ; 2.5 V        ; Default          ; Series 50 Ohm without Calibration ; --                        ; no                         ; no                          ; User                 ; 0 pF ; -                    ; -                   ;
; dout_r[0] ; H19   ; 6        ; 41           ; 23           ; 21           ; no              ; no                     ; no            ; 2         ; no              ; no         ; no            ; no       ; Off          ; 2.5 V        ; Default          ; Series 50 Ohm without Calibration ; --                        ; no                         ; no                          ; User                 ; 0 pF ; -                    ; -                   ;
; dout_r[1] ; H17   ; 6        ; 41           ; 25           ; 0            ; no              ; no                     ; no            ; 2         ; no              ; no         ; no            ; no       ; Off          ; 2.5 V        ; Default          ; Series 50 Ohm without Calibration ; --                        ; no                         ; no                          ; User                 ; 0 pF ; -                    ; -                   ;
; dout_r[2] ; H20   ; 6        ; 41           ; 22           ; 0            ; no              ; no                     ; no            ; 2         ; no              ; no         ; no            ; no       ; Off          ; 2.5 V        ; Default          ; Series 50 Ohm without Calibration ; --                        ; no                         ; no                          ; User                 ; 0 pF ; -                    ; -                   ;
; dout_r[3] ; H21   ; 6        ; 41           ; 21           ; 21           ; no              ; no                     ; no            ; 2         ; no              ; no         ; no            ; no       ; Off          ; 2.5 V        ; Default          ; Series 50 Ohm without Calibration ; --                        ; no                         ; no                          ; User                 ; 0 pF ; -                    ; -                   ;
; seg1[0]   ; F13   ; 7        ; 26           ; 29           ; 14           ; no              ; no                     ; no            ; 2         ; no              ; no         ; no            ; no       ; Off          ; 2.5 V        ; Default          ; Series 50 Ohm without Calibration ; --                        ; no                         ; no                          ; User                 ; 0 pF ; -                    ; -                   ;
; seg1[1]   ; F12   ; 7        ; 28           ; 29           ; 21           ; no              ; no                     ; no            ; 2         ; no              ; no         ; no            ; no       ; Off          ; 2.5 V        ; Default          ; Series 50 Ohm without Calibration ; --                        ; no                         ; no                          ; User                 ; 0 pF ; -                    ; -                   ;
; seg1[2]   ; G12   ; 7        ; 26           ; 29           ; 7            ; no              ; no                     ; no            ; 2         ; no              ; no         ; no            ; no       ; Off          ; 2.5 V        ; Default          ; Series 50 Ohm without Calibration ; --                        ; no                         ; no                          ; User                 ; 0 pF ; -                    ; -                   ;
; seg1[3]   ; H13   ; 7        ; 28           ; 29           ; 28           ; no              ; no                     ; no            ; 2         ; no              ; no         ; no            ; no       ; Off          ; 2.5 V        ; Default          ; Series 50 Ohm without Calibration ; --                        ; no                         ; no                          ; User                 ; 0 pF ; -                    ; -                   ;
; seg1[4]   ; H12   ; 7        ; 26           ; 29           ; 0            ; no              ; no                     ; no            ; 2         ; no              ; no         ; no            ; no       ; Off          ; 2.5 V        ; Default          ; Series 50 Ohm without Calibration ; --                        ; no                         ; no                          ; User                 ; 0 pF ; -                    ; -                   ;
; seg1[5]   ; F11   ; 7        ; 21           ; 29           ; 28           ; no              ; no                     ; no            ; 2         ; no              ; no         ; no            ; no       ; Off          ; 2.5 V        ; Default          ; Series 50 Ohm without Calibration ; --                        ; no                         ; no                          ; User                 ; 0 pF ; -                    ; -                   ;
; seg1[6]   ; E11   ; 7        ; 21           ; 29           ; 21           ; no              ; no                     ; no            ; 2         ; no              ; no         ; no            ; no       ; Off          ; 2.5 V        ; Default          ; Series 50 Ohm without Calibration ; --                        ; no                         ; no                          ; User                 ; 0 pF ; -                    ; -                   ;
; seg2[0]   ; G15   ; 7        ; 39           ; 29           ; 28           ; no              ; no                     ; no            ; 2         ; no              ; no         ; no            ; no       ; Off          ; 2.5 V        ; Default          ; Series 50 Ohm without Calibration ; --                        ; no                         ; no                          ; User                 ; 0 pF ; -                    ; -                   ;
; seg2[1]   ; D19   ; 7        ; 37           ; 29           ; 28           ; no              ; no                     ; no            ; 2         ; no              ; no         ; no            ; no       ; Off          ; 2.5 V        ; Default          ; Series 50 Ohm without Calibration ; --                        ; no                         ; no                          ; User                 ; 0 pF ; -                    ; -                   ;
; seg2[2]   ; C19   ; 7        ; 37           ; 29           ; 21           ; no              ; no                     ; no            ; 2         ; no              ; no         ; no            ; no       ; Off          ; 2.5 V        ; Default          ; Series 50 Ohm without Calibration ; --                        ; no                         ; no                          ; User                 ; 0 pF ; -                    ; -                   ;
; seg2[3]   ; B19   ; 7        ; 32           ; 29           ; 0            ; no              ; no                     ; no            ; 2         ; no              ; no         ; no            ; no       ; Off          ; 2.5 V        ; Default          ; Series 50 Ohm without Calibration ; --                        ; no                         ; no                          ; User                 ; 0 pF ; -                    ; -                   ;
; seg2[4]   ; A19   ; 7        ; 32           ; 29           ; 7            ; no              ; no                     ; no            ; 2         ; no              ; no         ; no            ; no       ; Off          ; 2.5 V        ; Default          ; Series 50 Ohm without Calibration ; --                        ; no                         ; no                          ; User                 ; 0 pF ; -                    ; -                   ;
; seg2[5]   ; F15   ; 7        ; 39           ; 29           ; 14           ; no              ; no                     ; no            ; 2         ; no              ; no         ; no            ; no       ; Off          ; 2.5 V        ; Default          ; Series 50 Ohm without Calibration ; --                        ; no                         ; no                          ; User                 ; 0 pF ; -                    ; -                   ;
; seg2[6]   ; B18   ; 7        ; 32           ; 29           ; 21           ; no              ; no                     ; no            ; 2         ; no              ; no         ; no            ; no       ; Off          ; 2.5 V        ; Default          ; Series 50 Ohm without Calibration ; --                        ; no                         ; no                          ; User                 ; 0 pF ; -                    ; -                   ;
+-----------+-------+----------+--------------+--------------+--------------+-----------------+------------------------+---------------+-----------+-----------------+------------+---------------+----------+--------------+--------------+------------------+-----------------------------------+---------------------------+----------------------------+-----------------------------+----------------------+------+----------------------+---------------------+


+------------------------------------------------------------------------------------------------------------------------------------+
; Dual Purpose and Dedicated Pins                                                                                                    ;
+----------+---------------------------------------+---------------------------+-------------------------+---------------------------+
; Location ; Pin Name                              ; Reserved As               ; User Signal Name        ; Pin Type                  ;
+----------+---------------------------------------+---------------------------+-------------------------+---------------------------+
; D1       ; DIFFIO_L4n, DATA1, ASDO               ; As input tri-stated       ; ~ALTERA_ASDO_DATA1~     ; Dual Purpose Pin          ;
; E2       ; DIFFIO_L6p, FLASH_nCE, nCSO           ; As input tri-stated       ; ~ALTERA_FLASH_nCE_nCSO~ ; Dual Purpose Pin          ;
; K6       ; nSTATUS                               ; -                         ; -                       ; Dedicated Programming Pin ;
; K2       ; DCLK                                  ; As output driving ground  ; ~ALTERA_DCLK~           ; Dual Purpose Pin          ;
; K1       ; DATA0                                 ; As input tri-stated       ; ~ALTERA_DATA0~          ; Dual Purpose Pin          ;
; K5       ; nCONFIG                               ; -                         ; -                       ; Dedicated Programming Pin ;
; L3       ; nCE                                   ; -                         ; -                       ; Dedicated Programming Pin ;
; M18      ; CONF_DONE                             ; -                         ; -                       ; Dedicated Programming Pin ;
; M17      ; MSEL0                                 ; -                         ; -                       ; Dedicated Programming Pin ;
; L18      ; MSEL1                                 ; -                         ; -                       ; Dedicated Programming Pin ;
; L17      ; MSEL2                                 ; -                         ; -                       ; Dedicated Programming Pin ;
; K20      ; MSEL3                                 ; -                         ; -                       ; Dedicated Programming Pin ;
; L22      ; DIFFIO_R17n, INIT_DONE                ; Use as general purpose IO ; VSync                   ; Dual Purpose Pin          ;
; L21      ; DIFFIO_R17p, CRC_ERROR                ; Use as general purpose IO ; HSync                   ; Dual Purpose Pin          ;
; K22      ; DIFFIO_R16n, nCEO                     ; Use as programming pin    ; dout_b[0]               ; Dual Purpose Pin          ;
; K21      ; DIFFIO_R16p, CLKUSR                   ; Use as general purpose IO ; dout_b[1]               ; Dual Purpose Pin          ;
; B18      ; DIFFIO_T27p, PADD0                    ; Use as regular IO         ; seg2[6]                 ; Dual Purpose Pin          ;
; F13      ; DIFFIO_T21p, PADD4, DQS2T/CQ3T,DPCLK8 ; Use as regular IO         ; seg1[0]                 ; Dual Purpose Pin          ;
; E11      ; DIFFIO_T16n, PADD13                   ; Use as regular IO         ; seg1[6]                 ; Dual Purpose Pin          ;
; F11      ; DIFFIO_T16p, PADD14                   ; Use as regular IO         ; seg1[5]                 ; Dual Purpose Pin          ;
+----------+---------------------------------------+---------------------------+-------------------------+---------------------------+


+------------------------------------------------------------+
; I/O Bank Usage                                             ;
+----------+------------------+---------------+--------------+
; I/O Bank ; Usage            ; VCCIO Voltage ; VREF Voltage ;
+----------+------------------+---------------+--------------+
; 1        ; 8 / 33 ( 24 % )  ; 2.5V          ; --           ;
; 2        ; 0 / 48 ( 0 % )   ; 2.5V          ; --           ;
; 3        ; 1 / 46 ( 2 % )   ; 2.5V          ; --           ;
; 4        ; 0 / 41 ( 0 % )   ; 2.5V          ; --           ;
; 5        ; 0 / 46 ( 0 % )   ; 2.5V          ; --           ;
; 6        ; 15 / 43 ( 35 % ) ; 2.5V          ; --           ;
; 7        ; 14 / 47 ( 30 % ) ; 2.5V          ; --           ;
; 8        ; 0 / 43 ( 0 % )   ; 2.5V          ; --           ;
+----------+------------------+---------------+--------------+


+-----------------------------------------------------------------------------------------------------------------------------------------------------------------------------------------+
; All Package Pins                                                                                                                                                                        ;
+----------+------------+----------+-----------------------------------------------------------+--------+--------------+---------+------------+-----------------+----------+--------------+
; Location ; Pad Number ; I/O Bank ; Pin Name/Usage                                            ; Dir.   ; I/O Standard ; Voltage ; I/O Type   ; User Assignment ; Bus Hold ; Weak Pull Up ;
+----------+------------+----------+-----------------------------------------------------------+--------+--------------+---------+------------+-----------------+----------+--------------+
; A1       ;            ;          ; GND                                                       ; gnd    ;              ;         ; --         ;                 ; --       ; --           ;
; A2       ;            ; 8        ; VCCIO8                                                    ; power  ;              ; 2.5V    ; --         ;                 ; --       ; --           ;
; A3       ; 354        ; 8        ; RESERVED_INPUT                                            ;        ;              ;         ; Column I/O ;                 ; no       ; Off          ;
; A4       ; 350        ; 8        ; RESERVED_INPUT                                            ;        ;              ;         ; Column I/O ;                 ; no       ; Off          ;
; A5       ; 345        ; 8        ; RESERVED_INPUT                                            ;        ;              ;         ; Column I/O ;                 ; no       ; Off          ;
; A6       ; 336        ; 8        ; RESERVED_INPUT                                            ;        ;              ;         ; Column I/O ;                 ; no       ; Off          ;
; A7       ; 334        ; 8        ; RESERVED_INPUT                                            ;        ;              ;         ; Column I/O ;                 ; no       ; Off          ;
; A8       ; 332        ; 8        ; RESERVED_INPUT                                            ;        ;              ;         ; Column I/O ;                 ; no       ; Off          ;
; A9       ; 328        ; 8        ; RESERVED_INPUT                                            ;        ;              ;         ; Column I/O ;                 ; no       ; Off          ;
; A10      ; 326        ; 8        ; RESERVED_INPUT                                            ;        ;              ;         ; Column I/O ;                 ; no       ; Off          ;
; A11      ; 321        ; 8        ; GND+                                                      ;        ;              ;         ; Column I/O ;                 ; --       ; --           ;
; A12      ; 319        ; 7        ; GND+                                                      ;        ;              ;         ; Column I/O ;                 ; --       ; --           ;
; A13      ; 314        ; 7        ; RESERVED_INPUT                                            ;        ;              ;         ; Column I/O ;                 ; no       ; Off          ;
; A14      ; 312        ; 7        ; RESERVED_INPUT                                            ;        ;              ;         ; Column I/O ;                 ; no       ; Off          ;
; A15      ; 307        ; 7        ; RESERVED_INPUT                                            ;        ;              ;         ; Column I/O ;                 ; no       ; Off          ;
; A16      ; 298        ; 7        ; RESERVED_INPUT                                            ;        ;              ;         ; Column I/O ;                 ; no       ; Off          ;
; A17      ; 296        ; 7        ; RESERVED_INPUT                                            ;        ;              ;         ; Column I/O ;                 ; no       ; Off          ;
; A18      ; 291        ; 7        ; RESERVED_INPUT                                            ;        ;              ;         ; Column I/O ;                 ; no       ; Off          ;
; A19      ; 290        ; 7        ; seg2[4]                                                   ; output ; 2.5 V        ;         ; Column I/O ; Y               ; no       ; Off          ;
; A20      ; 284        ; 7        ; RESERVED_INPUT                                            ;        ;              ;         ; Column I/O ;                 ; no       ; Off          ;
; A21      ;            ; 7        ; VCCIO7                                                    ; power  ;              ; 2.5V    ; --         ;                 ; --       ; --           ;
; A22      ;            ;          ; GND                                                       ; gnd    ;              ;         ; --         ;                 ; --       ; --           ;
; AA1      ; 76         ; 2        ; RESERVED_INPUT                                            ;        ;              ;         ; Row I/O    ;                 ; no       ; Off          ;
; AA2      ; 75         ; 2        ; RESERVED_INPUT                                            ;        ;              ;         ; Row I/O    ;                 ; no       ; Off          ;
; AA3      ; 102        ; 3        ; RESERVED_INPUT                                            ;        ;              ;         ; Column I/O ;                 ; no       ; Off          ;
; AA4      ; 106        ; 3        ; RESERVED_INPUT                                            ;        ;              ;         ; Column I/O ;                 ; no       ; Off          ;
; AA5      ; 108        ; 3        ; RESERVED_INPUT                                            ;        ;              ;         ; Column I/O ;                 ; no       ; Off          ;
; AA6      ;            ; 3        ; VCCIO3                                                    ; power  ;              ; 2.5V    ; --         ;                 ; --       ; --           ;
; AA7      ; 115        ; 3        ; RESERVED_INPUT                                            ;        ;              ;         ; Column I/O ;                 ; no       ; Off          ;
; AA8      ; 123        ; 3        ; i_serial                                                  ; input  ; 2.5 V        ;         ; Column I/O ; N               ; no       ; Off          ;
; AA9      ; 126        ; 3        ; RESERVED_INPUT                                            ;        ;              ;         ; Column I/O ;                 ; no       ; Off          ;
; AA10     ; 132        ; 3        ; RESERVED_INPUT                                            ;        ;              ;         ; Column I/O ;                 ; no       ; Off          ;
; AA11     ; 134        ; 3        ; GND+                                                      ;        ;              ;         ; Column I/O ;                 ; --       ; --           ;
; AA12     ; 136        ; 4        ; GND+                                                      ;        ;              ;         ; Column I/O ;                 ; --       ; --           ;
; AA13     ; 138        ; 4        ; RESERVED_INPUT                                            ;        ;              ;         ; Column I/O ;                 ; no       ; Off          ;
; AA14     ; 140        ; 4        ; RESERVED_INPUT                                            ;        ;              ;         ; Column I/O ;                 ; no       ; Off          ;
; AA15     ; 145        ; 4        ; RESERVED_INPUT                                            ;        ;              ;         ; Column I/O ;                 ; no       ; Off          ;
; AA16     ; 149        ; 4        ; RESERVED_INPUT                                            ;        ;              ;         ; Column I/O ;                 ; no       ; Off          ;
; AA17     ; 151        ; 4        ; RESERVED_INPUT                                            ;        ;              ;         ; Column I/O ;                 ; no       ; Off          ;
; AA18     ; 163        ; 4        ; RESERVED_INPUT                                            ;        ;              ;         ; Column I/O ;                 ; no       ; Off          ;
; AA19     ; 164        ; 4        ; RESERVED_INPUT                                            ;        ;              ;         ; Column I/O ;                 ; no       ; Off          ;
; AA20     ; 169        ; 4        ; RESERVED_INPUT                                            ;        ;              ;         ; Column I/O ;                 ; no       ; Off          ;
; AA21     ; 179        ; 5        ; RESERVED_INPUT                                            ;        ;              ;         ; Row I/O    ;                 ; no       ; Off          ;
; AA22     ; 178        ; 5        ; RESERVED_INPUT                                            ;        ;              ;         ; Row I/O    ;                 ; no       ; Off          ;
; AB1      ;            ;          ; GND                                                       ; gnd    ;              ;         ; --         ;                 ; --       ; --           ;
; AB2      ;            ; 3        ; VCCIO3                                                    ; power  ;              ; 2.5V    ; --         ;                 ; --       ; --           ;
; AB3      ; 103        ; 3        ; RESERVED_INPUT                                            ;        ;              ;         ; Column I/O ;                 ; no       ; Off          ;
; AB4      ; 107        ; 3        ; RESERVED_INPUT                                            ;        ;              ;         ; Column I/O ;                 ; no       ; Off          ;
; AB5      ; 109        ; 3        ; RESERVED_INPUT                                            ;        ;              ;         ; Column I/O ;                 ; no       ; Off          ;
; AB6      ;            ;          ; GND                                                       ; gnd    ;              ;         ; --         ;                 ; --       ; --           ;
; AB7      ; 116        ; 3        ; RESERVED_INPUT                                            ;        ;              ;         ; Column I/O ;                 ; no       ; Off          ;
; AB8      ; 124        ; 3        ; RESERVED_INPUT                                            ;        ;              ;         ; Column I/O ;                 ; no       ; Off          ;
; AB9      ; 127        ; 3        ; RESERVED_INPUT                                            ;        ;              ;         ; Column I/O ;                 ; no       ; Off          ;
; AB10     ; 133        ; 3        ; RESERVED_INPUT                                            ;        ;              ;         ; Column I/O ;                 ; no       ; Off          ;
; AB11     ; 135        ; 3        ; GND+                                                      ;        ;              ;         ; Column I/O ;                 ; --       ; --           ;
; AB12     ; 137        ; 4        ; GND+                                                      ;        ;              ;         ; Column I/O ;                 ; --       ; --           ;
; AB13     ; 139        ; 4        ; RESERVED_INPUT                                            ;        ;              ;         ; Column I/O ;                 ; no       ; Off          ;
; AB14     ; 141        ; 4        ; RESERVED_INPUT                                            ;        ;              ;         ; Column I/O ;                 ; no       ; Off          ;
; AB15     ; 146        ; 4        ; RESERVED_INPUT                                            ;        ;              ;         ; Column I/O ;                 ; no       ; Off          ;
; AB16     ; 150        ; 4        ; RESERVED_INPUT                                            ;        ;              ;         ; Column I/O ;                 ; no       ; Off          ;
; AB17     ; 152        ; 4        ; RESERVED_INPUT                                            ;        ;              ;         ; Column I/O ;                 ; no       ; Off          ;
; AB18     ; 162        ; 4        ; RESERVED_INPUT                                            ;        ;              ;         ; Column I/O ;                 ; no       ; Off          ;
; AB19     ; 165        ; 4        ; RESERVED_INPUT                                            ;        ;              ;         ; Column I/O ;                 ; no       ; Off          ;
; AB20     ; 170        ; 4        ; RESERVED_INPUT                                            ;        ;              ;         ; Column I/O ;                 ; no       ; Off          ;
; AB21     ;            ; 4        ; VCCIO4                                                    ; power  ;              ; 2.5V    ; --         ;                 ; --       ; --           ;
; AB22     ;            ;          ; GND                                                       ; gnd    ;              ;         ; --         ;                 ; --       ; --           ;
; B1       ; 2          ; 1        ; RESERVED_INPUT                                            ;        ;              ;         ; Row I/O    ;                 ; no       ; Off          ;
; B2       ; 1          ; 1        ; RESERVED_INPUT                                            ;        ;              ;         ; Row I/O    ;                 ; no       ; Off          ;
; B3       ; 355        ; 8        ; RESERVED_INPUT                                            ;        ;              ;         ; Column I/O ;                 ; no       ; Off          ;
; B4       ; 351        ; 8        ; RESERVED_INPUT                                            ;        ;              ;         ; Column I/O ;                 ; no       ; Off          ;
; B5       ; 346        ; 8        ; RESERVED_INPUT                                            ;        ;              ;         ; Column I/O ;                 ; no       ; Off          ;
; B6       ; 337        ; 8        ; RESERVED_INPUT                                            ;        ;              ;         ; Column I/O ;                 ; no       ; Off          ;
; B7       ; 335        ; 8        ; RESERVED_INPUT                                            ;        ;              ;         ; Column I/O ;                 ; no       ; Off          ;
; B8       ; 333        ; 8        ; RESERVED_INPUT                                            ;        ;              ;         ; Column I/O ;                 ; no       ; Off          ;
; B9       ; 329        ; 8        ; RESERVED_INPUT                                            ;        ;              ;         ; Column I/O ;                 ; no       ; Off          ;
; B10      ; 327        ; 8        ; RESERVED_INPUT                                            ;        ;              ;         ; Column I/O ;                 ; no       ; Off          ;
; B11      ; 322        ; 8        ; GND+                                                      ;        ;              ;         ; Column I/O ;                 ; --       ; --           ;
; B12      ; 320        ; 7        ; GND+                                                      ;        ;              ;         ; Column I/O ;                 ; --       ; --           ;
; B13      ; 315        ; 7        ; RESERVED_INPUT                                            ;        ;              ;         ; Column I/O ;                 ; no       ; Off          ;
; B14      ; 313        ; 7        ; RESERVED_INPUT                                            ;        ;              ;         ; Column I/O ;                 ; no       ; Off          ;
; B15      ; 308        ; 7        ; RESERVED_INPUT                                            ;        ;              ;         ; Column I/O ;                 ; no       ; Off          ;
; B16      ; 299        ; 7        ; RESERVED_INPUT                                            ;        ;              ;         ; Column I/O ;                 ; no       ; Off          ;
; B17      ; 297        ; 7        ; RESERVED_INPUT                                            ;        ;              ;         ; Column I/O ;                 ; no       ; Off          ;
; B18      ; 292        ; 7        ; seg2[6]                                                   ; output ; 2.5 V        ;         ; Column I/O ; Y               ; no       ; Off          ;
; B19      ; 289        ; 7        ; seg2[3]                                                   ; output ; 2.5 V        ;         ; Column I/O ; Y               ; no       ; Off          ;
; B20      ; 285        ; 7        ; RESERVED_INPUT                                            ;        ;              ;         ; Column I/O ;                 ; no       ; Off          ;
; B21      ; 269        ; 6        ; RESERVED_INPUT                                            ;        ;              ;         ; Row I/O    ;                 ; no       ; Off          ;
; B22      ; 268        ; 6        ; RESERVED_INPUT                                            ;        ;              ;         ; Row I/O    ;                 ; no       ; Off          ;
; C1       ; 7          ; 1        ; RESERVED_INPUT                                            ;        ;              ;         ; Row I/O    ;                 ; no       ; Off          ;
; C2       ; 6          ; 1        ; RESERVED_INPUT                                            ;        ;              ;         ; Row I/O    ;                 ; no       ; Off          ;
; C3       ; 358        ; 8        ; RESERVED_INPUT                                            ;        ;              ;         ; Column I/O ;                 ; no       ; Off          ;
; C4       ; 359        ; 8        ; RESERVED_INPUT                                            ;        ;              ;         ; Column I/O ;                 ; no       ; Off          ;
; C5       ;            ;          ; GND                                                       ; gnd    ;              ;         ; --         ;                 ; --       ; --           ;
; C6       ; 349        ; 8        ; RESERVED_INPUT                                            ;        ;              ;         ; Column I/O ;                 ; no       ; Off          ;
; C7       ; 340        ; 8        ; RESERVED_INPUT                                            ;        ;              ;         ; Column I/O ;                 ; no       ; Off          ;
; C8       ; 339        ; 8        ; RESERVED_INPUT                                            ;        ;              ;         ; Column I/O ;                 ; no       ; Off          ;
; C9       ;            ;          ; GND                                                       ; gnd    ;              ;         ; --         ;                 ; --       ; --           ;
; C10      ; 330        ; 8        ; RESERVED_INPUT                                            ;        ;              ;         ; Column I/O ;                 ; no       ; Off          ;
; C11      ;            ;          ; GND                                                       ; gnd    ;              ;         ; --         ;                 ; --       ; --           ;
; C12      ;            ;          ; GND                                                       ; gnd    ;              ;         ; --         ;                 ; --       ; --           ;
; C13      ; 309        ; 7        ; RESERVED_INPUT                                            ;        ;              ;         ; Column I/O ;                 ; no       ; Off          ;
; C14      ;            ;          ; GND                                                       ; gnd    ;              ;         ; --         ;                 ; --       ; --           ;
; C15      ; 300        ; 7        ; RESERVED_INPUT                                            ;        ;              ;         ; Column I/O ;                 ; no       ; Off          ;
; C16      ;            ;          ; GND                                                       ; gnd    ;              ;         ; --         ;                 ; --       ; --           ;
; C17      ; 286        ; 7        ; RESERVED_INPUT                                            ;        ;              ;         ; Column I/O ;                 ; no       ; Off          ;
; C18      ;            ;          ; GND                                                       ; gnd    ;              ;         ; --         ;                 ; --       ; --           ;
; C19      ; 282        ; 7        ; seg2[2]                                                   ; output ; 2.5 V        ;         ; Column I/O ; Y               ; no       ; Off          ;
; C20      ; 270        ; 6        ; RESERVED_INPUT                                            ;        ;              ;         ; Row I/O    ;                 ; no       ; Off          ;
; C21      ; 267        ; 6        ; RESERVED_INPUT                                            ;        ;              ;         ; Row I/O    ;                 ; no       ; Off          ;
; C22      ; 266        ; 6        ; RESERVED_INPUT                                            ;        ;              ;         ; Row I/O    ;                 ; no       ; Off          ;
; D1       ; 9          ; 1        ; ~ALTERA_ASDO_DATA1~ / RESERVED_INPUT_WITH_WEAK_PULLUP     ; input  ; 2.5 V        ;         ; Row I/O    ; N               ; no       ; On           ;
; D2       ; 8          ; 1        ; RESERVED_INPUT                                            ;        ;              ;         ; Row I/O    ;                 ; no       ; Off          ;
; D3       ;            ;          ; GND                                                       ; gnd    ;              ;         ; --         ;                 ; --       ; --           ;
; D4       ;            ; 1        ; VCCIO1                                                    ; power  ;              ; 2.5V    ; --         ;                 ; --       ; --           ;
; D5       ;            ; 8        ; VCCIO8                                                    ; power  ;              ; 2.5V    ; --         ;                 ; --       ; --           ;
; D6       ; 356        ; 8        ; RESERVED_INPUT                                            ;        ;              ;         ; Column I/O ;                 ; no       ; Off          ;
; D7       ;            ;          ; GND                                                       ; gnd    ;              ;         ; --         ;                 ; --       ; --           ;
; D8       ;            ;          ; GND                                                       ; gnd    ;              ;         ; --         ;                 ; --       ; --           ;
; D9       ;            ; 8        ; VCCIO8                                                    ; power  ;              ; 2.5V    ; --         ;                 ; --       ; --           ;
; D10      ; 324        ; 8        ; RESERVED_INPUT                                            ;        ;              ;         ; Column I/O ;                 ; no       ; Off          ;
; D11      ;            ; 8        ; VCCIO8                                                    ; power  ;              ; 2.5V    ; --         ;                 ; --       ; --           ;
; D12      ;            ; 7        ; VCCIO7                                                    ; power  ;              ; 2.5V    ; --         ;                 ; --       ; --           ;
; D13      ; 310        ; 7        ; RESERVED_INPUT                                            ;        ;              ;         ; Column I/O ;                 ; no       ; Off          ;
; D14      ;            ; 7        ; VCCIO7                                                    ; power  ;              ; 2.5V    ; --         ;                 ; --       ; --           ;
; D15      ; 293        ; 7        ; RESERVED_INPUT                                            ;        ;              ;         ; Column I/O ;                 ; no       ; Off          ;
; D16      ;            ; 7        ; VCCIO7                                                    ; power  ;              ; 2.5V    ; --         ;                 ; --       ; --           ;
; D17      ; 281        ; 7        ; RESERVED_INPUT                                            ;        ;              ;         ; Column I/O ;                 ; no       ; Off          ;
; D18      ;            ; 7        ; VCCIO7                                                    ; power  ;              ; 2.5V    ; --         ;                 ; --       ; --           ;
; D19      ; 283        ; 7        ; seg2[1]                                                   ; output ; 2.5 V        ;         ; Column I/O ; Y               ; no       ; Off          ;
; D20      ; 271        ; 6        ; RESERVED_INPUT                                            ;        ;              ;         ; Row I/O    ;                 ; no       ; Off          ;
; D21      ; 261        ; 6        ; RESERVED_INPUT                                            ;        ;              ;         ; Row I/O    ;                 ; no       ; Off          ;
; D22      ; 260        ; 6        ; RESERVED_INPUT                                            ;        ;              ;         ; Row I/O    ;                 ; no       ; Off          ;
; E1       ; 14         ; 1        ; RESERVED_INPUT                                            ;        ;              ;         ; Row I/O    ;                 ; no       ; Off          ;
; E2       ; 13         ; 1        ; ~ALTERA_FLASH_nCE_nCSO~ / RESERVED_INPUT_WITH_WEAK_PULLUP ; input  ; 2.5 V        ;         ; Row I/O    ; N               ; no       ; On           ;
; E3       ; 5          ; 1        ; RESERVED_INPUT                                            ;        ;              ;         ; Row I/O    ;                 ; no       ; Off          ;
; E4       ; 4          ; 1        ; RESERVED_INPUT                                            ;        ;              ;         ; Row I/O    ;                 ; no       ; Off          ;
; E5       ; 363        ; 8        ; RESERVED_INPUT                                            ;        ;              ;         ; Column I/O ;                 ; no       ; Off          ;
; E6       ; 362        ; 8        ; RESERVED_INPUT                                            ;        ;              ;         ; Column I/O ;                 ; no       ; Off          ;
; E7       ; 357        ; 8        ; RESERVED_INPUT                                            ;        ;              ;         ; Column I/O ;                 ; no       ; Off          ;
; E8       ;            ; 8        ; VCCIO8                                                    ; power  ;              ; 2.5V    ; --         ;                 ; --       ; --           ;
; E9       ; 338        ; 8        ; RESERVED_INPUT                                            ;        ;              ;         ; Column I/O ;                 ; no       ; Off          ;
; E10      ; 325        ; 8        ; RESERVED_INPUT                                            ;        ;              ;         ; Column I/O ;                 ; no       ; Off          ;
; E11      ; 317        ; 7        ; seg1[6]                                                   ; output ; 2.5 V        ;         ; Column I/O ; Y               ; no       ; Off          ;
; E12      ; 316        ; 7        ; RESERVED_INPUT                                            ;        ;              ;         ; Column I/O ;                 ; no       ; Off          ;
; E13      ; 311        ; 7        ; RESERVED_INPUT                                            ;        ;              ;         ; Column I/O ;                 ; no       ; Off          ;
; E14      ; 301        ; 7        ; RESERVED_INPUT                                            ;        ;              ;         ; Column I/O ;                 ; no       ; Off          ;
; E15      ; 294        ; 7        ; RESERVED_INPUT                                            ;        ;              ;         ; Column I/O ;                 ; no       ; Off          ;
; E16      ; 275        ; 7        ; RESERVED_INPUT                                            ;        ;              ;         ; Column I/O ;                 ; no       ; Off          ;
; E17      ;            ;          ; VCCD_PLL2                                                 ; power  ;              ; 1.2V    ; --         ;                 ; --       ; --           ;
; E18      ;            ;          ; GNDA2                                                     ; gnd    ;              ;         ; --         ;                 ; --       ; --           ;
; E19      ;            ; 6        ; VCCIO6                                                    ; power  ;              ; 2.5V    ; --         ;                 ; --       ; --           ;
; E20      ;            ;          ; GND                                                       ; gnd    ;              ;         ; --         ;                 ; --       ; --           ;
; E21      ; 256        ; 6        ; RESERVED_INPUT                                            ;        ;              ;         ; Row I/O    ;                 ; no       ; Off          ;
; E22      ; 255        ; 6        ; RESERVED_INPUT                                            ;        ;              ;         ; Row I/O    ;                 ; no       ; Off          ;
; F1       ; 16         ; 1        ; paddledwn2                                                ; input  ; 2.5 V        ;         ; Row I/O    ; Y               ; no       ; Off          ;
; F2       ; 15         ; 1        ; RESERVED_INPUT                                            ;        ;              ;         ; Row I/O    ;                 ; no       ; Off          ;
; F3       ;            ;          ; GND                                                       ; gnd    ;              ;         ; --         ;                 ; --       ; --           ;
; F4       ;            ; 1        ; VCCIO1                                                    ; power  ;              ; 2.5V    ; --         ;                 ; --       ; --           ;
; F5       ;            ;          ; GNDA3                                                     ; gnd    ;              ;         ; --         ;                 ; --       ; --           ;
; F6       ;            ;          ; VCCD_PLL3                                                 ; power  ;              ; 1.2V    ; --         ;                 ; --       ; --           ;
; F7       ; 360        ; 8        ; RESERVED_INPUT                                            ;        ;              ;         ; Column I/O ;                 ; no       ; Off          ;
; F8       ; 352        ; 8        ; RESERVED_INPUT                                            ;        ;              ;         ; Column I/O ;                 ; no       ; Off          ;
; F9       ; 347        ; 8        ; RESERVED_INPUT                                            ;        ;              ;         ; Column I/O ;                 ; no       ; Off          ;
; F10      ; 348        ; 8        ; RESERVED_INPUT                                            ;        ;              ;         ; Column I/O ;                 ; no       ; Off          ;
; F11      ; 318        ; 7        ; seg1[5]                                                   ; output ; 2.5 V        ;         ; Column I/O ; Y               ; no       ; Off          ;
; F12      ; 302        ; 7        ; seg1[1]                                                   ; output ; 2.5 V        ;         ; Column I/O ; Y               ; no       ; Off          ;
; F13      ; 306        ; 7        ; seg1[0]                                                   ; output ; 2.5 V        ;         ; Column I/O ; Y               ; no       ; Off          ;
; F14      ; 279        ; 7        ; RESERVED_INPUT                                            ;        ;              ;         ; Column I/O ;                 ; no       ; Off          ;
; F15      ; 276        ; 7        ; seg2[5]                                                   ; output ; 2.5 V        ;         ; Column I/O ; Y               ; no       ; Off          ;
; F16      ; 274        ; 7        ; RESERVED_INPUT                                            ;        ;              ;         ; Column I/O ;                 ; no       ; Off          ;
; F17      ; 272        ; 6        ; RESERVED_INPUT                                            ;        ;              ;         ; Row I/O    ;                 ; no       ; Off          ;
; F18      ;            ; --       ; VCCA2                                                     ; power  ;              ; 2.5V    ; --         ;                 ; --       ; --           ;
; F19      ; 263        ; 6        ; RESERVED_INPUT                                            ;        ;              ;         ; Row I/O    ;                 ; no       ; Off          ;
; F20      ; 262        ; 6        ; RESERVED_INPUT                                            ;        ;              ;         ; Row I/O    ;                 ; no       ; Off          ;
; F21      ; 251        ; 6        ; RESERVED_INPUT                                            ;        ;              ;         ; Row I/O    ;                 ; no       ; Off          ;
; F22      ; 250        ; 6        ; RESERVED_INPUT                                            ;        ;              ;         ; Row I/O    ;                 ; no       ; Off          ;
; G1       ; 39         ; 1        ; GND+                                                      ;        ;              ;         ; Row I/O    ;                 ; --       ; --           ;
; G2       ; 38         ; 1        ; GND+                                                      ;        ;              ;         ; Row I/O    ;                 ; --       ; --           ;
; G3       ; 18         ; 1        ; paddleup2                                                 ; input  ; 2.5 V        ;         ; Row I/O    ; Y               ; no       ; Off          ;
; G4       ; 17         ; 1        ; RESERVED_INPUT                                            ;        ;              ;         ; Row I/O    ;                 ; no       ; Off          ;
; G5       ; 3          ; 1        ; RESERVED_INPUT                                            ;        ;              ;         ; Row I/O    ;                 ; no       ; Off          ;
; G6       ;            ; --       ; VCCA3                                                     ; power  ;              ; 2.5V    ; --         ;                 ; --       ; --           ;
; G7       ; 361        ; 8        ; RESERVED_INPUT                                            ;        ;              ;         ; Column I/O ;                 ; no       ; Off          ;
; G8       ; 353        ; 8        ; RESERVED_INPUT                                            ;        ;              ;         ; Column I/O ;                 ; no       ; Off          ;
; G9       ; 342        ; 8        ; RESERVED_INPUT                                            ;        ;              ;         ; Column I/O ;                 ; no       ; Off          ;
; G10      ; 341        ; 8        ; RESERVED_INPUT                                            ;        ;              ;         ; Column I/O ;                 ; no       ; Off          ;
; G11      ; 331        ; 8        ; RESERVED_INPUT                                            ;        ;              ;         ; Column I/O ;                 ; no       ; Off          ;
; G12      ; 305        ; 7        ; seg1[2]                                                   ; output ; 2.5 V        ;         ; Column I/O ; Y               ; no       ; Off          ;
; G13      ; 295        ; 7        ; RESERVED_INPUT                                            ;        ;              ;         ; Column I/O ;                 ; no       ; Off          ;
; G14      ; 280        ; 7        ; RESERVED_INPUT                                            ;        ;              ;         ; Column I/O ;                 ; no       ; Off          ;
; G15      ; 278        ; 7        ; seg2[0]                                                   ; output ; 2.5 V        ;         ; Column I/O ; Y               ; no       ; Off          ;
; G16      ; 277        ; 7        ; RESERVED_INPUT                                            ;        ;              ;         ; Column I/O ;                 ; no       ; Off          ;
; G17      ; 273        ; 6        ; RESERVED_INPUT                                            ;        ;              ;         ; Row I/O    ;                 ; no       ; Off          ;
; G18      ; 264        ; 6        ; RESERVED_INPUT                                            ;        ;              ;         ; Row I/O    ;                 ; no       ; Off          ;
; G19      ;            ; 6        ; VCCIO6                                                    ; power  ;              ; 2.5V    ; --         ;                 ; --       ; --           ;
; G20      ;            ;          ; GND                                                       ; gnd    ;              ;         ; --         ;                 ; --       ; --           ;
; G21      ; 226        ; 6        ; clk_in                                                    ; input  ; 2.5 V        ;         ; Row I/O    ; Y               ; no       ; Off          ;
; G22      ; 225        ; 6        ; GND+                                                      ;        ;              ;         ; Row I/O    ;                 ; --       ; --           ;
; H1       ; 26         ; 1        ; RESERVED_INPUT                                            ;        ;              ;         ; Row I/O    ;                 ; no       ; Off          ;
; H2       ; 25         ; 1        ; Rst                                                       ; input  ; 2.5 V        ;         ; Row I/O    ; Y               ; no       ; Off          ;
; H3       ;            ;          ; GND                                                       ; gnd    ;              ;         ; --         ;                 ; --       ; --           ;
; H4       ;            ; 1        ; VCCIO1                                                    ; power  ;              ; 2.5V    ; --         ;                 ; --       ; --           ;
; H5       ; 0          ; 1        ; RESERVED_INPUT                                            ;        ;              ;         ; Row I/O    ;                 ; no       ; Off          ;
; H6       ; 11         ; 1        ; RESERVED_INPUT                                            ;        ;              ;         ; Row I/O    ;                 ; no       ; Off          ;
; H7       ; 10         ; 1        ; RESERVED_INPUT                                            ;        ;              ;         ; Row I/O    ;                 ; no       ; Off          ;
; H8       ;            ;          ; GND                                                       ; gnd    ;              ;         ; --         ;                 ; --       ; --           ;
; H9       ; 344        ; 8        ; RESERVED_INPUT                                            ;        ;              ;         ; Column I/O ;                 ; no       ; Off          ;
; H10      ; 343        ; 8        ; RESERVED_INPUT                                            ;        ;              ;         ; Column I/O ;                 ; no       ; Off          ;
; H11      ; 323        ; 8        ; RESERVED_INPUT                                            ;        ;              ;         ; Column I/O ;                 ; no       ; Off          ;
; H12      ; 304        ; 7        ; seg1[4]                                                   ; output ; 2.5 V        ;         ; Column I/O ; Y               ; no       ; Off          ;
; H13      ; 303        ; 7        ; seg1[3]                                                   ; output ; 2.5 V        ;         ; Column I/O ; Y               ; no       ; Off          ;
; H14      ; 288        ; 7        ; RESERVED_INPUT                                            ;        ;              ;         ; Column I/O ;                 ; no       ; Off          ;
; H15      ; 287        ; 7        ; RESERVED_INPUT                                            ;        ;              ;         ; Column I/O ;                 ; no       ; Off          ;
; H16      ; 259        ; 6        ; RESERVED_INPUT                                            ;        ;              ;         ; Row I/O    ;                 ; no       ; Off          ;
; H17      ; 265        ; 6        ; dout_r[1]                                                 ; output ; 2.5 V        ;         ; Row I/O    ; Y               ; no       ; Off          ;
; H18      ; 257        ; 6        ; RESERVED_INPUT                                            ;        ;              ;         ; Row I/O    ;                 ; no       ; Off          ;
; H19      ; 254        ; 6        ; dout_r[0]                                                 ; output ; 2.5 V        ;         ; Row I/O    ; Y               ; no       ; Off          ;
; H20      ; 253        ; 6        ; dout_r[2]                                                 ; output ; 2.5 V        ;         ; Row I/O    ; Y               ; no       ; Off          ;
; H21      ; 246        ; 6        ; dout_r[3]                                                 ; output ; 2.5 V        ;         ; Row I/O    ; Y               ; no       ; Off          ;
; H22      ; 245        ; 6        ; dout_g[0]                                                 ; output ; 2.5 V        ;         ; Row I/O    ; Y               ; no       ; Off          ;
; J1       ; 29         ; 1        ; RESERVED_INPUT                                            ;        ;              ;         ; Row I/O    ;                 ; no       ; Off          ;
; J2       ; 28         ; 1        ; RESERVED_INPUT                                            ;        ;              ;         ; Row I/O    ;                 ; no       ; Off          ;
; J3       ; 27         ; 1        ; RESERVED_INPUT                                            ;        ;              ;         ; Row I/O    ;                 ; no       ; Off          ;
; J4       ; 24         ; 1        ; RESERVED_INPUT                                            ;        ;              ;         ; Row I/O    ;                 ; no       ; Off          ;
; J5       ;            ;          ; GND                                                       ; gnd    ;              ;         ; --         ;                 ; --       ; --           ;
; J6       ; 12         ; 1        ; startGame                                                 ; input  ; 2.5 V        ;         ; Row I/O    ; Y               ; no       ; Off          ;
; J7       ; 22         ; 1        ; RESERVED_INPUT                                            ;        ;              ;         ; Row I/O    ;                 ; no       ; Off          ;
; J8       ;            ;          ; VCCINT                                                    ; power  ;              ; 1.2V    ; --         ;                 ; --       ; --           ;
; J9       ;            ;          ; GND                                                       ; gnd    ;              ;         ; --         ;                 ; --       ; --           ;
; J10      ;            ;          ; VCCINT                                                    ; power  ;              ; 1.2V    ; --         ;                 ; --       ; --           ;
; J11      ;            ;          ; VCCINT                                                    ; power  ;              ; 1.2V    ; --         ;                 ; --       ; --           ;
; J12      ;            ;          ; VCCINT                                                    ; power  ;              ; 1.2V    ; --         ;                 ; --       ; --           ;
; J13      ;            ;          ; VCCINT                                                    ; power  ;              ; 1.2V    ; --         ;                 ; --       ; --           ;
; J14      ;            ;          ; VCCINT                                                    ; power  ;              ; 1.2V    ; --         ;                 ; --       ; --           ;
; J15      ; 238        ; 6        ; RESERVED_INPUT                                            ;        ;              ;         ; Row I/O    ;                 ; no       ; Off          ;
; J16      ; 243        ; 6        ; RESERVED_INPUT                                            ;        ;              ;         ; Row I/O    ;                 ; no       ; Off          ;
; J17      ; 258        ; 6        ; dout_g[1]                                                 ; output ; 2.5 V        ;         ; Row I/O    ; Y               ; no       ; Off          ;
; J18      ; 249        ; 6        ; RESERVED_INPUT                                            ;        ;              ;         ; Row I/O    ;                 ; no       ; Off          ;
; J19      ;            ;          ; GND                                                       ; gnd    ;              ;         ; --         ;                 ; --       ; --           ;
; J20      ;            ; 6        ; VCCIO6                                                    ; power  ;              ; 2.5V    ; --         ;                 ; --       ; --           ;
; J21      ; 242        ; 6        ; dout_g[3]                                                 ; output ; 2.5 V        ;         ; Row I/O    ; Y               ; no       ; Off          ;
; J22      ; 241        ; 6        ; dout_b[2]                                                 ; output ; 2.5 V        ;         ; Row I/O    ; Y               ; no       ; Off          ;
; K1       ; 31         ; 1        ; ~ALTERA_DATA0~ / RESERVED_INPUT_WITH_WEAK_PULLUP          ; input  ; 2.5 V        ;         ; Row I/O    ; N               ; no       ; On           ;
; K2       ; 30         ; 1        ; ~ALTERA_DCLK~                                             ; output ; 2.5 V        ;         ; Row I/O    ; N               ; no       ; On           ;
; K3       ;            ;          ; GND                                                       ; gnd    ;              ;         ; --         ;                 ; --       ; --           ;
; K4       ;            ; 1        ; VCCIO1                                                    ; power  ;              ; 2.5V    ; --         ;                 ; --       ; --           ;
; K5       ; 32         ; 1        ; ^nCONFIG                                                  ;        ;              ;         ; --         ;                 ; --       ; --           ;
; K6       ; 19         ; 1        ; ^nSTATUS                                                  ;        ;              ;         ; --         ;                 ; --       ; --           ;
; K7       ; 23         ; 1        ; RESERVED_INPUT                                            ;        ;              ;         ; Row I/O    ;                 ; no       ; Off          ;
; K8       ; 21         ; 1        ; RESERVED_INPUT                                            ;        ;              ;         ; Row I/O    ;                 ; no       ; Off          ;
; K9       ;            ;          ; VCCINT                                                    ; power  ;              ; 1.2V    ; --         ;                 ; --       ; --           ;
; K10      ;            ;          ; GND                                                       ; gnd    ;              ;         ; --         ;                 ; --       ; --           ;
; K11      ;            ;          ; GND                                                       ; gnd    ;              ;         ; --         ;                 ; --       ; --           ;
; K12      ;            ;          ; GND                                                       ; gnd    ;              ;         ; --         ;                 ; --       ; --           ;
; K13      ;            ;          ; GND                                                       ; gnd    ;              ;         ; --         ;                 ; --       ; --           ;
; K14      ;            ;          ; VCCINT                                                    ; power  ;              ; 1.2V    ; --         ;                 ; --       ; --           ;
; K15      ; 236        ; 6        ; RESERVED_INPUT                                            ;        ;              ;         ; Row I/O    ;                 ; no       ; Off          ;
; K16      ; 244        ; 6        ; RESERVED_INPUT                                            ;        ;              ;         ; Row I/O    ;                 ; no       ; Off          ;
; K17      ; 247        ; 6        ; dout_g[2]                                                 ; output ; 2.5 V        ;         ; Row I/O    ; Y               ; no       ; Off          ;
; K18      ; 248        ; 6        ; dout_b[3]                                                 ; output ; 2.5 V        ;         ; Row I/O    ; Y               ; no       ; Off          ;
; K19      ; 237        ; 6        ; RESERVED_INPUT                                            ;        ;              ;         ; Row I/O    ;                 ; no       ; Off          ;
; K20      ; 231        ; 6        ; ^MSEL3                                                    ;        ;              ;         ; --         ;                 ; --       ; --           ;
; K21      ; 240        ; 6        ; dout_b[1]                                                 ; output ; 2.5 V        ;         ; Row I/O    ; Y               ; no       ; Off          ;
; K22      ; 239        ; 6        ; dout_b[0]                                                 ; output ; 2.5 V        ;         ; Row I/O    ; Y               ; no       ; Off          ;
; L1       ; 35         ; 1        ; #TMS                                                      ; input  ;              ;         ; --         ;                 ; --       ; --           ;
; L2       ; 34         ; 1        ; #TCK                                                      ; input  ;              ;         ; --         ;                 ; --       ; --           ;
; L3       ; 37         ; 1        ; ^nCE                                                      ;        ;              ;         ; --         ;                 ; --       ; --           ;
; L4       ; 36         ; 1        ; #TDO                                                      ; output ;              ;         ; --         ;                 ; --       ; --           ;
; L5       ; 33         ; 1        ; #TDI                                                      ; input  ;              ;         ; --         ;                 ; --       ; --           ;
; L6       ; 42         ; 2        ; RESERVED_INPUT                                            ;        ;              ;         ; Row I/O    ;                 ; no       ; Off          ;
; L7       ; 50         ; 2        ; RESERVED_INPUT                                            ;        ;              ;         ; Row I/O    ;                 ; no       ; Off          ;
; L8       ; 20         ; 1        ; RESERVED_INPUT                                            ;        ;              ;         ; Row I/O    ;                 ; no       ; Off          ;
; L9       ;            ;          ; VCCINT                                                    ; power  ;              ; 1.2V    ; --         ;                 ; --       ; --           ;
; L10      ;            ;          ; GND                                                       ; gnd    ;              ;         ; --         ;                 ; --       ; --           ;
; L11      ;            ;          ; GND                                                       ; gnd    ;              ;         ; --         ;                 ; --       ; --           ;
; L12      ;            ;          ; GND                                                       ; gnd    ;              ;         ; --         ;                 ; --       ; --           ;
; L13      ;            ;          ; GND                                                       ; gnd    ;              ;         ; --         ;                 ; --       ; --           ;
; L14      ;            ;          ; VCCINT                                                    ; power  ;              ; 1.2V    ; --         ;                 ; --       ; --           ;
; L15      ; 233        ; 6        ; RESERVED_INPUT                                            ;        ;              ;         ; Row I/O    ;                 ; no       ; Off          ;
; L16      ; 232        ; 6        ; RESERVED_INPUT                                            ;        ;              ;         ; Row I/O    ;                 ; no       ; Off          ;
; L17      ; 230        ; 6        ; ^MSEL2                                                    ;        ;              ;         ; --         ;                 ; --       ; --           ;
; L18      ; 229        ; 6        ; ^MSEL1                                                    ;        ;              ;         ; --         ;                 ; --       ; --           ;
; L19      ;            ; 6        ; VCCIO6                                                    ; power  ;              ; 2.5V    ; --         ;                 ; --       ; --           ;
; L20      ;            ;          ; GND                                                       ; gnd    ;              ;         ; --         ;                 ; --       ; --           ;
; L21      ; 235        ; 6        ; HSync                                                     ; output ; 2.5 V        ;         ; Row I/O    ; Y               ; no       ; Off          ;
; L22      ; 234        ; 6        ; VSync                                                     ; output ; 2.5 V        ;         ; Row I/O    ; Y               ; no       ; Off          ;
; M1       ; 45         ; 2        ; RESERVED_INPUT                                            ;        ;              ;         ; Row I/O    ;                 ; no       ; Off          ;
; M2       ; 44         ; 2        ; RESERVED_INPUT                                            ;        ;              ;         ; Row I/O    ;                 ; no       ; Off          ;
; M3       ; 47         ; 2        ; RESERVED_INPUT                                            ;        ;              ;         ; Row I/O    ;                 ; no       ; Off          ;
; M4       ; 46         ; 2        ; RESERVED_INPUT                                            ;        ;              ;         ; Row I/O    ;                 ; no       ; Off          ;
; M5       ; 51         ; 2        ; RESERVED_INPUT                                            ;        ;              ;         ; Row I/O    ;                 ; no       ; Off          ;
; M6       ; 43         ; 2        ; RESERVED_INPUT                                            ;        ;              ;         ; Row I/O    ;                 ; no       ; Off          ;
; M7       ; 65         ; 2        ; RESERVED_INPUT                                            ;        ;              ;         ; Row I/O    ;                 ; no       ; Off          ;
; M8       ; 66         ; 2        ; RESERVED_INPUT                                            ;        ;              ;         ; Row I/O    ;                 ; no       ; Off          ;
; M9       ;            ;          ; VCCINT                                                    ; power  ;              ; 1.2V    ; --         ;                 ; --       ; --           ;
; M10      ;            ;          ; GND                                                       ; gnd    ;              ;         ; --         ;                 ; --       ; --           ;
; M11      ;            ;          ; GND                                                       ; gnd    ;              ;         ; --         ;                 ; --       ; --           ;
; M12      ;            ;          ; GND                                                       ; gnd    ;              ;         ; --         ;                 ; --       ; --           ;
; M13      ;            ;          ; GND                                                       ; gnd    ;              ;         ; --         ;                 ; --       ; --           ;
; M14      ;            ;          ; VCCINT                                                    ; power  ;              ; 1.2V    ; --         ;                 ; --       ; --           ;
; M15      ; 195        ; 5        ; RESERVED_INPUT                                            ;        ;              ;         ; Row I/O    ;                 ; no       ; Off          ;
; M16      ; 222        ; 5        ; RESERVED_INPUT                                            ;        ;              ;         ; Row I/O    ;                 ; no       ; Off          ;
; M17      ; 228        ; 6        ; ^MSEL0                                                    ;        ;              ;         ; --         ;                 ; --       ; --           ;
; M18      ; 227        ; 6        ; ^CONF_DONE                                                ;        ;              ;         ; --         ;                 ; --       ; --           ;
; M19      ; 221        ; 5        ; RESERVED_INPUT                                            ;        ;              ;         ; Row I/O    ;                 ; no       ; Off          ;
; M20      ; 220        ; 5        ; RESERVED_INPUT                                            ;        ;              ;         ; Row I/O    ;                 ; no       ; Off          ;
; M21      ; 219        ; 5        ; RESERVED_INPUT                                            ;        ;              ;         ; Row I/O    ;                 ; no       ; Off          ;
; M22      ; 218        ; 5        ; RESERVED_INPUT                                            ;        ;              ;         ; Row I/O    ;                 ; no       ; Off          ;
; N1       ; 49         ; 2        ; RESERVED_INPUT                                            ;        ;              ;         ; Row I/O    ;                 ; no       ; Off          ;
; N2       ; 48         ; 2        ; RESERVED_INPUT                                            ;        ;              ;         ; Row I/O    ;                 ; no       ; Off          ;
; N3       ;            ;          ; GND                                                       ; gnd    ;              ;         ; --         ;                 ; --       ; --           ;
; N4       ;            ; 2        ; VCCIO2                                                    ; power  ;              ; 2.5V    ; --         ;                 ; --       ; --           ;
; N5       ; 56         ; 2        ; RESERVED_INPUT                                            ;        ;              ;         ; Row I/O    ;                 ; no       ; Off          ;
; N6       ; 64         ; 2        ; RESERVED_INPUT                                            ;        ;              ;         ; Row I/O    ;                 ; no       ; Off          ;
; N7       ; 73         ; 2        ; RESERVED_INPUT                                            ;        ;              ;         ; Row I/O    ;                 ; no       ; Off          ;
; N8       ; 67         ; 2        ; RESERVED_INPUT                                            ;        ;              ;         ; Row I/O    ;                 ; no       ; Off          ;
; N9       ;            ;          ; VCCINT                                                    ; power  ;              ; 1.2V    ; --         ;                 ; --       ; --           ;
; N10      ;            ;          ; GND                                                       ; gnd    ;              ;         ; --         ;                 ; --       ; --           ;
; N11      ;            ;          ; GND                                                       ; gnd    ;              ;         ; --         ;                 ; --       ; --           ;
; N12      ;            ;          ; GND                                                       ; gnd    ;              ;         ; --         ;                 ; --       ; --           ;
; N13      ;            ;          ; GND                                                       ; gnd    ;              ;         ; --         ;                 ; --       ; --           ;
; N14      ; 189        ; 5        ; RESERVED_INPUT                                            ;        ;              ;         ; Row I/O    ;                 ; no       ; Off          ;
; N15      ; 196        ; 5        ; RESERVED_INPUT                                            ;        ;              ;         ; Row I/O    ;                 ; no       ; Off          ;
; N16      ; 205        ; 5        ; RESERVED_INPUT                                            ;        ;              ;         ; Row I/O    ;                 ; no       ; Off          ;
; N17      ; 214        ; 5        ; RESERVED_INPUT                                            ;        ;              ;         ; Row I/O    ;                 ; no       ; Off          ;
; N18      ; 215        ; 5        ; RESERVED_INPUT                                            ;        ;              ;         ; Row I/O    ;                 ; no       ; Off          ;
; N19      ; 213        ; 5        ; RESERVED_INPUT                                            ;        ;              ;         ; Row I/O    ;                 ; no       ; Off          ;
; N20      ; 212        ; 5        ; RESERVED_INPUT                                            ;        ;              ;         ; Row I/O    ;                 ; no       ; Off          ;
; N21      ; 217        ; 5        ; RESERVED_INPUT                                            ;        ;              ;         ; Row I/O    ;                 ; no       ; Off          ;
; N22      ; 216        ; 5        ; RESERVED_INPUT                                            ;        ;              ;         ; Row I/O    ;                 ; no       ; Off          ;
; P1       ; 53         ; 2        ; RESERVED_INPUT                                            ;        ;              ;         ; Row I/O    ;                 ; no       ; Off          ;
; P2       ; 52         ; 2        ; RESERVED_INPUT                                            ;        ;              ;         ; Row I/O    ;                 ; no       ; Off          ;
; P3       ; 58         ; 2        ; RESERVED_INPUT                                            ;        ;              ;         ; Row I/O    ;                 ; no       ; Off          ;
; P4       ; 57         ; 2        ; RESERVED_INPUT                                            ;        ;              ;         ; Row I/O    ;                 ; no       ; Off          ;
; P5       ; 63         ; 2        ; RESERVED_INPUT                                            ;        ;              ;         ; Row I/O    ;                 ; no       ; Off          ;
; P6       ; 79         ; 2        ; RESERVED_INPUT                                            ;        ;              ;         ; Row I/O    ;                 ; no       ; Off          ;
; P7       ; 74         ; 2        ; RESERVED_INPUT                                            ;        ;              ;         ; Row I/O    ;                 ; no       ; Off          ;
; P8       ; 86         ; 2        ; RESERVED_INPUT                                            ;        ;              ;         ; Row I/O    ;                 ; no       ; Off          ;
; P9       ;            ;          ; VCCINT                                                    ; power  ;              ; 1.2V    ; --         ;                 ; --       ; --           ;
; P10      ;            ;          ; VCCINT                                                    ; power  ;              ; 1.2V    ; --         ;                 ; --       ; --           ;
; P11      ;            ;          ; VCCINT                                                    ; power  ;              ; 1.2V    ; --         ;                 ; --       ; --           ;
; P12      ;            ;          ; VCCINT                                                    ; power  ;              ; 1.2V    ; --         ;                 ; --       ; --           ;
; P13      ;            ;          ; VCCINT                                                    ; power  ;              ; 1.2V    ; --         ;                 ; --       ; --           ;
; P14      ; 180        ; 5        ; RESERVED_INPUT                                            ;        ;              ;         ; Row I/O    ;                 ; no       ; Off          ;
; P15      ; 192        ; 5        ; RESERVED_INPUT                                            ;        ;              ;         ; Row I/O    ;                 ; no       ; Off          ;
; P16      ; 193        ; 5        ; RESERVED_INPUT                                            ;        ;              ;         ; Row I/O    ;                 ; no       ; Off          ;
; P17      ; 197        ; 5        ; RESERVED_INPUT                                            ;        ;              ;         ; Row I/O    ;                 ; no       ; Off          ;
; P18      ;            ; 5        ; VCCIO5                                                    ; power  ;              ; 2.5V    ; --         ;                 ; --       ; --           ;
; P19      ;            ;          ; GND                                                       ; gnd    ;              ;         ; --         ;                 ; --       ; --           ;
; P20      ; 208        ; 5        ; RESERVED_INPUT                                            ;        ;              ;         ; Row I/O    ;                 ; no       ; Off          ;
; P21      ; 211        ; 5        ; RESERVED_INPUT                                            ;        ;              ;         ; Row I/O    ;                 ; no       ; Off          ;
; P22      ; 210        ; 5        ; RESERVED_INPUT                                            ;        ;              ;         ; Row I/O    ;                 ; no       ; Off          ;
; R1       ; 55         ; 2        ; RESERVED_INPUT                                            ;        ;              ;         ; Row I/O    ;                 ; no       ; Off          ;
; R2       ; 54         ; 2        ; RESERVED_INPUT                                            ;        ;              ;         ; Row I/O    ;                 ; no       ; Off          ;
; R3       ;            ;          ; GND                                                       ; gnd    ;              ;         ; --         ;                 ; --       ; --           ;
; R4       ;            ; 2        ; VCCIO2                                                    ; power  ;              ; 2.5V    ; --         ;                 ; --       ; --           ;
; R5       ; 80         ; 2        ; RESERVED_INPUT                                            ;        ;              ;         ; Row I/O    ;                 ; no       ; Off          ;
; R6       ; 83         ; 2        ; RESERVED_INPUT                                            ;        ;              ;         ; Row I/O    ;                 ; no       ; Off          ;
; R7       ; 84         ; 2        ; RESERVED_INPUT                                            ;        ;              ;         ; Row I/O    ;                 ; no       ; Off          ;
; R8       ; 87         ; 2        ; RESERVED_INPUT                                            ;        ;              ;         ; Row I/O    ;                 ; no       ; Off          ;
; R9       ; 88         ; 3        ; RESERVED_INPUT                                            ;        ;              ;         ; Column I/O ;                 ; no       ; Off          ;
; R10      ; 90         ; 3        ; RESERVED_INPUT                                            ;        ;              ;         ; Column I/O ;                 ; no       ; Off          ;
; R11      ; 97         ; 3        ; RESERVED_INPUT                                            ;        ;              ;         ; Column I/O ;                 ; no       ; Off          ;
; R12      ; 98         ; 3        ; RESERVED_INPUT                                            ;        ;              ;         ; Column I/O ;                 ; no       ; Off          ;
; R13      ; 153        ; 4        ; RESERVED_INPUT                                            ;        ;              ;         ; Column I/O ;                 ; no       ; Off          ;
; R14      ; 175        ; 4        ; RESERVED_INPUT                                            ;        ;              ;         ; Column I/O ;                 ; no       ; Off          ;
; R15      ; 176        ; 4        ; RESERVED_INPUT                                            ;        ;              ;         ; Column I/O ;                 ; no       ; Off          ;
; R16      ; 172        ; 4        ; RESERVED_INPUT                                            ;        ;              ;         ; Column I/O ;                 ; no       ; Off          ;
; R17      ; 194        ; 5        ; RESERVED_INPUT                                            ;        ;              ;         ; Row I/O    ;                 ; no       ; Off          ;
; R18      ; 203        ; 5        ; RESERVED_INPUT                                            ;        ;              ;         ; Row I/O    ;                 ; no       ; Off          ;
; R19      ; 204        ; 5        ; RESERVED_INPUT                                            ;        ;              ;         ; Row I/O    ;                 ; no       ; Off          ;
; R20      ; 200        ; 5        ; RESERVED_INPUT                                            ;        ;              ;         ; Row I/O    ;                 ; no       ; Off          ;
; R21      ; 207        ; 5        ; RESERVED_INPUT                                            ;        ;              ;         ; Row I/O    ;                 ; no       ; Off          ;
; R22      ; 206        ; 5        ; RESERVED_INPUT                                            ;        ;              ;         ; Row I/O    ;                 ; no       ; Off          ;
; T1       ; 41         ; 2        ; GND+                                                      ;        ;              ;         ; Row I/O    ;                 ; --       ; --           ;
; T2       ; 40         ; 2        ; GND+                                                      ;        ;              ;         ; Row I/O    ;                 ; --       ; --           ;
; T3       ; 72         ; 2        ; RESERVED_INPUT                                            ;        ;              ;         ; Row I/O    ;                 ; no       ; Off          ;
; T4       ; 81         ; 2        ; RESERVED_INPUT                                            ;        ;              ;         ; Row I/O    ;                 ; no       ; Off          ;
; T5       ; 82         ; 2        ; RESERVED_INPUT                                            ;        ;              ;         ; Row I/O    ;                 ; no       ; Off          ;
; T6       ;            ; --       ; VCCA1                                                     ; power  ;              ; 2.5V    ; --         ;                 ; --       ; --           ;
; T7       ; 85         ; 2        ; RESERVED_INPUT                                            ;        ;              ;         ; Row I/O    ;                 ; no       ; Off          ;
; T8       ; 89         ; 3        ; RESERVED_INPUT                                            ;        ;              ;         ; Column I/O ;                 ; no       ; Off          ;
; T9       ; 91         ; 3        ; RESERVED_INPUT                                            ;        ;              ;         ; Column I/O ;                 ; no       ; Off          ;
; T10      ; 121        ; 3        ; RESERVED_INPUT                                            ;        ;              ;         ; Column I/O ;                 ; no       ; Off          ;
; T11      ; 125        ; 3        ; RESERVED_INPUT                                            ;        ;              ;         ; Column I/O ;                 ; no       ; Off          ;
; T12      ; 148        ; 4        ; RESERVED_INPUT                                            ;        ;              ;         ; Column I/O ;                 ; no       ; Off          ;
; T13      ;            ;          ; VCCINT                                                    ; power  ;              ; 1.2V    ; --         ;                 ; --       ; --           ;
; T14      ; 160        ; 4        ; RESERVED_INPUT                                            ;        ;              ;         ; Column I/O ;                 ; no       ; Off          ;
; T15      ; 161        ; 4        ; RESERVED_INPUT                                            ;        ;              ;         ; Column I/O ;                 ; no       ; Off          ;
; T16      ; 171        ; 4        ; RESERVED_INPUT                                            ;        ;              ;         ; Column I/O ;                 ; no       ; Off          ;
; T17      ; 181        ; 5        ; RESERVED_INPUT                                            ;        ;              ;         ; Row I/O    ;                 ; no       ; Off          ;
; T18      ; 182        ; 5        ; RESERVED_INPUT                                            ;        ;              ;         ; Row I/O    ;                 ; no       ; Off          ;
; T19      ;            ; 5        ; VCCIO5                                                    ; power  ;              ; 2.5V    ; --         ;                 ; --       ; --           ;
; T20      ;            ;          ; GND                                                       ; gnd    ;              ;         ; --         ;                 ; --       ; --           ;
; T21      ; 224        ; 5        ; GND+                                                      ;        ;              ;         ; Row I/O    ;                 ; --       ; --           ;
; T22      ; 223        ; 5        ; GND+                                                      ;        ;              ;         ; Row I/O    ;                 ; --       ; --           ;
; U1       ; 60         ; 2        ; RESERVED_INPUT                                            ;        ;              ;         ; Row I/O    ;                 ; no       ; Off          ;
; U2       ; 59         ; 2        ; RESERVED_INPUT                                            ;        ;              ;         ; Row I/O    ;                 ; no       ; Off          ;
; U3       ;            ;          ; GND                                                       ; gnd    ;              ;         ; --         ;                 ; --       ; --           ;
; U4       ;            ; 2        ; VCCIO2                                                    ; power  ;              ; 2.5V    ; --         ;                 ; --       ; --           ;
; U5       ;            ;          ; GNDA1                                                     ; gnd    ;              ;         ; --         ;                 ; --       ; --           ;
; U6       ;            ;          ; VCCD_PLL1                                                 ; power  ;              ; 1.2V    ; --         ;                 ; --       ; --           ;
; U7       ; 94         ; 3        ; RESERVED_INPUT                                            ;        ;              ;         ; Column I/O ;                 ; no       ; Off          ;
; U8       ; 95         ; 3        ; RESERVED_INPUT                                            ;        ;              ;         ; Column I/O ;                 ; no       ; Off          ;
; U9       ; 112        ; 3        ; RESERVED_INPUT                                            ;        ;              ;         ; Column I/O ;                 ; no       ; Off          ;
; U10      ; 122        ; 3        ; RESERVED_INPUT                                            ;        ;              ;         ; Column I/O ;                 ; no       ; Off          ;
; U11      ; 128        ; 3        ; RESERVED_INPUT                                            ;        ;              ;         ; Column I/O ;                 ; no       ; Off          ;
; U12      ; 147        ; 4        ; RESERVED_INPUT                                            ;        ;              ;         ; Column I/O ;                 ; no       ; Off          ;
; U13      ; 156        ; 4        ; RESERVED_INPUT                                            ;        ;              ;         ; Column I/O ;                 ; no       ; Off          ;
; U14      ; 174        ; 4        ; RESERVED_INPUT                                            ;        ;              ;         ; Column I/O ;                 ; no       ; Off          ;
; U15      ; 173        ; 4        ; RESERVED_INPUT                                            ;        ;              ;         ; Column I/O ;                 ; no       ; Off          ;
; U16      ;            ;          ; VCCINT                                                    ; power  ;              ; 1.2V    ; --         ;                 ; --       ; --           ;
; U17      ;            ;          ; VCCINT                                                    ; power  ;              ; 1.2V    ; --         ;                 ; --       ; --           ;
; U18      ;            ; --       ; VCCA4                                                     ; power  ;              ; 2.5V    ; --         ;                 ; --       ; --           ;
; U19      ; 188        ; 5        ; RESERVED_INPUT                                            ;        ;              ;         ; Row I/O    ;                 ; no       ; Off          ;
; U20      ; 187        ; 5        ; RESERVED_INPUT                                            ;        ;              ;         ; Row I/O    ;                 ; no       ; Off          ;
; U21      ; 202        ; 5        ; RESERVED_INPUT                                            ;        ;              ;         ; Row I/O    ;                 ; no       ; Off          ;
; U22      ; 201        ; 5        ; RESERVED_INPUT                                            ;        ;              ;         ; Row I/O    ;                 ; no       ; Off          ;
; V1       ; 62         ; 2        ; RESERVED_INPUT                                            ;        ;              ;         ; Row I/O    ;                 ; no       ; Off          ;
; V2       ; 61         ; 2        ; RESERVED_INPUT                                            ;        ;              ;         ; Row I/O    ;                 ; no       ; Off          ;
; V3       ; 78         ; 2        ; RESERVED_INPUT                                            ;        ;              ;         ; Row I/O    ;                 ; no       ; Off          ;
; V4       ; 77         ; 2        ; RESERVED_INPUT                                            ;        ;              ;         ; Row I/O    ;                 ; no       ; Off          ;
; V5       ; 93         ; 3        ; RESERVED_INPUT                                            ;        ;              ;         ; Column I/O ;                 ; no       ; Off          ;
; V6       ; 92         ; 3        ; RESERVED_INPUT                                            ;        ;              ;         ; Column I/O ;                 ; no       ; Off          ;
; V7       ; 105        ; 3        ; RESERVED_INPUT                                            ;        ;              ;         ; Column I/O ;                 ; no       ; Off          ;
; V8       ; 113        ; 3        ; RESERVED_INPUT                                            ;        ;              ;         ; Column I/O ;                 ; no       ; Off          ;
; V9       ; 119        ; 3        ; RESERVED_INPUT                                            ;        ;              ;         ; Column I/O ;                 ; no       ; Off          ;
; V10      ; 120        ; 3        ; RESERVED_INPUT                                            ;        ;              ;         ; Column I/O ;                 ; no       ; Off          ;
; V11      ; 129        ; 3        ; RESERVED_INPUT                                            ;        ;              ;         ; Column I/O ;                 ; no       ; Off          ;
; V12      ; 142        ; 4        ; RESERVED_INPUT                                            ;        ;              ;         ; Column I/O ;                 ; no       ; Off          ;
; V13      ; 154        ; 4        ; RESERVED_INPUT                                            ;        ;              ;         ; Column I/O ;                 ; no       ; Off          ;
; V14      ; 157        ; 4        ; RESERVED_INPUT                                            ;        ;              ;         ; Column I/O ;                 ; no       ; Off          ;
; V15      ; 158        ; 4        ; RESERVED_INPUT                                            ;        ;              ;         ; Column I/O ;                 ; no       ; Off          ;
; V16      ; 168        ; 4        ; RESERVED_INPUT                                            ;        ;              ;         ; Column I/O ;                 ; no       ; Off          ;
; V17      ;            ;          ; VCCD_PLL4                                                 ; power  ;              ; 1.2V    ; --         ;                 ; --       ; --           ;
; V18      ;            ;          ; GNDA4                                                     ; gnd    ;              ;         ; --         ;                 ; --       ; --           ;
; V19      ;            ; 5        ; VCCIO5                                                    ; power  ;              ; 2.5V    ; --         ;                 ; --       ; --           ;
; V20      ;            ;          ; GND                                                       ; gnd    ;              ;         ; --         ;                 ; --       ; --           ;
; V21      ; 199        ; 5        ; RESERVED_INPUT                                            ;        ;              ;         ; Row I/O    ;                 ; no       ; Off          ;
; V22      ; 198        ; 5        ; RESERVED_INPUT                                            ;        ;              ;         ; Row I/O    ;                 ; no       ; Off          ;
; W1       ; 69         ; 2        ; RESERVED_INPUT                                            ;        ;              ;         ; Row I/O    ;                 ; no       ; Off          ;
; W2       ; 68         ; 2        ; RESERVED_INPUT                                            ;        ;              ;         ; Row I/O    ;                 ; no       ; Off          ;
; W3       ;            ;          ; GND                                                       ; gnd    ;              ;         ; --         ;                 ; --       ; --           ;
; W4       ;            ; 2        ; VCCIO2                                                    ; power  ;              ; 2.5V    ; --         ;                 ; --       ; --           ;
; W5       ;            ; 3        ; VCCIO3                                                    ; power  ;              ; 2.5V    ; --         ;                 ; --       ; --           ;
; W6       ; 104        ; 3        ; RESERVED_INPUT                                            ;        ;              ;         ; Column I/O ;                 ; no       ; Off          ;
; W7       ; 110        ; 3        ; RESERVED_INPUT                                            ;        ;              ;         ; Column I/O ;                 ; no       ; Off          ;
; W8       ; 114        ; 3        ; RESERVED_INPUT                                            ;        ;              ;         ; Column I/O ;                 ; no       ; Off          ;
; W9       ;            ; 3        ; VCCIO3                                                    ; power  ;              ; 2.5V    ; --         ;                 ; --       ; --           ;
; W10      ; 130        ; 3        ; RESERVED_INPUT                                            ;        ;              ;         ; Column I/O ;                 ; no       ; Off          ;
; W11      ;            ; 3        ; VCCIO3                                                    ; power  ;              ; 2.5V    ; --         ;                 ; --       ; --           ;
; W12      ;            ; 4        ; VCCIO4                                                    ; power  ;              ; 2.5V    ; --         ;                 ; --       ; --           ;
; W13      ; 143        ; 4        ; RESERVED_INPUT                                            ;        ;              ;         ; Column I/O ;                 ; no       ; Off          ;
; W14      ; 155        ; 4        ; RESERVED_INPUT                                            ;        ;              ;         ; Column I/O ;                 ; no       ; Off          ;
; W15      ; 159        ; 4        ; RESERVED_INPUT                                            ;        ;              ;         ; Column I/O ;                 ; no       ; Off          ;
; W16      ;            ; 4        ; VCCIO4                                                    ; power  ;              ; 2.5V    ; --         ;                 ; --       ; --           ;
; W17      ; 166        ; 4        ; RESERVED_INPUT                                            ;        ;              ;         ; Column I/O ;                 ; no       ; Off          ;
; W18      ;            ; 4        ; VCCIO4                                                    ; power  ;              ; 2.5V    ; --         ;                 ; --       ; --           ;
; W19      ; 184        ; 5        ; RESERVED_INPUT                                            ;        ;              ;         ; Row I/O    ;                 ; no       ; Off          ;
; W20      ; 183        ; 5        ; RESERVED_INPUT                                            ;        ;              ;         ; Row I/O    ;                 ; no       ; Off          ;
; W21      ; 191        ; 5        ; RESERVED_INPUT                                            ;        ;              ;         ; Row I/O    ;                 ; no       ; Off          ;
; W22      ; 190        ; 5        ; RESERVED_INPUT                                            ;        ;              ;         ; Row I/O    ;                 ; no       ; Off          ;
; Y1       ; 71         ; 2        ; RESERVED_INPUT                                            ;        ;              ;         ; Row I/O    ;                 ; no       ; Off          ;
; Y2       ; 70         ; 2        ; RESERVED_INPUT                                            ;        ;              ;         ; Row I/O    ;                 ; no       ; Off          ;
; Y3       ; 99         ; 3        ; RESERVED_INPUT                                            ;        ;              ;         ; Column I/O ;                 ; no       ; Off          ;
; Y4       ; 96         ; 3        ; RESERVED_INPUT                                            ;        ;              ;         ; Column I/O ;                 ; no       ; Off          ;
; Y5       ;            ;          ; GND                                                       ; gnd    ;              ;         ; --         ;                 ; --       ; --           ;
; Y6       ; 101        ; 3        ; RESERVED_INPUT                                            ;        ;              ;         ; Column I/O ;                 ; no       ; Off          ;
; Y7       ; 111        ; 3        ; RESERVED_INPUT                                            ;        ;              ;         ; Column I/O ;                 ; no       ; Off          ;
; Y8       ; 117        ; 3        ; RESERVED_INPUT                                            ;        ;              ;         ; Column I/O ;                 ; no       ; Off          ;
; Y9       ;            ;          ; GND                                                       ; gnd    ;              ;         ; --         ;                 ; --       ; --           ;
; Y10      ; 131        ; 3        ; RESERVED_INPUT                                            ;        ;              ;         ; Column I/O ;                 ; no       ; Off          ;
; Y11      ;            ;          ; GND                                                       ; gnd    ;              ;         ; --         ;                 ; --       ; --           ;
; Y12      ;            ;          ; GND                                                       ; gnd    ;              ;         ; --         ;                 ; --       ; --           ;
; Y13      ; 144        ; 4        ; RESERVED_INPUT                                            ;        ;              ;         ; Column I/O ;                 ; no       ; Off          ;
; Y14      ;            ; 4        ; VCCIO4                                                    ; power  ;              ; 2.5V    ; --         ;                 ; --       ; --           ;
; Y15      ;            ;          ; GND                                                       ; gnd    ;              ;         ; --         ;                 ; --       ; --           ;
; Y16      ;            ;          ; GND                                                       ; gnd    ;              ;         ; --         ;                 ; --       ; --           ;
; Y17      ; 167        ; 4        ; RESERVED_INPUT                                            ;        ;              ;         ; Column I/O ;                 ; no       ; Off          ;
; Y18      ;            ;          ; GND                                                       ; gnd    ;              ;         ; --         ;                 ; --       ; --           ;
; Y19      ;            ; 5        ; VCCIO5                                                    ; power  ;              ; 2.5V    ; --         ;                 ; --       ; --           ;
; Y20      ;            ;          ; GND                                                       ; gnd    ;              ;         ; --         ;                 ; --       ; --           ;
; Y21      ; 186        ; 5        ; RESERVED_INPUT                                            ;        ;              ;         ; Row I/O    ;                 ; no       ; Off          ;
; Y22      ; 185        ; 5        ; RESERVED_INPUT                                            ;        ;              ;         ; Row I/O    ;                 ; no       ; Off          ;
+----------+------------+----------+-----------------------------------------------------------+--------+--------------+---------+------------+-----------------+----------+--------------+
Note: Pin directions (input, output or bidir) are based on device operating in user mode.


+-------------------------------------------------------------------------------+
; Output Pin Default Load For Reported TCO                                      ;
+----------------------------------+-------+------------------------------------+
; I/O Standard                     ; Load  ; Termination Resistance             ;
+----------------------------------+-------+------------------------------------+
; 3.0-V LVTTL                      ; 0 pF  ; Not Available                      ;
; 3.3-V LVTTL                      ; 0 pF  ; Not Available                      ;
; 3.0-V LVCMOS                     ; 0 pF  ; Not Available                      ;
; 3.3-V LVCMOS                     ; 0 pF  ; Not Available                      ;
; 3.0-V PCI                        ; 10 pF ; Not Available                      ;
; 3.0-V PCI-X                      ; 10 pF ; Not Available                      ;
; 2.5 V                            ; 0 pF  ; Not Available                      ;
; 1.8 V                            ; 0 pF  ; Not Available                      ;
; 1.5 V                            ; 0 pF  ; Not Available                      ;
; 1.2 V                            ; 0 pF  ; Not Available                      ;
; SSTL-2 Class I                   ; 0 pF  ; 50 Ohm (Parallel), 25 Ohm (Serial) ;
; Differential 2.5-V SSTL Class I  ; 0 pF  ; (See SSTL-2)                       ;
; SSTL-2 Class II                  ; 0 pF  ; 25 Ohm (Parallel), 25 Ohm (Serial) ;
; Differential 2.5-V SSTL Class II ; 0 pF  ; (See SSTL-2 Class II)              ;
; SSTL-18 Class I                  ; 0 pF  ; 50 Ohm (Parallel), 25 Ohm (Serial) ;
; Differential 1.8-V SSTL Class I  ; 0 pF  ; (See 1.8-V SSTL Class I)           ;
; SSTL-18 Class II                 ; 0 pF  ; 25 Ohm (Parallel), 25 Ohm (Serial) ;
; Differential 1.8-V SSTL Class II ; 0 pF  ; (See 1.8-V SSTL Class II)          ;
; 1.8-V HSTL Class I               ; 0 pF  ; 50 Ohm (Parallel)                  ;
; Differential 1.8-V HSTL Class I  ; 0 pF  ; (See 1.8-V HSTL Class I)           ;
; 1.8-V HSTL Class II              ; 0 pF  ; 25 Ohm (Parallel)                  ;
; Differential 1.8-V HSTL Class II ; 0 pF  ; (See 1.8-V HSTL Class II)          ;
; 1.5-V HSTL Class I               ; 0 pF  ; 50 Ohm (Parallel)                  ;
; Differential 1.5-V HSTL Class I  ; 0 pF  ; (See 1.5-V HSTL Class I)           ;
; 1.5-V HSTL Class II              ; 0 pF  ; 25 Ohm (Parallel)                  ;
; Differential 1.5-V HSTL Class II ; 0 pF  ; (See 1.5-V HSTL Class II)          ;
; 1.2-V HSTL Class I               ; 0 pF  ; Not Available                      ;
; Differential 1.2-V HSTL Class I  ; 0 pF  ; Not Available                      ;
; 1.2-V HSTL Class II              ; 0 pF  ; Not Available                      ;
; Differential 1.2-V HSTL Class II ; 0 pF  ; Not Available                      ;
; Differential LVPECL              ; 0 pF  ; 100 Ohm (Differential)             ;
; LVDS                             ; 0 pF  ; 100 Ohm (Differential)             ;
; LVDS_E_3R                        ; 0 pF  ; Not Available                      ;
; RSDS                             ; 0 pF  ; 100 Ohm (Differential)             ;
; RSDS_E_1R                        ; 0 pF  ; Not Available                      ;
; RSDS_E_3R                        ; 0 pF  ; Not Available                      ;
; mini-LVDS                        ; 0 pF  ; 100 Ohm (Differential)             ;
; mini-LVDS_E_3R                   ; 0 pF  ; Not Available                      ;
; PPDS                             ; 0 pF  ; Not Available                      ;
; PPDS_E_3R                        ; 0 pF  ; Not Available                      ;
; Bus LVDS                         ; 0 pF  ; Not Available                      ;
+----------------------------------+-------+------------------------------------+
Note: User assignments will override these defaults. The user specified values are listed in the Output Pins and Bidir Pins tables.


+----------------------------------------------------------------------------------------------------------------------------------------------------------------------------------------------------------------------------------------------------------------------------------------------------------+
; Fitter Resource Utilization by Entity                                                                                                                                                                                                                                                                    ;
+-------------------------------------------+-------------+---------------------------+---------------+-------------+------+--------------+---------+-----------+------+--------------+--------------+-------------------+------------------+-----------------------------------------------+--------------+
; Compilation Hierarchy Node                ; Logic Cells ; Dedicated Logic Registers ; I/O Registers ; Memory Bits ; M9Ks ; DSP Elements ; DSP 9x9 ; DSP 18x18 ; Pins ; Virtual Pins ; LUT-Only LCs ; Register-Only LCs ; LUT/Register LCs ; Full Hierarchy Name                           ; Library Name ;
+-------------------------------------------+-------------+---------------------------+---------------+-------------+------+--------------+---------+-----------+------+--------------+--------------+-------------------+------------------+-----------------------------------------------+--------------+
; |pongTop                                  ; 953 (1)     ; 437 (0)                   ; 0 (0)         ; 0           ; 0    ; 0            ; 0       ; 0         ; 34   ; 0            ; 516 (1)      ; 1 (0)             ; 436 (0)          ; |pongTop                                      ; work         ;
;    |ball_ctrl:ball_ctrl_inst|             ; 110 (110)   ; 55 (55)                   ; 0 (0)         ; 0           ; 0    ; 0            ; 0       ; 0         ; 0    ; 0            ; 55 (55)      ; 0 (0)             ; 55 (55)          ; |pongTop|ball_ctrl:ball_ctrl_inst             ;              ;
;    |debounce_pb:debounce_paddledwn2|      ; 29 (29)     ; 20 (20)                   ; 0 (0)         ; 0           ; 0    ; 0            ; 0       ; 0         ; 0    ; 0            ; 9 (9)        ; 0 (0)             ; 20 (20)          ; |pongTop|debounce_pb:debounce_paddledwn2      ;              ;
;    |debounce_pb:debounce_paddleup2|       ; 29 (29)     ; 20 (20)                   ; 0 (0)         ; 0           ; 0    ; 0            ; 0       ; 0         ; 0    ; 0            ; 9 (9)        ; 0 (0)             ; 20 (20)          ; |pongTop|debounce_pb:debounce_paddleup2       ;              ;
;    |debounce_pb:debounce_startGame|       ; 29 (29)     ; 20 (20)                   ; 0 (0)         ; 0           ; 0    ; 0            ; 0       ; 0         ; 0    ; 0            ; 9 (9)        ; 0 (0)             ; 20 (20)          ; |pongTop|debounce_pb:debounce_startGame       ;              ;
;    |displayScore_SSD:displayScore_SSD_p1| ; 6 (6)       ; 6 (6)                     ; 0 (0)         ; 0           ; 0    ; 0            ; 0       ; 0         ; 0    ; 0            ; 0 (0)        ; 0 (0)             ; 6 (6)            ; |pongTop|displayScore_SSD:displayScore_SSD_p1 ;              ;
;    |displayScore_SSD:displayScore_SSD_p2| ; 6 (6)       ; 6 (6)                     ; 0 (0)         ; 0           ; 0    ; 0            ; 0       ; 0         ; 0    ; 0            ; 0 (0)        ; 0 (0)             ; 6 (6)            ; |pongTop|displayScore_SSD:displayScore_SSD_p2 ;              ;
;    |dup4:dup4_inst|                       ; 1 (1)       ; 0 (0)                     ; 0 (0)         ; 0           ; 0    ; 0            ; 0       ; 0         ; 0    ; 0            ; 1 (1)        ; 0 (0)             ; 0 (0)            ; |pongTop|dup4:dup4_inst                       ;              ;
;    |gameCtrl_FSM:gameCtrl_FSM_inst|       ; 221 (221)   ; 69 (69)                   ; 0 (0)         ; 0           ; 0    ; 0            ; 0       ; 0         ; 0    ; 0            ; 152 (152)    ; 0 (0)             ; 69 (69)          ; |pongTop|gameCtrl_FSM:gameCtrl_FSM_inst       ;              ;
;    |paddle1_ctrl:paddle1_ctrl_inst|       ; 150 (150)   ; 33 (33)                   ; 0 (0)         ; 0           ; 0    ; 0            ; 0       ; 0         ; 0    ; 0            ; 85 (85)      ; 0 (0)             ; 65 (65)          ; |pongTop|paddle1_ctrl:paddle1_ctrl_inst       ;              ;
;    |paddle2_ctrl:paddle2_ctrl_inst|       ; 148 (148)   ; 65 (65)                   ; 0 (0)         ; 0           ; 0    ; 0            ; 0       ; 0         ; 0    ; 0            ; 83 (83)      ; 0 (0)             ; 65 (65)          ; |pongTop|paddle2_ctrl:paddle2_ctrl_inst       ;              ;
;    |uart_receiver:uart_receiver_inst|     ; 152 (152)   ; 76 (76)                   ; 0 (0)         ; 0           ; 0    ; 0            ; 0       ; 0         ; 0    ; 0            ; 76 (76)      ; 0 (0)             ; 76 (76)          ; |pongTop|uart_receiver:uart_receiver_inst     ;              ;
;    |vga_controller:vga_controller_inst|   ; 103 (103)   ; 67 (67)                   ; 0 (0)         ; 0           ; 0    ; 0            ; 0       ; 0         ; 0    ; 0            ; 36 (36)      ; 1 (1)             ; 66 (66)          ; |pongTop|vga_controller:vga_controller_inst   ;              ;
+-------------------------------------------+-------------+---------------------------+---------------+-------------+------+--------------+---------+-----------+------+--------------+--------------+-------------------+------------------+-----------------------------------------------+--------------+
Note: For table entries with two numbers listed, the numbers in parentheses indicate the number of resources of the given type used by the specific entity alone. The numbers listed outside of parentheses indicate the total resources of the given type used by the specific entity and all of its sub-entities in the hierarchy.


+--------------------------------------------------------------------------------------------+
; Delay Chain Summary                                                                        ;
+------------+----------+---------------+---------------+-----------------------+-----+------+
; Name       ; Pin Type ; Pad to Core 0 ; Pad to Core 1 ; Pad to Input Register ; TCO ; TCOE ;
+------------+----------+---------------+---------------+-----------------------+-----+------+
; HSync      ; Output   ; --            ; --            ; --                    ; --  ; --   ;
; VSync      ; Output   ; --            ; --            ; --                    ; --  ; --   ;
; seg1[0]    ; Output   ; --            ; --            ; --                    ; --  ; --   ;
; seg1[1]    ; Output   ; --            ; --            ; --                    ; --  ; --   ;
; seg1[2]    ; Output   ; --            ; --            ; --                    ; --  ; --   ;
; seg1[3]    ; Output   ; --            ; --            ; --                    ; --  ; --   ;
; seg1[4]    ; Output   ; --            ; --            ; --                    ; --  ; --   ;
; seg1[5]    ; Output   ; --            ; --            ; --                    ; --  ; --   ;
; seg1[6]    ; Output   ; --            ; --            ; --                    ; --  ; --   ;
; seg2[0]    ; Output   ; --            ; --            ; --                    ; --  ; --   ;
; seg2[1]    ; Output   ; --            ; --            ; --                    ; --  ; --   ;
; seg2[2]    ; Output   ; --            ; --            ; --                    ; --  ; --   ;
; seg2[3]    ; Output   ; --            ; --            ; --                    ; --  ; --   ;
; seg2[4]    ; Output   ; --            ; --            ; --                    ; --  ; --   ;
; seg2[5]    ; Output   ; --            ; --            ; --                    ; --  ; --   ;
; seg2[6]    ; Output   ; --            ; --            ; --                    ; --  ; --   ;
; dout_r[0]  ; Output   ; --            ; --            ; --                    ; --  ; --   ;
; dout_r[1]  ; Output   ; --            ; --            ; --                    ; --  ; --   ;
; dout_r[2]  ; Output   ; --            ; --            ; --                    ; --  ; --   ;
; dout_r[3]  ; Output   ; --            ; --            ; --                    ; --  ; --   ;
; dout_g[0]  ; Output   ; --            ; --            ; --                    ; --  ; --   ;
; dout_g[1]  ; Output   ; --            ; --            ; --                    ; --  ; --   ;
; dout_g[2]  ; Output   ; --            ; --            ; --                    ; --  ; --   ;
; dout_g[3]  ; Output   ; --            ; --            ; --                    ; --  ; --   ;
; dout_b[0]  ; Output   ; --            ; --            ; --                    ; --  ; --   ;
; dout_b[1]  ; Output   ; --            ; --            ; --                    ; --  ; --   ;
; dout_b[2]  ; Output   ; --            ; --            ; --                    ; --  ; --   ;
; dout_b[3]  ; Output   ; --            ; --            ; --                    ; --  ; --   ;
; startGame  ; Input    ; --            ; (6) 2223 ps   ; --                    ; --  ; --   ;
; Rst        ; Input    ; --            ; (6) 2223 ps   ; --                    ; --  ; --   ;
; clk_in     ; Input    ; (0) 0 ps      ; --            ; --                    ; --  ; --   ;
; i_serial   ; Input    ; (6) 2224 ps   ; --            ; --                    ; --  ; --   ;
; paddleup2  ; Input    ; (6) 2223 ps   ; --            ; --                    ; --  ; --   ;
; paddledwn2 ; Input    ; (6) 2223 ps   ; --            ; --                    ; --  ; --   ;
+------------+----------+---------------+---------------+-----------------------+-----+------+


+----------------------------------------------------------------------------------------------+
; Pad To Core Delay Chain Fanout                                                               ;
+----------------------------------------------------------------+-------------------+---------+
; Source Pin / Fanout                                            ; Pad To Core Index ; Setting ;
+----------------------------------------------------------------+-------------------+---------+
; startGame                                                      ;                   ;         ;
;      - dup4:dup4_inst|dout_r[0]~0                              ; 1                 ; 6       ;
;      - debounce_pb:debounce_startGame|process_0~4              ; 1                 ; 6       ;
;      - debounce_pb:debounce_startGame|button_state~4           ; 1                 ; 6       ;
; Rst                                                            ;                   ;         ;
;      - vga_controller:vga_controller_inst|h_pos_internal[0]    ; 1                 ; 6       ;
;      - vga_controller:vga_controller_inst|h_pos_internal[1]    ; 1                 ; 6       ;
;      - vga_controller:vga_controller_inst|h_pos_internal[2]    ; 1                 ; 6       ;
;      - vga_controller:vga_controller_inst|h_pos_internal[3]    ; 1                 ; 6       ;
;      - vga_controller:vga_controller_inst|h_pos_internal[4]    ; 1                 ; 6       ;
;      - vga_controller:vga_controller_inst|h_pos_internal[5]    ; 1                 ; 6       ;
;      - vga_controller:vga_controller_inst|h_pos_internal[6]    ; 1                 ; 6       ;
;      - vga_controller:vga_controller_inst|h_pos_internal[7]    ; 1                 ; 6       ;
;      - vga_controller:vga_controller_inst|h_pos_internal[8]    ; 1                 ; 6       ;
;      - vga_controller:vga_controller_inst|h_pos_internal[9]    ; 1                 ; 6       ;
;      - vga_controller:vga_controller_inst|h_pos_internal[10]   ; 1                 ; 6       ;
;      - vga_controller:vga_controller_inst|h_pos_internal[11]   ; 1                 ; 6       ;
;      - vga_controller:vga_controller_inst|h_pos_internal[12]   ; 1                 ; 6       ;
;      - vga_controller:vga_controller_inst|h_pos_internal[13]   ; 1                 ; 6       ;
;      - vga_controller:vga_controller_inst|h_pos_internal[14]   ; 1                 ; 6       ;
;      - vga_controller:vga_controller_inst|h_pos_internal[15]   ; 1                 ; 6       ;
;      - vga_controller:vga_controller_inst|h_pos_internal[16]   ; 1                 ; 6       ;
;      - vga_controller:vga_controller_inst|h_pos_internal[17]   ; 1                 ; 6       ;
;      - vga_controller:vga_controller_inst|h_pos_internal[18]   ; 1                 ; 6       ;
;      - vga_controller:vga_controller_inst|h_pos_internal[19]   ; 1                 ; 6       ;
;      - vga_controller:vga_controller_inst|h_pos_internal[20]   ; 1                 ; 6       ;
;      - vga_controller:vga_controller_inst|h_pos_internal[21]   ; 1                 ; 6       ;
;      - vga_controller:vga_controller_inst|h_pos_internal[22]   ; 1                 ; 6       ;
;      - vga_controller:vga_controller_inst|h_pos_internal[23]   ; 1                 ; 6       ;
;      - vga_controller:vga_controller_inst|h_pos_internal[24]   ; 1                 ; 6       ;
;      - vga_controller:vga_controller_inst|h_pos_internal[25]   ; 1                 ; 6       ;
;      - vga_controller:vga_controller_inst|h_pos_internal[26]   ; 1                 ; 6       ;
;      - vga_controller:vga_controller_inst|h_pos_internal[27]   ; 1                 ; 6       ;
;      - vga_controller:vga_controller_inst|h_pos_internal[28]   ; 1                 ; 6       ;
;      - vga_controller:vga_controller_inst|h_pos_internal[29]   ; 1                 ; 6       ;
;      - vga_controller:vga_controller_inst|h_pos_internal[30]   ; 1                 ; 6       ;
;      - vga_controller:vga_controller_inst|h_pos_internal[31]   ; 1                 ; 6       ;
;      - vga_controller:vga_controller_inst|Hsync                ; 1                 ; 6       ;
;      - vga_controller:vga_controller_inst|Vsync                ; 1                 ; 6       ;
;      - gameCtrl_FSM:gameCtrl_FSM_inst|fsm.scoreP1              ; 1                 ; 6       ;
;      - gameCtrl_FSM:gameCtrl_FSM_inst|fsm.scoreP2              ; 1                 ; 6       ;
;      - gameCtrl_FSM:gameCtrl_FSM_inst|fsm.gameRunning          ; 1                 ; 6       ;
;      - gameCtrl_FSM:gameCtrl_FSM_inst|fsm.clear                ; 1                 ; 6       ;
;      - vga_controller:vga_controller_inst|v_pos_internal[9]    ; 1                 ; 6       ;
;      - vga_controller:vga_controller_inst|v_pos_internal[3]    ; 1                 ; 6       ;
;      - vga_controller:vga_controller_inst|v_pos_internal[2]    ; 1                 ; 6       ;
;      - vga_controller:vga_controller_inst|v_pos_internal[4]    ; 1                 ; 6       ;
;      - vga_controller:vga_controller_inst|v_pos_internal[7]    ; 1                 ; 6       ;
;      - vga_controller:vga_controller_inst|v_pos_internal[6]    ; 1                 ; 6       ;
;      - vga_controller:vga_controller_inst|v_pos_internal[5]    ; 1                 ; 6       ;
;      - vga_controller:vga_controller_inst|v_pos_internal[8]    ; 1                 ; 6       ;
;      - vga_controller:vga_controller_inst|v_pos_internal[1]    ; 1                 ; 6       ;
;      - vga_controller:vga_controller_inst|v_pos_internal[0]    ; 1                 ; 6       ;
;      - vga_controller:vga_controller_inst|v_pos_internal[11]   ; 1                 ; 6       ;
;      - vga_controller:vga_controller_inst|v_pos_internal[10]   ; 1                 ; 6       ;
;      - vga_controller:vga_controller_inst|v_pos_internal[29]   ; 1                 ; 6       ;
;      - vga_controller:vga_controller_inst|v_pos_internal[28]   ; 1                 ; 6       ;
;      - vga_controller:vga_controller_inst|v_pos_internal[27]   ; 1                 ; 6       ;
;      - vga_controller:vga_controller_inst|v_pos_internal[26]   ; 1                 ; 6       ;
;      - vga_controller:vga_controller_inst|v_pos_internal[31]   ; 1                 ; 6       ;
;      - vga_controller:vga_controller_inst|v_pos_internal[30]   ; 1                 ; 6       ;
;      - vga_controller:vga_controller_inst|v_pos_internal[25]   ; 1                 ; 6       ;
;      - vga_controller:vga_controller_inst|v_pos_internal[24]   ; 1                 ; 6       ;
;      - vga_controller:vga_controller_inst|v_pos_internal[23]   ; 1                 ; 6       ;
;      - vga_controller:vga_controller_inst|v_pos_internal[22]   ; 1                 ; 6       ;
;      - vga_controller:vga_controller_inst|v_pos_internal[21]   ; 1                 ; 6       ;
;      - vga_controller:vga_controller_inst|v_pos_internal[20]   ; 1                 ; 6       ;
;      - vga_controller:vga_controller_inst|v_pos_internal[19]   ; 1                 ; 6       ;
;      - vga_controller:vga_controller_inst|v_pos_internal[18]   ; 1                 ; 6       ;
;      - vga_controller:vga_controller_inst|v_pos_internal[17]   ; 1                 ; 6       ;
;      - vga_controller:vga_controller_inst|v_pos_internal[16]   ; 1                 ; 6       ;
;      - vga_controller:vga_controller_inst|v_pos_internal[15]   ; 1                 ; 6       ;
;      - vga_controller:vga_controller_inst|v_pos_internal[14]   ; 1                 ; 6       ;
;      - vga_controller:vga_controller_inst|v_pos_internal[13]   ; 1                 ; 6       ;
;      - vga_controller:vga_controller_inst|v_pos_internal[12]   ; 1                 ; 6       ;
;      - gameCtrl_FSM:gameCtrl_FSM_inst|P1score_internal[0]      ; 1                 ; 6       ;
;      - gameCtrl_FSM:gameCtrl_FSM_inst|P1score_internal[1]      ; 1                 ; 6       ;
;      - gameCtrl_FSM:gameCtrl_FSM_inst|P1score_internal[2]      ; 1                 ; 6       ;
;      - gameCtrl_FSM:gameCtrl_FSM_inst|P2score_internal[0]      ; 1                 ; 6       ;
;      - gameCtrl_FSM:gameCtrl_FSM_inst|P2score_internal[1]      ; 1                 ; 6       ;
;      - gameCtrl_FSM:gameCtrl_FSM_inst|P2score_internal[2]      ; 1                 ; 6       ;
;      - gameCtrl_FSM:gameCtrl_FSM_inst|P1score_internal[31]     ; 1                 ; 6       ;
;      - gameCtrl_FSM:gameCtrl_FSM_inst|P1score_internal[3]      ; 1                 ; 6       ;
;      - gameCtrl_FSM:gameCtrl_FSM_inst|P1score_internal[4]      ; 1                 ; 6       ;
;      - gameCtrl_FSM:gameCtrl_FSM_inst|P1score_internal[5]      ; 1                 ; 6       ;
;      - gameCtrl_FSM:gameCtrl_FSM_inst|P1score_internal[6]      ; 1                 ; 6       ;
;      - gameCtrl_FSM:gameCtrl_FSM_inst|P1score_internal[7]      ; 1                 ; 6       ;
;      - gameCtrl_FSM:gameCtrl_FSM_inst|P1score_internal[8]      ; 1                 ; 6       ;
;      - gameCtrl_FSM:gameCtrl_FSM_inst|P1score_internal[9]      ; 1                 ; 6       ;
;      - gameCtrl_FSM:gameCtrl_FSM_inst|P1score_internal[10]     ; 1                 ; 6       ;
;      - gameCtrl_FSM:gameCtrl_FSM_inst|P1score_internal[11]     ; 1                 ; 6       ;
;      - gameCtrl_FSM:gameCtrl_FSM_inst|P1score_internal[12]     ; 1                 ; 6       ;
;      - gameCtrl_FSM:gameCtrl_FSM_inst|P1score_internal[13]     ; 1                 ; 6       ;
;      - gameCtrl_FSM:gameCtrl_FSM_inst|P1score_internal[14]     ; 1                 ; 6       ;
;      - gameCtrl_FSM:gameCtrl_FSM_inst|P1score_internal[15]     ; 1                 ; 6       ;
;      - gameCtrl_FSM:gameCtrl_FSM_inst|P1score_internal[16]     ; 1                 ; 6       ;
;      - gameCtrl_FSM:gameCtrl_FSM_inst|P1score_internal[17]     ; 1                 ; 6       ;
;      - gameCtrl_FSM:gameCtrl_FSM_inst|P1score_internal[18]     ; 1                 ; 6       ;
;      - gameCtrl_FSM:gameCtrl_FSM_inst|P1score_internal[19]     ; 1                 ; 6       ;
;      - gameCtrl_FSM:gameCtrl_FSM_inst|P1score_internal[20]     ; 1                 ; 6       ;
;      - gameCtrl_FSM:gameCtrl_FSM_inst|P1score_internal[21]     ; 1                 ; 6       ;
;      - gameCtrl_FSM:gameCtrl_FSM_inst|P1score_internal[22]     ; 1                 ; 6       ;
;      - gameCtrl_FSM:gameCtrl_FSM_inst|P1score_internal[23]     ; 1                 ; 6       ;
;      - gameCtrl_FSM:gameCtrl_FSM_inst|P1score_internal[24]     ; 1                 ; 6       ;
;      - gameCtrl_FSM:gameCtrl_FSM_inst|P1score_internal[25]     ; 1                 ; 6       ;
;      - gameCtrl_FSM:gameCtrl_FSM_inst|P1score_internal[26]     ; 1                 ; 6       ;
;      - gameCtrl_FSM:gameCtrl_FSM_inst|P1score_internal[27]     ; 1                 ; 6       ;
;      - gameCtrl_FSM:gameCtrl_FSM_inst|P1score_internal[28]     ; 1                 ; 6       ;
;      - gameCtrl_FSM:gameCtrl_FSM_inst|P1score_internal[29]     ; 1                 ; 6       ;
;      - gameCtrl_FSM:gameCtrl_FSM_inst|P1score_internal[30]     ; 1                 ; 6       ;
;      - gameCtrl_FSM:gameCtrl_FSM_inst|P2score_internal[31]     ; 1                 ; 6       ;
;      - gameCtrl_FSM:gameCtrl_FSM_inst|P2score_internal[3]      ; 1                 ; 6       ;
;      - gameCtrl_FSM:gameCtrl_FSM_inst|P2score_internal[4]      ; 1                 ; 6       ;
;      - gameCtrl_FSM:gameCtrl_FSM_inst|P2score_internal[5]      ; 1                 ; 6       ;
;      - gameCtrl_FSM:gameCtrl_FSM_inst|P2score_internal[6]      ; 1                 ; 6       ;
;      - gameCtrl_FSM:gameCtrl_FSM_inst|P2score_internal[7]      ; 1                 ; 6       ;
;      - gameCtrl_FSM:gameCtrl_FSM_inst|P2score_internal[8]      ; 1                 ; 6       ;
;      - gameCtrl_FSM:gameCtrl_FSM_inst|P2score_internal[9]      ; 1                 ; 6       ;
;      - gameCtrl_FSM:gameCtrl_FSM_inst|P2score_internal[10]     ; 1                 ; 6       ;
;      - gameCtrl_FSM:gameCtrl_FSM_inst|P2score_internal[11]     ; 1                 ; 6       ;
;      - gameCtrl_FSM:gameCtrl_FSM_inst|P2score_internal[12]     ; 1                 ; 6       ;
;      - gameCtrl_FSM:gameCtrl_FSM_inst|P2score_internal[13]     ; 1                 ; 6       ;
;      - gameCtrl_FSM:gameCtrl_FSM_inst|P2score_internal[14]     ; 1                 ; 6       ;
;      - gameCtrl_FSM:gameCtrl_FSM_inst|P2score_internal[15]     ; 1                 ; 6       ;
;      - gameCtrl_FSM:gameCtrl_FSM_inst|P2score_internal[16]     ; 1                 ; 6       ;
;      - gameCtrl_FSM:gameCtrl_FSM_inst|P2score_internal[17]     ; 1                 ; 6       ;
;      - gameCtrl_FSM:gameCtrl_FSM_inst|P2score_internal[18]     ; 1                 ; 6       ;
;      - gameCtrl_FSM:gameCtrl_FSM_inst|P2score_internal[19]     ; 1                 ; 6       ;
;      - gameCtrl_FSM:gameCtrl_FSM_inst|P2score_internal[20]     ; 1                 ; 6       ;
;      - gameCtrl_FSM:gameCtrl_FSM_inst|P2score_internal[21]     ; 1                 ; 6       ;
;      - gameCtrl_FSM:gameCtrl_FSM_inst|P2score_internal[22]     ; 1                 ; 6       ;
;      - gameCtrl_FSM:gameCtrl_FSM_inst|P2score_internal[23]     ; 1                 ; 6       ;
;      - gameCtrl_FSM:gameCtrl_FSM_inst|P2score_internal[24]     ; 1                 ; 6       ;
;      - gameCtrl_FSM:gameCtrl_FSM_inst|P2score_internal[25]     ; 1                 ; 6       ;
;      - gameCtrl_FSM:gameCtrl_FSM_inst|P2score_internal[26]     ; 1                 ; 6       ;
;      - gameCtrl_FSM:gameCtrl_FSM_inst|P2score_internal[27]     ; 1                 ; 6       ;
;      - gameCtrl_FSM:gameCtrl_FSM_inst|P2score_internal[28]     ; 1                 ; 6       ;
;      - gameCtrl_FSM:gameCtrl_FSM_inst|P2score_internal[29]     ; 1                 ; 6       ;
;      - gameCtrl_FSM:gameCtrl_FSM_inst|P2score_internal[30]     ; 1                 ; 6       ;
;      - paddle1_ctrl:paddle1_ctrl_inst|y_paddle_internal[7]~129 ; 1                 ; 6       ;
;      - paddle2_ctrl:paddle2_ctrl_inst|y_paddle_internal[2]~129 ; 1                 ; 6       ;
;      - ball_ctrl:ball_ctrl_inst|process_0~0                    ; 1                 ; 6       ;
;      - ball_ctrl:ball_ctrl_inst|ball_y_internal[4]~8           ; 1                 ; 6       ;
;      - gameCtrl_FSM:gameCtrl_FSM_inst|fsm~11                   ; 1                 ; 6       ;
;      - ball_ctrl:ball_ctrl_inst|ball_x_p~0                     ; 1                 ; 6       ;
;      - ball_ctrl:ball_ctrl_inst|ball_x_p~1                     ; 1                 ; 6       ;
;      - ball_ctrl:ball_ctrl_inst|ball_x_p~2                     ; 1                 ; 6       ;
;      - ball_ctrl:ball_ctrl_inst|ball_x_p~3                     ; 1                 ; 6       ;
;      - ball_ctrl:ball_ctrl_inst|ball_x_p~4                     ; 1                 ; 6       ;
;      - ball_ctrl:ball_ctrl_inst|ball_y_p~0                     ; 1                 ; 6       ;
;      - ball_ctrl:ball_ctrl_inst|ball_y_p~1                     ; 1                 ; 6       ;
;      - ball_ctrl:ball_ctrl_inst|ball_y_p~2                     ; 1                 ; 6       ;
;      - ball_ctrl:ball_ctrl_inst|ball_y_p~3                     ; 1                 ; 6       ;
;      - ball_ctrl:ball_ctrl_inst|ball_y_p~4                     ; 1                 ; 6       ;
;      - ball_ctrl:ball_ctrl_inst|ball_y_p~5                     ; 1                 ; 6       ;
; clk_in                                                         ;                   ;         ;
; i_serial                                                       ;                   ;         ;
;      - uart_receiver:uart_receiver_inst|output_byte[5]~1       ; 0                 ; 6       ;
;      - uart_receiver:uart_receiver_inst|output_byte[0]~2       ; 0                 ; 6       ;
;      - uart_receiver:uart_receiver_inst|output_byte[4]~3       ; 0                 ; 6       ;
;      - uart_receiver:uart_receiver_inst|output_byte[6]~4       ; 0                 ; 6       ;
;      - uart_receiver:uart_receiver_inst|output_byte[7]~5       ; 0                 ; 6       ;
;      - uart_receiver:uart_receiver_inst|output_byte[1]~6       ; 0                 ; 6       ;
;      - uart_receiver:uart_receiver_inst|output_byte[2]~7       ; 0                 ; 6       ;
;      - uart_receiver:uart_receiver_inst|output_byte[3]~8       ; 0                 ; 6       ;
;      - uart_receiver:uart_receiver_inst|Mux67~1                ; 0                 ; 6       ;
;      - uart_receiver:uart_receiver_inst|Mux66~0                ; 0                 ; 6       ;
;      - uart_receiver:uart_receiver_inst|clk_count[12]~129      ; 0                 ; 6       ;
; paddleup2                                                      ;                   ;         ;
;      - debounce_pb:debounce_paddleup2|process_0~4              ; 0                 ; 6       ;
;      - debounce_pb:debounce_paddleup2|button_state~4           ; 0                 ; 6       ;
; paddledwn2                                                     ;                   ;         ;
;      - debounce_pb:debounce_paddledwn2|process_0~4             ; 0                 ; 6       ;
;      - debounce_pb:debounce_paddledwn2|button_state~4          ; 0                 ; 6       ;
+----------------------------------------------------------------+-------------------+---------+


+-----------------------------------------------------------------------------------------------------------------------------------------------------------------------------------------------------------------+
; Control Signals                                                                                                                                                                                                 ;
+---------------------------------------------------------+--------------------+---------+-----------------------------------------+--------+----------------------+------------------+---------------------------+
; Name                                                    ; Location           ; Fan-Out ; Usage                                   ; Global ; Global Resource Used ; Global Line Name ; Enable Signal Source Name ;
+---------------------------------------------------------+--------------------+---------+-----------------------------------------+--------+----------------------+------------------+---------------------------+
; Rst                                                     ; PIN_H2             ; 150     ; Async. clear, Clock enable, Sync. clear ; no     ; --                   ; --               ; --                        ;
; ball_ctrl:ball_ctrl_inst|LessThan0~9                    ; LCCOMB_X22_Y18_N26 ; 33      ; Sync. clear                             ; no     ; --                   ; --               ; --                        ;
; ball_ctrl:ball_ctrl_inst|ball_y_internal[4]~8           ; LCCOMB_X22_Y18_N4  ; 22      ; Clock enable                            ; no     ; --                   ; --               ; --                        ;
; ball_ctrl:ball_ctrl_inst|process_0~0                    ; LCCOMB_X22_Y18_N24 ; 43      ; Clock enable, Sync. clear, Sync. load   ; no     ; --                   ; --               ; --                        ;
; clk_in                                                  ; PIN_G21            ; 371     ; Clock                                   ; yes    ; Global Clock         ; GCLK9            ; --                        ;
; debounce_pb:debounce_paddledwn2|process_0~4             ; LCCOMB_X28_Y16_N2  ; 20      ; Sync. clear                             ; no     ; --                   ; --               ; --                        ;
; debounce_pb:debounce_paddleup2|process_0~4              ; LCCOMB_X15_Y16_N10 ; 20      ; Sync. clear                             ; no     ; --                   ; --               ; --                        ;
; debounce_pb:debounce_startGame|process_0~4              ; LCCOMB_X17_Y9_N2   ; 20      ; Sync. clear                             ; no     ; --                   ; --               ; --                        ;
; paddle1_ctrl:paddle1_ctrl_inst|y_paddle_internal[7]~128 ; LCCOMB_X16_Y16_N20 ; 33      ; Sync. load                              ; no     ; --                   ; --               ; --                        ;
; paddle1_ctrl:paddle1_ctrl_inst|y_paddle_internal[7]~129 ; LCCOMB_X16_Y16_N30 ; 32      ; Clock enable                            ; no     ; --                   ; --               ; --                        ;
; paddle2_ctrl:paddle2_ctrl_inst|y_paddle_internal[2]~128 ; LCCOMB_X16_Y16_N16 ; 33      ; Sync. load                              ; no     ; --                   ; --               ; --                        ;
; paddle2_ctrl:paddle2_ctrl_inst|y_paddle_internal[2]~129 ; LCCOMB_X16_Y16_N18 ; 32      ; Clock enable                            ; no     ; --                   ; --               ; --                        ;
; uart_receiver:uart_receiver_inst|Mux36~0                ; LCCOMB_X19_Y23_N22 ; 32      ; Clock enable                            ; no     ; --                   ; --               ; --                        ;
; uart_receiver:uart_receiver_inst|clk_count[12]~128      ; LCCOMB_X16_Y20_N26 ; 32      ; Sync. clear                             ; no     ; --                   ; --               ; --                        ;
; uart_receiver:uart_receiver_inst|clk_count[12]~130      ; LCCOMB_X16_Y20_N6  ; 32      ; Clock enable                            ; no     ; --                   ; --               ; --                        ;
; vga_controller:vga_controller_inst|Equal0~10            ; LCCOMB_X27_Y17_N2  ; 36      ; Clock enable                            ; no     ; --                   ; --               ; --                        ;
; vga_controller:vga_controller_inst|clk_25               ; FF_X1_Y14_N5       ; 66      ; Clock                                   ; yes    ; Global Clock         ; GCLK1            ; --                        ;
+---------------------------------------------------------+--------------------+---------+-----------------------------------------+--------+----------------------+------------------+---------------------------+


+---------------------------------------------------------------------------------------------------------------------------------------------------------------------------------+
; Global & Other Fast Signals                                                                                                                                                     ;
+-------------------------------------------+--------------+---------+--------------------------------------+----------------------+------------------+---------------------------+
; Name                                      ; Location     ; Fan-Out ; Fan-Out Using Intentional Clock Skew ; Global Resource Used ; Global Line Name ; Enable Signal Source Name ;
+-------------------------------------------+--------------+---------+--------------------------------------+----------------------+------------------+---------------------------+
; clk_in                                    ; PIN_G21      ; 371     ; 0                                    ; Global Clock         ; GCLK9            ; --                        ;
; vga_controller:vga_controller_inst|clk_25 ; FF_X1_Y14_N5 ; 66      ; 0                                    ; Global Clock         ; GCLK1            ; --                        ;
+-------------------------------------------+--------------+---------+--------------------------------------+----------------------+------------------+---------------------------+


+-------------------------------------------------------------------+
; Non-Global High Fan-Out Signals                                   ;
+---------------------------------------------------------+---------+
; Name                                                    ; Fan-Out ;
+---------------------------------------------------------+---------+
; Rst~input                                               ; 150     ;
; ~GND                                                    ; 60      ;
; ball_ctrl:ball_ctrl_inst|process_0~0                    ; 43      ;
; uart_receiver:uart_receiver_inst|fsm_state[0]           ; 42      ;
; uart_receiver:uart_receiver_inst|LessThan1~10           ; 38      ;
; vga_controller:vga_controller_inst|Equal0~10            ; 36      ;
; uart_receiver:uart_receiver_inst|Add1~2                 ; 33      ;
; ball_ctrl:ball_ctrl_inst|LessThan0~9                    ; 33      ;
; paddle2_ctrl:paddle2_ctrl_inst|y_paddle_internal[2]~128 ; 33      ;
; paddle1_ctrl:paddle1_ctrl_inst|y_paddle_internal[7]~128 ; 33      ;
; gameCtrl_FSM:gameCtrl_FSM_inst|Selector66~0             ; 33      ;
; uart_receiver:uart_receiver_inst|clk_count[12]~130      ; 32      ;
; uart_receiver:uart_receiver_inst|clk_count[12]~128      ; 32      ;
; uart_receiver:uart_receiver_inst|Mux36~0                ; 32      ;
; paddle2_ctrl:paddle2_ctrl_inst|y_paddle_internal[2]~129 ; 32      ;
; paddle1_ctrl:paddle1_ctrl_inst|y_paddle_internal[7]~129 ; 32      ;
; gameCtrl_FSM:gameCtrl_FSM_inst|Add3~2                   ; 32      ;
; gameCtrl_FSM:gameCtrl_FSM_inst|Selector67~0             ; 32      ;
; gameCtrl_FSM:gameCtrl_FSM_inst|Add2~2                   ; 32      ;
; paddle2_ctrl:paddle2_ctrl_inst|process_1~0              ; 31      ;
; paddle1_ctrl:paddle1_ctrl_inst|process_0~3              ; 31      ;
; ball_ctrl:ball_ctrl_inst|ball_y_internal[4]~8           ; 22      ;
; debounce_pb:debounce_startGame|process_0~4              ; 20      ;
; debounce_pb:debounce_paddledwn2|process_0~4             ; 20      ;
; debounce_pb:debounce_paddleup2|process_0~4              ; 20      ;
; ball_ctrl:ball_ctrl_inst|ball_y_internal[0]             ; 18      ;
; gameCtrl_FSM:gameCtrl_FSM_inst|fsm.gameRunning          ; 15      ;
; paddle2_ctrl:paddle2_ctrl_inst|Equal0~9                 ; 13      ;
; paddle2_ctrl:paddle2_ctrl_inst|Equal0~4                 ; 13      ;
; dup4:dup4_inst|dout_r[0]~0                              ; 12      ;
; i_serial~input                                          ; 11      ;
; uart_receiver:uart_receiver_inst|fsm_state[1]           ; 10      ;
; uart_receiver:uart_receiver_inst|bit_index[2]           ; 10      ;
; uart_receiver:uart_receiver_inst|bit_index[1]           ; 10      ;
; uart_receiver:uart_receiver_inst|bit_index[0]           ; 10      ;
; ball_ctrl:ball_ctrl_inst|ball_y_internal[4]             ; 10      ;
; ball_ctrl:ball_ctrl_inst|ball_y_internal[5]             ; 10      ;
; ball_ctrl:ball_ctrl_inst|ball_y_internal[3]             ; 10      ;
; ball_ctrl:ball_ctrl_inst|ball_y_internal[2]             ; 10      ;
; ball_ctrl:ball_ctrl_inst|ball_y_internal[1]             ; 10      ;
; gameCtrl_FSM:gameCtrl_FSM_inst|P2score_internal[2]      ; 9       ;
; gameCtrl_FSM:gameCtrl_FSM_inst|P2score_internal[1]      ; 9       ;
; gameCtrl_FSM:gameCtrl_FSM_inst|P2score_internal[0]      ; 9       ;
; gameCtrl_FSM:gameCtrl_FSM_inst|P1score_internal[2]      ; 9       ;
; gameCtrl_FSM:gameCtrl_FSM_inst|P1score_internal[1]      ; 9       ;
; gameCtrl_FSM:gameCtrl_FSM_inst|P1score_internal[0]      ; 9       ;
; uart_receiver:uart_receiver_inst|output_byte[0]~0       ; 8       ;
; vga_controller:vga_controller_inst|h_pos_internal[4]    ; 8       ;
; vga_controller:vga_controller_inst|h_pos_internal[5]    ; 8       ;
; vga_controller:vga_controller_inst|h_pos_internal[6]    ; 8       ;
+---------------------------------------------------------+---------+


+-----------------------------------------------------+
; Interconnect Usage Summary                          ;
+----------------------------+------------------------+
; Interconnect Resource Type ; Usage                  ;
+----------------------------+------------------------+
; Block interconnects        ; 1,121 / 47,787 ( 2 % ) ;
; C16 interconnects          ; 7 / 1,804 ( < 1 % )    ;
; C4 interconnects           ; 531 / 31,272 ( 2 % )   ;
; Direct links               ; 326 / 47,787 ( < 1 % ) ;
; Global clocks              ; 2 / 20 ( 10 % )        ;
; Local interconnects        ; 501 / 15,408 ( 3 % )   ;
; R24 interconnects          ; 15 / 1,775 ( < 1 % )   ;
; R4 interconnects           ; 491 / 41,310 ( 1 % )   ;
+----------------------------+------------------------+


+----------------------------------------------------------------------------+
; LAB Logic Elements                                                         ;
+---------------------------------------------+------------------------------+
; Number of Logic Elements  (Average = 12.38) ; Number of LABs  (Total = 77) ;
+---------------------------------------------+------------------------------+
; 1                                           ; 6                            ;
; 2                                           ; 2                            ;
; 3                                           ; 1                            ;
; 4                                           ; 1                            ;
; 5                                           ; 2                            ;
; 6                                           ; 2                            ;
; 7                                           ; 0                            ;
; 8                                           ; 0                            ;
; 9                                           ; 3                            ;
; 10                                          ; 6                            ;
; 11                                          ; 1                            ;
; 12                                          ; 5                            ;
; 13                                          ; 0                            ;
; 14                                          ; 4                            ;
; 15                                          ; 4                            ;
; 16                                          ; 40                           ;
+---------------------------------------------+------------------------------+


+-------------------------------------------------------------------+
; LAB-wide Signals                                                  ;
+------------------------------------+------------------------------+
; LAB-wide Signals  (Average = 1.27) ; Number of LABs  (Total = 77) ;
+------------------------------------+------------------------------+
; 1 Async. clear                     ; 7                            ;
; 1 Clock                            ; 49                           ;
; 1 Clock enable                     ; 25                           ;
; 1 Sync. clear                      ; 12                           ;
; 1 Sync. load                       ; 5                            ;
+------------------------------------+------------------------------+


+-----------------------------------------------------------------------------+
; LAB Signals Sourced                                                         ;
+----------------------------------------------+------------------------------+
; Number of Signals Sourced  (Average = 16.90) ; Number of LABs  (Total = 77) ;
+----------------------------------------------+------------------------------+
; 0                                            ; 0                            ;
; 1                                            ; 10                           ;
; 2                                            ; 1                            ;
; 3                                            ; 3                            ;
; 4                                            ; 0                            ;
; 5                                            ; 4                            ;
; 6                                            ; 0                            ;
; 7                                            ; 1                            ;
; 8                                            ; 0                            ;
; 9                                            ; 0                            ;
; 10                                           ; 1                            ;
; 11                                           ; 3                            ;
; 12                                           ; 1                            ;
; 13                                           ; 1                            ;
; 14                                           ; 4                            ;
; 15                                           ; 3                            ;
; 16                                           ; 8                            ;
; 17                                           ; 0                            ;
; 18                                           ; 3                            ;
; 19                                           ; 3                            ;
; 20                                           ; 6                            ;
; 21                                           ; 0                            ;
; 22                                           ; 0                            ;
; 23                                           ; 1                            ;
; 24                                           ; 1                            ;
; 25                                           ; 4                            ;
; 26                                           ; 1                            ;
; 27                                           ; 1                            ;
; 28                                           ; 2                            ;
; 29                                           ; 1                            ;
; 30                                           ; 4                            ;
; 31                                           ; 0                            ;
; 32                                           ; 10                           ;
+----------------------------------------------+------------------------------+


+--------------------------------------------------------------------------------+
; LAB Signals Sourced Out                                                        ;
+-------------------------------------------------+------------------------------+
; Number of Signals Sourced Out  (Average = 9.10) ; Number of LABs  (Total = 77) ;
+-------------------------------------------------+------------------------------+
; 0                                               ; 0                            ;
; 1                                               ; 15                           ;
; 2                                               ; 6                            ;
; 3                                               ; 2                            ;
; 4                                               ; 1                            ;
; 5                                               ; 4                            ;
; 6                                               ; 1                            ;
; 7                                               ; 2                            ;
; 8                                               ; 0                            ;
; 9                                               ; 5                            ;
; 10                                              ; 8                            ;
; 11                                              ; 1                            ;
; 12                                              ; 3                            ;
; 13                                              ; 2                            ;
; 14                                              ; 3                            ;
; 15                                              ; 0                            ;
; 16                                              ; 24                           ;
+-------------------------------------------------+------------------------------+


+-----------------------------------------------------------------------------+
; LAB Distinct Inputs                                                         ;
+----------------------------------------------+------------------------------+
; Number of Distinct Inputs  (Average = 13.99) ; Number of LABs  (Total = 77) ;
+----------------------------------------------+------------------------------+
; 0                                            ; 0                            ;
; 1                                            ; 1                            ;
; 2                                            ; 4                            ;
; 3                                            ; 6                            ;
; 4                                            ; 8                            ;
; 5                                            ; 3                            ;
; 6                                            ; 4                            ;
; 7                                            ; 3                            ;
; 8                                            ; 0                            ;
; 9                                            ; 0                            ;
; 10                                           ; 1                            ;
; 11                                           ; 1                            ;
; 12                                           ; 5                            ;
; 13                                           ; 3                            ;
; 14                                           ; 0                            ;
; 15                                           ; 2                            ;
; 16                                           ; 7                            ;
; 17                                           ; 5                            ;
; 18                                           ; 3                            ;
; 19                                           ; 1                            ;
; 20                                           ; 0                            ;
; 21                                           ; 3                            ;
; 22                                           ; 1                            ;
; 23                                           ; 1                            ;
; 24                                           ; 6                            ;
; 25                                           ; 0                            ;
; 26                                           ; 0                            ;
; 27                                           ; 0                            ;
; 28                                           ; 0                            ;
; 29                                           ; 0                            ;
; 30                                           ; 2                            ;
; 31                                           ; 2                            ;
; 32                                           ; 1                            ;
; 33                                           ; 4                            ;
+----------------------------------------------+------------------------------+


+------------------------------------------+
; I/O Rules Summary                        ;
+----------------------------------+-------+
; I/O Rules Statistic              ; Total ;
+----------------------------------+-------+
; Total I/O Rules                  ; 30    ;
; Number of I/O Rules Passed       ; 12    ;
; Number of I/O Rules Failed       ; 0     ;
; Number of I/O Rules Unchecked    ; 0     ;
; Number of I/O Rules Inapplicable ; 18    ;
+----------------------------------+-------+


+-----------------------------------------------------------------------------------------------------------------------------------------------------------------------------------------------------------------------------------------------------------------------------------------------------+
; I/O Rules Details                                                                                                                                                                                                                                                                                   ;
+--------------+-----------+-----------------------------------+------------------------------------------------------------------------------------------------------+----------+--------------------------------------------------------------------------+---------------------+-------------------+
; Status       ; ID        ; Category                          ; Rule Description                                                                                     ; Severity ; Information                                                              ; Area                ; Extra Information ;
+--------------+-----------+-----------------------------------+------------------------------------------------------------------------------------------------------+----------+--------------------------------------------------------------------------+---------------------+-------------------+
; Pass         ; IO_000001 ; Capacity Checks                   ; Number of pins in an I/O bank should not exceed the number of locations available.                   ; Critical ; 0 such failures found.                                                   ; I/O                 ;                   ;
; Inapplicable ; IO_000002 ; Capacity Checks                   ; Number of clocks in an I/O bank should not exceed the number of clocks available.                    ; Critical ; No Global Signal assignments found.                                      ; I/O                 ;                   ;
; Pass         ; IO_000003 ; Capacity Checks                   ; Number of pins in a Vrefgroup should not exceed the number of locations available.                   ; Critical ; 0 such failures found.                                                   ; I/O                 ;                   ;
; Inapplicable ; IO_000004 ; Voltage Compatibility Checks      ; The I/O bank should support the requested VCCIO.                                                     ; Critical ; No IOBANK_VCCIO assignments found.                                       ; I/O                 ;                   ;
; Inapplicable ; IO_000005 ; Voltage Compatibility Checks      ; The I/O bank should not have competing VREF values.                                                  ; Critical ; No VREF I/O Standard assignments found.                                  ; I/O                 ;                   ;
; Pass         ; IO_000006 ; Voltage Compatibility Checks      ; The I/O bank should not have competing VCCIO values.                                                 ; Critical ; 0 such failures found.                                                   ; I/O                 ;                   ;
; Pass         ; IO_000007 ; Valid Location Checks             ; Checks for unavailable locations.                                                                    ; Critical ; 0 such failures found.                                                   ; I/O                 ;                   ;
; Inapplicable ; IO_000008 ; Valid Location Checks             ; Checks for reserved locations.                                                                       ; Critical ; No reserved LogicLock region found.                                      ; I/O                 ;                   ;
; Pass         ; IO_000009 ; I/O Properties Checks for One I/O ; The location should support the requested I/O standard.                                              ; Critical ; 0 such failures found.                                                   ; I/O                 ;                   ;
; Pass         ; IO_000010 ; I/O Properties Checks for One I/O ; The location should support the requested I/O direction.                                             ; Critical ; 0 such failures found.                                                   ; I/O                 ;                   ;
; Inapplicable ; IO_000011 ; I/O Properties Checks for One I/O ; The location should support the requested Current Strength.                                          ; Critical ; No Current Strength assignments found.                                   ; I/O                 ;                   ;
; Pass         ; IO_000012 ; I/O Properties Checks for One I/O ; The location should support the requested On Chip Termination value.                                 ; Critical ; 0 such failures found.                                                   ; I/O                 ;                   ;
; Inapplicable ; IO_000013 ; I/O Properties Checks for One I/O ; The location should support the requested Bus Hold value.                                            ; Critical ; No Enable Bus-Hold Circuitry assignments found.                          ; I/O                 ;                   ;
; Inapplicable ; IO_000014 ; I/O Properties Checks for One I/O ; The location should support the requested Weak Pull Up value.                                        ; Critical ; No Weak Pull-Up Resistor assignments found.                              ; I/O                 ;                   ;
; Pass         ; IO_000015 ; I/O Properties Checks for One I/O ; The location should support the requested PCI Clamp Diode.                                           ; Critical ; 0 such failures found.                                                   ; I/O                 ;                   ;
; Inapplicable ; IO_000018 ; I/O Properties Checks for One I/O ; The I/O standard should support the requested Current Strength.                                      ; Critical ; No Current Strength assignments found.                                   ; I/O                 ;                   ;
; Pass         ; IO_000019 ; I/O Properties Checks for One I/O ; The I/O standard should support the requested On Chip Termination value.                             ; Critical ; 0 such failures found.                                                   ; I/O                 ;                   ;
; Pass         ; IO_000020 ; I/O Properties Checks for One I/O ; The I/O standard should support the requested PCI Clamp Diode.                                       ; Critical ; 0 such failures found.                                                   ; I/O                 ;                   ;
; Inapplicable ; IO_000021 ; I/O Properties Checks for One I/O ; The I/O standard should support the requested Weak Pull Up value.                                    ; Critical ; No Weak Pull-Up Resistor assignments found.                              ; I/O                 ;                   ;
; Inapplicable ; IO_000022 ; I/O Properties Checks for One I/O ; The I/O standard should support the requested Bus Hold value.                                        ; Critical ; No Enable Bus-Hold Circuitry assignments found.                          ; I/O                 ;                   ;
; Inapplicable ; IO_000023 ; I/O Properties Checks for One I/O ; The I/O standard should support the Open Drain value.                                                ; Critical ; No open drain assignments found.                                         ; I/O                 ;                   ;
; Pass         ; IO_000024 ; I/O Properties Checks for One I/O ; The I/O direction should support the On Chip Termination value.                                      ; Critical ; 0 such failures found.                                                   ; I/O                 ;                   ;
; Inapplicable ; IO_000026 ; I/O Properties Checks for One I/O ; On Chip Termination and Current Strength should not be used at the same time.                        ; Critical ; No Current Strength assignments found.                                   ; I/O                 ;                   ;
; Inapplicable ; IO_000027 ; I/O Properties Checks for One I/O ; Weak Pull Up and Bus Hold should not be used at the same time.                                       ; Critical ; No Enable Bus-Hold Circuitry or Weak Pull-Up Resistor assignments found. ; I/O                 ;                   ;
; Inapplicable ; IO_000045 ; I/O Properties Checks for One I/O ; The I/O standard should support the requested Slew Rate value.                                       ; Critical ; No Slew Rate assignments found.                                          ; I/O                 ;                   ;
; Inapplicable ; IO_000046 ; I/O Properties Checks for One I/O ; The location should support the requested Slew Rate value.                                           ; Critical ; No Slew Rate assignments found.                                          ; I/O                 ;                   ;
; Inapplicable ; IO_000047 ; I/O Properties Checks for One I/O ; On Chip Termination and Slew Rate should not be used at the same time.                               ; Critical ; No Slew Rate assignments found.                                          ; I/O                 ;                   ;
; Pass         ; IO_000033 ; Electromigration Checks           ; Current density for consecutive I/Os should not exceed 240mA for row I/Os and 240mA for column I/Os. ; Critical ; 0 such failures found.                                                   ; I/O                 ;                   ;
; Inapplicable ; IO_000034 ; SI Related Distance Checks        ; Single-ended outputs should be 5 LAB row(s) away from a differential I/O.                            ; High     ; No Differential I/O Standard assignments found.                          ; I/O                 ;                   ;
; Inapplicable ; IO_000042 ; SI Related SSO Limit Checks       ; No more than 20 outputs are allowed in a VREF group when VREF is being read from.                    ; High     ; No VREF I/O Standard assignments found.                                  ; I/O                 ;                   ;
; ----         ; ----      ; Disclaimer                        ; OCT rules are checked but not reported.                                                              ; None     ; ----                                                                     ; On Chip Termination ;                   ;
+--------------+-----------+-----------------------------------+------------------------------------------------------------------------------------------------------+----------+--------------------------------------------------------------------------+---------------------+-------------------+


+--------------------------------------------------------------------------------------------------------------------------------------------------------------------------------------------------------------------------------------------------------------------------------------------------------------------------------------------------------------------------------------------------------------------------------------------------------------------------+
; I/O Rules Matrix                                                                                                                                                                                                                                                                                                                                                                                                                                                         ;
+--------------------+--------------+--------------+--------------+--------------+--------------+-----------+--------------+--------------+-----------+-----------+--------------+--------------+--------------+--------------+--------------+--------------+--------------+--------------+--------------+--------------+--------------+--------------+--------------+--------------+--------------+--------------+--------------+-----------+--------------+--------------+
; Pin/Rules          ; IO_000001    ; IO_000002    ; IO_000003    ; IO_000004    ; IO_000005    ; IO_000006 ; IO_000007    ; IO_000008    ; IO_000009 ; IO_000010 ; IO_000011    ; IO_000012    ; IO_000013    ; IO_000014    ; IO_000015    ; IO_000018    ; IO_000019    ; IO_000020    ; IO_000021    ; IO_000022    ; IO_000023    ; IO_000024    ; IO_000026    ; IO_000027    ; IO_000045    ; IO_000046    ; IO_000047    ; IO_000033 ; IO_000034    ; IO_000042    ;
+--------------------+--------------+--------------+--------------+--------------+--------------+-----------+--------------+--------------+-----------+-----------+--------------+--------------+--------------+--------------+--------------+--------------+--------------+--------------+--------------+--------------+--------------+--------------+--------------+--------------+--------------+--------------+--------------+-----------+--------------+--------------+
; Total Pass         ; 33           ; 0            ; 33           ; 0            ; 0            ; 34        ; 33           ; 0            ; 34        ; 34        ; 0            ; 28           ; 0            ; 0            ; 6            ; 0            ; 28           ; 6            ; 0            ; 0            ; 0            ; 28           ; 0            ; 0            ; 0            ; 0            ; 0            ; 34        ; 0            ; 0            ;
; Total Unchecked    ; 0            ; 0            ; 0            ; 0            ; 0            ; 0         ; 0            ; 0            ; 0         ; 0         ; 0            ; 0            ; 0            ; 0            ; 0            ; 0            ; 0            ; 0            ; 0            ; 0            ; 0            ; 0            ; 0            ; 0            ; 0            ; 0            ; 0            ; 0         ; 0            ; 0            ;
; Total Inapplicable ; 1            ; 34           ; 1            ; 34           ; 34           ; 0         ; 1            ; 34           ; 0         ; 0         ; 34           ; 6            ; 34           ; 34           ; 28           ; 34           ; 6            ; 28           ; 34           ; 34           ; 34           ; 6            ; 34           ; 34           ; 34           ; 34           ; 34           ; 0         ; 34           ; 34           ;
; Total Fail         ; 0            ; 0            ; 0            ; 0            ; 0            ; 0         ; 0            ; 0            ; 0         ; 0         ; 0            ; 0            ; 0            ; 0            ; 0            ; 0            ; 0            ; 0            ; 0            ; 0            ; 0            ; 0            ; 0            ; 0            ; 0            ; 0            ; 0            ; 0         ; 0            ; 0            ;
; HSync              ; Pass         ; Inapplicable ; Pass         ; Inapplicable ; Inapplicable ; Pass      ; Pass         ; Inapplicable ; Pass      ; Pass      ; Inapplicable ; Pass         ; Inapplicable ; Inapplicable ; Inapplicable ; Inapplicable ; Pass         ; Inapplicable ; Inapplicable ; Inapplicable ; Inapplicable ; Pass         ; Inapplicable ; Inapplicable ; Inapplicable ; Inapplicable ; Inapplicable ; Pass      ; Inapplicable ; Inapplicable ;
; VSync              ; Pass         ; Inapplicable ; Pass         ; Inapplicable ; Inapplicable ; Pass      ; Pass         ; Inapplicable ; Pass      ; Pass      ; Inapplicable ; Pass         ; Inapplicable ; Inapplicable ; Inapplicable ; Inapplicable ; Pass         ; Inapplicable ; Inapplicable ; Inapplicable ; Inapplicable ; Pass         ; Inapplicable ; Inapplicable ; Inapplicable ; Inapplicable ; Inapplicable ; Pass      ; Inapplicable ; Inapplicable ;
; seg1[0]            ; Pass         ; Inapplicable ; Pass         ; Inapplicable ; Inapplicable ; Pass      ; Pass         ; Inapplicable ; Pass      ; Pass      ; Inapplicable ; Pass         ; Inapplicable ; Inapplicable ; Inapplicable ; Inapplicable ; Pass         ; Inapplicable ; Inapplicable ; Inapplicable ; Inapplicable ; Pass         ; Inapplicable ; Inapplicable ; Inapplicable ; Inapplicable ; Inapplicable ; Pass      ; Inapplicable ; Inapplicable ;
; seg1[1]            ; Pass         ; Inapplicable ; Pass         ; Inapplicable ; Inapplicable ; Pass      ; Pass         ; Inapplicable ; Pass      ; Pass      ; Inapplicable ; Pass         ; Inapplicable ; Inapplicable ; Inapplicable ; Inapplicable ; Pass         ; Inapplicable ; Inapplicable ; Inapplicable ; Inapplicable ; Pass         ; Inapplicable ; Inapplicable ; Inapplicable ; Inapplicable ; Inapplicable ; Pass      ; Inapplicable ; Inapplicable ;
; seg1[2]            ; Pass         ; Inapplicable ; Pass         ; Inapplicable ; Inapplicable ; Pass      ; Pass         ; Inapplicable ; Pass      ; Pass      ; Inapplicable ; Pass         ; Inapplicable ; Inapplicable ; Inapplicable ; Inapplicable ; Pass         ; Inapplicable ; Inapplicable ; Inapplicable ; Inapplicable ; Pass         ; Inapplicable ; Inapplicable ; Inapplicable ; Inapplicable ; Inapplicable ; Pass      ; Inapplicable ; Inapplicable ;
; seg1[3]            ; Pass         ; Inapplicable ; Pass         ; Inapplicable ; Inapplicable ; Pass      ; Pass         ; Inapplicable ; Pass      ; Pass      ; Inapplicable ; Pass         ; Inapplicable ; Inapplicable ; Inapplicable ; Inapplicable ; Pass         ; Inapplicable ; Inapplicable ; Inapplicable ; Inapplicable ; Pass         ; Inapplicable ; Inapplicable ; Inapplicable ; Inapplicable ; Inapplicable ; Pass      ; Inapplicable ; Inapplicable ;
; seg1[4]            ; Pass         ; Inapplicable ; Pass         ; Inapplicable ; Inapplicable ; Pass      ; Pass         ; Inapplicable ; Pass      ; Pass      ; Inapplicable ; Pass         ; Inapplicable ; Inapplicable ; Inapplicable ; Inapplicable ; Pass         ; Inapplicable ; Inapplicable ; Inapplicable ; Inapplicable ; Pass         ; Inapplicable ; Inapplicable ; Inapplicable ; Inapplicable ; Inapplicable ; Pass      ; Inapplicable ; Inapplicable ;
; seg1[5]            ; Pass         ; Inapplicable ; Pass         ; Inapplicable ; Inapplicable ; Pass      ; Pass         ; Inapplicable ; Pass      ; Pass      ; Inapplicable ; Pass         ; Inapplicable ; Inapplicable ; Inapplicable ; Inapplicable ; Pass         ; Inapplicable ; Inapplicable ; Inapplicable ; Inapplicable ; Pass         ; Inapplicable ; Inapplicable ; Inapplicable ; Inapplicable ; Inapplicable ; Pass      ; Inapplicable ; Inapplicable ;
; seg1[6]            ; Pass         ; Inapplicable ; Pass         ; Inapplicable ; Inapplicable ; Pass      ; Pass         ; Inapplicable ; Pass      ; Pass      ; Inapplicable ; Pass         ; Inapplicable ; Inapplicable ; Inapplicable ; Inapplicable ; Pass         ; Inapplicable ; Inapplicable ; Inapplicable ; Inapplicable ; Pass         ; Inapplicable ; Inapplicable ; Inapplicable ; Inapplicable ; Inapplicable ; Pass      ; Inapplicable ; Inapplicable ;
; seg2[0]            ; Pass         ; Inapplicable ; Pass         ; Inapplicable ; Inapplicable ; Pass      ; Pass         ; Inapplicable ; Pass      ; Pass      ; Inapplicable ; Pass         ; Inapplicable ; Inapplicable ; Inapplicable ; Inapplicable ; Pass         ; Inapplicable ; Inapplicable ; Inapplicable ; Inapplicable ; Pass         ; Inapplicable ; Inapplicable ; Inapplicable ; Inapplicable ; Inapplicable ; Pass      ; Inapplicable ; Inapplicable ;
; seg2[1]            ; Pass         ; Inapplicable ; Pass         ; Inapplicable ; Inapplicable ; Pass      ; Pass         ; Inapplicable ; Pass      ; Pass      ; Inapplicable ; Pass         ; Inapplicable ; Inapplicable ; Inapplicable ; Inapplicable ; Pass         ; Inapplicable ; Inapplicable ; Inapplicable ; Inapplicable ; Pass         ; Inapplicable ; Inapplicable ; Inapplicable ; Inapplicable ; Inapplicable ; Pass      ; Inapplicable ; Inapplicable ;
; seg2[2]            ; Pass         ; Inapplicable ; Pass         ; Inapplicable ; Inapplicable ; Pass      ; Pass         ; Inapplicable ; Pass      ; Pass      ; Inapplicable ; Pass         ; Inapplicable ; Inapplicable ; Inapplicable ; Inapplicable ; Pass         ; Inapplicable ; Inapplicable ; Inapplicable ; Inapplicable ; Pass         ; Inapplicable ; Inapplicable ; Inapplicable ; Inapplicable ; Inapplicable ; Pass      ; Inapplicable ; Inapplicable ;
; seg2[3]            ; Pass         ; Inapplicable ; Pass         ; Inapplicable ; Inapplicable ; Pass      ; Pass         ; Inapplicable ; Pass      ; Pass      ; Inapplicable ; Pass         ; Inapplicable ; Inapplicable ; Inapplicable ; Inapplicable ; Pass         ; Inapplicable ; Inapplicable ; Inapplicable ; Inapplicable ; Pass         ; Inapplicable ; Inapplicable ; Inapplicable ; Inapplicable ; Inapplicable ; Pass      ; Inapplicable ; Inapplicable ;
; seg2[4]            ; Pass         ; Inapplicable ; Pass         ; Inapplicable ; Inapplicable ; Pass      ; Pass         ; Inapplicable ; Pass      ; Pass      ; Inapplicable ; Pass         ; Inapplicable ; Inapplicable ; Inapplicable ; Inapplicable ; Pass         ; Inapplicable ; Inapplicable ; Inapplicable ; Inapplicable ; Pass         ; Inapplicable ; Inapplicable ; Inapplicable ; Inapplicable ; Inapplicable ; Pass      ; Inapplicable ; Inapplicable ;
; seg2[5]            ; Pass         ; Inapplicable ; Pass         ; Inapplicable ; Inapplicable ; Pass      ; Pass         ; Inapplicable ; Pass      ; Pass      ; Inapplicable ; Pass         ; Inapplicable ; Inapplicable ; Inapplicable ; Inapplicable ; Pass         ; Inapplicable ; Inapplicable ; Inapplicable ; Inapplicable ; Pass         ; Inapplicable ; Inapplicable ; Inapplicable ; Inapplicable ; Inapplicable ; Pass      ; Inapplicable ; Inapplicable ;
; seg2[6]            ; Pass         ; Inapplicable ; Pass         ; Inapplicable ; Inapplicable ; Pass      ; Pass         ; Inapplicable ; Pass      ; Pass      ; Inapplicable ; Pass         ; Inapplicable ; Inapplicable ; Inapplicable ; Inapplicable ; Pass         ; Inapplicable ; Inapplicable ; Inapplicable ; Inapplicable ; Pass         ; Inapplicable ; Inapplicable ; Inapplicable ; Inapplicable ; Inapplicable ; Pass      ; Inapplicable ; Inapplicable ;
; dout_r[0]          ; Pass         ; Inapplicable ; Pass         ; Inapplicable ; Inapplicable ; Pass      ; Pass         ; Inapplicable ; Pass      ; Pass      ; Inapplicable ; Pass         ; Inapplicable ; Inapplicable ; Inapplicable ; Inapplicable ; Pass         ; Inapplicable ; Inapplicable ; Inapplicable ; Inapplicable ; Pass         ; Inapplicable ; Inapplicable ; Inapplicable ; Inapplicable ; Inapplicable ; Pass      ; Inapplicable ; Inapplicable ;
; dout_r[1]          ; Pass         ; Inapplicable ; Pass         ; Inapplicable ; Inapplicable ; Pass      ; Pass         ; Inapplicable ; Pass      ; Pass      ; Inapplicable ; Pass         ; Inapplicable ; Inapplicable ; Inapplicable ; Inapplicable ; Pass         ; Inapplicable ; Inapplicable ; Inapplicable ; Inapplicable ; Pass         ; Inapplicable ; Inapplicable ; Inapplicable ; Inapplicable ; Inapplicable ; Pass      ; Inapplicable ; Inapplicable ;
; dout_r[2]          ; Pass         ; Inapplicable ; Pass         ; Inapplicable ; Inapplicable ; Pass      ; Pass         ; Inapplicable ; Pass      ; Pass      ; Inapplicable ; Pass         ; Inapplicable ; Inapplicable ; Inapplicable ; Inapplicable ; Pass         ; Inapplicable ; Inapplicable ; Inapplicable ; Inapplicable ; Pass         ; Inapplicable ; Inapplicable ; Inapplicable ; Inapplicable ; Inapplicable ; Pass      ; Inapplicable ; Inapplicable ;
; dout_r[3]          ; Pass         ; Inapplicable ; Pass         ; Inapplicable ; Inapplicable ; Pass      ; Pass         ; Inapplicable ; Pass      ; Pass      ; Inapplicable ; Pass         ; Inapplicable ; Inapplicable ; Inapplicable ; Inapplicable ; Pass         ; Inapplicable ; Inapplicable ; Inapplicable ; Inapplicable ; Pass         ; Inapplicable ; Inapplicable ; Inapplicable ; Inapplicable ; Inapplicable ; Pass      ; Inapplicable ; Inapplicable ;
; dout_g[0]          ; Pass         ; Inapplicable ; Pass         ; Inapplicable ; Inapplicable ; Pass      ; Pass         ; Inapplicable ; Pass      ; Pass      ; Inapplicable ; Pass         ; Inapplicable ; Inapplicable ; Inapplicable ; Inapplicable ; Pass         ; Inapplicable ; Inapplicable ; Inapplicable ; Inapplicable ; Pass         ; Inapplicable ; Inapplicable ; Inapplicable ; Inapplicable ; Inapplicable ; Pass      ; Inapplicable ; Inapplicable ;
; dout_g[1]          ; Pass         ; Inapplicable ; Pass         ; Inapplicable ; Inapplicable ; Pass      ; Pass         ; Inapplicable ; Pass      ; Pass      ; Inapplicable ; Pass         ; Inapplicable ; Inapplicable ; Inapplicable ; Inapplicable ; Pass         ; Inapplicable ; Inapplicable ; Inapplicable ; Inapplicable ; Pass         ; Inapplicable ; Inapplicable ; Inapplicable ; Inapplicable ; Inapplicable ; Pass      ; Inapplicable ; Inapplicable ;
; dout_g[2]          ; Pass         ; Inapplicable ; Pass         ; Inapplicable ; Inapplicable ; Pass      ; Pass         ; Inapplicable ; Pass      ; Pass      ; Inapplicable ; Pass         ; Inapplicable ; Inapplicable ; Inapplicable ; Inapplicable ; Pass         ; Inapplicable ; Inapplicable ; Inapplicable ; Inapplicable ; Pass         ; Inapplicable ; Inapplicable ; Inapplicable ; Inapplicable ; Inapplicable ; Pass      ; Inapplicable ; Inapplicable ;
; dout_g[3]          ; Pass         ; Inapplicable ; Pass         ; Inapplicable ; Inapplicable ; Pass      ; Pass         ; Inapplicable ; Pass      ; Pass      ; Inapplicable ; Pass         ; Inapplicable ; Inapplicable ; Inapplicable ; Inapplicable ; Pass         ; Inapplicable ; Inapplicable ; Inapplicable ; Inapplicable ; Pass         ; Inapplicable ; Inapplicable ; Inapplicable ; Inapplicable ; Inapplicable ; Pass      ; Inapplicable ; Inapplicable ;
; dout_b[0]          ; Pass         ; Inapplicable ; Pass         ; Inapplicable ; Inapplicable ; Pass      ; Pass         ; Inapplicable ; Pass      ; Pass      ; Inapplicable ; Pass         ; Inapplicable ; Inapplicable ; Inapplicable ; Inapplicable ; Pass         ; Inapplicable ; Inapplicable ; Inapplicable ; Inapplicable ; Pass         ; Inapplicable ; Inapplicable ; Inapplicable ; Inapplicable ; Inapplicable ; Pass      ; Inapplicable ; Inapplicable ;
; dout_b[1]          ; Pass         ; Inapplicable ; Pass         ; Inapplicable ; Inapplicable ; Pass      ; Pass         ; Inapplicable ; Pass      ; Pass      ; Inapplicable ; Pass         ; Inapplicable ; Inapplicable ; Inapplicable ; Inapplicable ; Pass         ; Inapplicable ; Inapplicable ; Inapplicable ; Inapplicable ; Pass         ; Inapplicable ; Inapplicable ; Inapplicable ; Inapplicable ; Inapplicable ; Pass      ; Inapplicable ; Inapplicable ;
; dout_b[2]          ; Pass         ; Inapplicable ; Pass         ; Inapplicable ; Inapplicable ; Pass      ; Pass         ; Inapplicable ; Pass      ; Pass      ; Inapplicable ; Pass         ; Inapplicable ; Inapplicable ; Inapplicable ; Inapplicable ; Pass         ; Inapplicable ; Inapplicable ; Inapplicable ; Inapplicable ; Pass         ; Inapplicable ; Inapplicable ; Inapplicable ; Inapplicable ; Inapplicable ; Pass      ; Inapplicable ; Inapplicable ;
; dout_b[3]          ; Pass         ; Inapplicable ; Pass         ; Inapplicable ; Inapplicable ; Pass      ; Pass         ; Inapplicable ; Pass      ; Pass      ; Inapplicable ; Pass         ; Inapplicable ; Inapplicable ; Inapplicable ; Inapplicable ; Pass         ; Inapplicable ; Inapplicable ; Inapplicable ; Inapplicable ; Pass         ; Inapplicable ; Inapplicable ; Inapplicable ; Inapplicable ; Inapplicable ; Pass      ; Inapplicable ; Inapplicable ;
; startGame          ; Pass         ; Inapplicable ; Pass         ; Inapplicable ; Inapplicable ; Pass      ; Pass         ; Inapplicable ; Pass      ; Pass      ; Inapplicable ; Inapplicable ; Inapplicable ; Inapplicable ; Pass         ; Inapplicable ; Inapplicable ; Pass         ; Inapplicable ; Inapplicable ; Inapplicable ; Inapplicable ; Inapplicable ; Inapplicable ; Inapplicable ; Inapplicable ; Inapplicable ; Pass      ; Inapplicable ; Inapplicable ;
; Rst                ; Pass         ; Inapplicable ; Pass         ; Inapplicable ; Inapplicable ; Pass      ; Pass         ; Inapplicable ; Pass      ; Pass      ; Inapplicable ; Inapplicable ; Inapplicable ; Inapplicable ; Pass         ; Inapplicable ; Inapplicable ; Pass         ; Inapplicable ; Inapplicable ; Inapplicable ; Inapplicable ; Inapplicable ; Inapplicable ; Inapplicable ; Inapplicable ; Inapplicable ; Pass      ; Inapplicable ; Inapplicable ;
; clk_in             ; Pass         ; Inapplicable ; Pass         ; Inapplicable ; Inapplicable ; Pass      ; Pass         ; Inapplicable ; Pass      ; Pass      ; Inapplicable ; Inapplicable ; Inapplicable ; Inapplicable ; Pass         ; Inapplicable ; Inapplicable ; Pass         ; Inapplicable ; Inapplicable ; Inapplicable ; Inapplicable ; Inapplicable ; Inapplicable ; Inapplicable ; Inapplicable ; Inapplicable ; Pass      ; Inapplicable ; Inapplicable ;
; i_serial           ; Inapplicable ; Inapplicable ; Inapplicable ; Inapplicable ; Inapplicable ; Pass      ; Inapplicable ; Inapplicable ; Pass      ; Pass      ; Inapplicable ; Inapplicable ; Inapplicable ; Inapplicable ; Pass         ; Inapplicable ; Inapplicable ; Pass         ; Inapplicable ; Inapplicable ; Inapplicable ; Inapplicable ; Inapplicable ; Inapplicable ; Inapplicable ; Inapplicable ; Inapplicable ; Pass      ; Inapplicable ; Inapplicable ;
; paddleup2          ; Pass         ; Inapplicable ; Pass         ; Inapplicable ; Inapplicable ; Pass      ; Pass         ; Inapplicable ; Pass      ; Pass      ; Inapplicable ; Inapplicable ; Inapplicable ; Inapplicable ; Pass         ; Inapplicable ; Inapplicable ; Pass         ; Inapplicable ; Inapplicable ; Inapplicable ; Inapplicable ; Inapplicable ; Inapplicable ; Inapplicable ; Inapplicable ; Inapplicable ; Pass      ; Inapplicable ; Inapplicable ;
; paddledwn2         ; Pass         ; Inapplicable ; Pass         ; Inapplicable ; Inapplicable ; Pass      ; Pass         ; Inapplicable ; Pass      ; Pass      ; Inapplicable ; Inapplicable ; Inapplicable ; Inapplicable ; Pass         ; Inapplicable ; Inapplicable ; Pass         ; Inapplicable ; Inapplicable ; Inapplicable ; Inapplicable ; Inapplicable ; Inapplicable ; Inapplicable ; Inapplicable ; Inapplicable ; Pass      ; Inapplicable ; Inapplicable ;
+--------------------+--------------+--------------+--------------+--------------+--------------+-----------+--------------+--------------+-----------+-----------+--------------+--------------+--------------+--------------+--------------+--------------+--------------+--------------+--------------+--------------+--------------+--------------+--------------+--------------+--------------+--------------+--------------+-----------+--------------+--------------+


+-------------------------------------------------------------------------+
; Fitter Device Options                                                   ;
+----------------------------------------------+--------------------------+
; Option                                       ; Setting                  ;
+----------------------------------------------+--------------------------+
; Enable user-supplied start-up clock (CLKUSR) ; Off                      ;
; Enable device-wide reset (DEV_CLRn)          ; Off                      ;
; Enable device-wide output enable (DEV_OE)    ; Off                      ;
; Enable INIT_DONE output                      ; Off                      ;
; Configuration scheme                         ; Active Serial            ;
; Error detection CRC                          ; Off                      ;
; Enable Open Drain on CRC Error pin           ; Off                      ;
; Configuration Voltage Level                  ; Auto                     ;
; Force Configuration Voltage Level            ; Off                      ;
; nCEO                                         ; Unreserved               ;
; Data[0]                                      ; As input tri-stated      ;
; Data[1]/ASDO                                 ; As input tri-stated      ;
; Data[7..2]                                   ; Unreserved               ;
; FLASH_nCE/nCSO                               ; As input tri-stated      ;
; Other Active Parallel pins                   ; Unreserved               ;
; DCLK                                         ; As output driving ground ;
; Base pin-out file on sameframe device        ; Off                      ;
+----------------------------------------------+--------------------------+


+------------------------------------+
; Operating Settings and Conditions  ;
+---------------------------+--------+
; Setting                   ; Value  ;
+---------------------------+--------+
; Nominal Core Voltage      ; 1.20 V ;
; Low Junction Temperature  ; 0 °C   ;
; High Junction Temperature ; 85 °C  ;
+---------------------------+--------+


+------------------------------------------------------------+
; Estimated Delay Added for Hold Timing                      ;
+-----------------+----------------------+-------------------+
; Source Clock(s) ; Destination Clock(s) ; Delay Added in ns ;
+-----------------+----------------------+-------------------+


+-----------------+
; Fitter Messages ;
+-----------------+
Info: *******************************************************************
Info: Running Quartus II Fitter
    Info: Version 9.1 Build 350 03/24/2010 Service Pack 2 SJ Web Edition
    Info: Processing started: Sat Sep 16 18:48:25 2023
Info: Command: quartus_fit --read_settings_files=off --write_settings_files=off pong-game -c pongTop
Info: Selected device EP3C16F484C6 for design "pongTop"
Info: Low junction temperature is 0 degrees C
Info: High junction temperature is 85 degrees C
Info: Fitter is performing an Auto Fit compilation, which may decrease Fitter effort to reduce compilation time
Warning: Feature LogicLock is only available with a valid subscription license. Please purchase a software subscription to gain full access to this feature.
Info: Device migration not selected. If you intend to use device migration later, you may need to change the pin assignments as they may be incompatible with other devices
    Info: Device EP3C40F484C6 is compatible
    Info: Device EP3C55F484C6 is compatible
    Info: Device EP3C80F484C6 is compatible
Info: Fitter converted 4 user pins into dedicated programming pins
    Info: Pin ~ALTERA_ASDO_DATA1~ is reserved at location D1
    Info: Pin ~ALTERA_FLASH_nCE_nCSO~ is reserved at location E2
    Info: Pin ~ALTERA_DCLK~ is reserved at location K2
    Info: Pin ~ALTERA_DATA0~ is reserved at location K1
Warning: Some pins have incomplete I/O assignments. Refer to the I/O Assignment Warnings report for details
Critical Warning: No exact pin location assignment(s) for 1 pins of 34 total pins
    Info: Pin i_serial not assigned to an exact location on the device
Info: Timing-driven compilation is using the TimeQuest Timing Analyzer
Critical Warning: Synopsys Design Constraints File file not found: 'pongTop.sdc'. A Synopsys Design Constraints File is required by the TimeQuest Timing Analyzer to get proper timing constraints. Without it, the Compiler will not properly optimize the design.
Info: No user constrained base clocks found in the design
Info: No user constrained clock uncertainty found in the design. Calling "derive_clock_uncertainty"
Info: Deriving Clock Uncertainty
    Info: set_clock_uncertainty -rise_from [get_clocks {vga_controller:vga_controller_inst|clk_25}] -rise_to [get_clocks {clk_in}] -setup 0.020
    Info: set_clock_uncertainty -rise_from [get_clocks {vga_controller:vga_controller_inst|clk_25}] -fall_to [get_clocks {clk_in}] -setup 0.020
    Info: set_clock_uncertainty -fall_from [get_clocks {vga_controller:vga_controller_inst|clk_25}] -rise_to [get_clocks {clk_in}] -setup 0.020
    Info: set_clock_uncertainty -fall_from [get_clocks {vga_controller:vga_controller_inst|clk_25}] -fall_to [get_clocks {clk_in}] -setup 0.020
    Info: set_clock_uncertainty -rise_from [get_clocks {vga_controller:vga_controller_inst|clk_25}] -rise_to [get_clocks {clk_in}] -hold 0.020
    Info: set_clock_uncertainty -rise_from [get_clocks {vga_controller:vga_controller_inst|clk_25}] -fall_to [get_clocks {clk_in}] -hold 0.020
    Info: set_clock_uncertainty -fall_from [get_clocks {vga_controller:vga_controller_inst|clk_25}] -rise_to [get_clocks {clk_in}] -hold 0.020
    Info: set_clock_uncertainty -fall_from [get_clocks {vga_controller:vga_controller_inst|clk_25}] -fall_to [get_clocks {clk_in}] -hold 0.020
Info: Timing requirements not specified -- quality metrics such as performance may be sacrificed to reduce compilation time.
Info: Automatically promoted node clk_in~input (placed in PIN G21 (CLK4, DIFFCLK_2p))
    Info: Automatically promoted destinations to use location or clock signal Global Clock CLKCTRL_G9
Info: Automatically promoted node vga_controller:vga_controller_inst|clk_25 
    Info: Automatically promoted destinations to use location or clock signal Global Clock
    Info: Following destination nodes may be non-global or may not use global or regional clocks
        Info: Destination node vga_controller:vga_controller_inst|clk_25~0
Info: Starting register packing
Extra Info: Performing register packing on registers with non-logic cell location assignments
Extra Info: Completed register packing on registers with non-logic cell location assignments
Extra Info: Started Fast Input/Output/OE register processing
Extra Info: Finished Fast Input/Output/OE register processing
Extra Info: Moving registers into I/O cells, Multiplier Blocks, and RAM blocks to improve timing and density
Extra Info: Finished moving registers into I/O cells, Multiplier Blocks, and RAM blocks
Info: Finished register packing
    Extra Info: No registers were packed into other blocks
Info: Statistics of I/O pins that need to be placed that use the same VCCIO and VREF, before I/O pin placement
    Info: Number of I/O pins in group: 1 (unused VREF, 2.5V VCCIO, 1 input, 0 output, 0 bidirectional)
        Info: I/O standards used: 2.5 V.
Info: I/O bank details before I/O pin placement
    Info: Statistics of I/O banks
        Info: I/O bank number 1 does not use VREF pins and has undetermined VCCIO pins. 8 total pin(s) used --  25 pins available
        Info: I/O bank number 2 does not use VREF pins and has undetermined VCCIO pins. 0 total pin(s) used --  48 pins available
        Info: I/O bank number 3 does not use VREF pins and has undetermined VCCIO pins. 0 total pin(s) used --  46 pins available
        Info: I/O bank number 4 does not use VREF pins and has undetermined VCCIO pins. 0 total pin(s) used --  41 pins available
        Info: I/O bank number 5 does not use VREF pins and has undetermined VCCIO pins. 0 total pin(s) used --  46 pins available
        Info: I/O bank number 6 does not use VREF pins and has 2.5V VCCIO pins. 15 total pin(s) used --  28 pins available
        Info: I/O bank number 7 does not use VREF pins and has 2.5V VCCIO pins. 14 total pin(s) used --  33 pins available
        Info: I/O bank number 8 does not use VREF pins and has undetermined VCCIO pins. 0 total pin(s) used --  43 pins available
Warning: Ignored locations or region assignments to the following nodes
    Warning: Node "RXD" is assigned to location or region, but does not exist in design
Info: Fitter preparation operations ending: elapsed time is 00:00:01
Info: Fitter placement preparation operations beginning
Info: Fitter placement preparation operations ending: elapsed time is 00:00:00
Info: Fitter placement operations beginning
Info: Fitter placement was successful
Info: Fitter placement operations ending: elapsed time is 00:00:00
Info: Fitter routing operations beginning
Info: Average interconnect usage is 1% of the available device resources
    Info: Peak interconnect usage is 5% of the available device resources in the region that extends from location X21_Y10 to location X30_Y19
Info: Fitter routing operations ending: elapsed time is 00:00:01
Info: The Fitter performed an Auto Fit compilation.  Optimizations were skipped to reduce compilation time.
    Info: Optimizations that may affect the design's routability were skipped
    Info: Optimizations that may affect the design's timing were skipped
Info: Started post-fitting delay annotation
Info: Delay annotation completed successfully
Warning: Found invalid Fitter assignments. See the Ignored Assignments panel in the Fitter Compilation Report for more information.
Info: Quartus II Fitter was successful. 0 errors, 7 warnings
    Info: Peak virtual memory: 275 megabytes
    Info: Processing ended: Sat Sep 16 18:48:32 2023
    Info: Elapsed time: 00:00:07
    Info: Total CPU time (on all processors): 00:00:07


