TimeQuest Timing Analyzer report for transmitter
Fri Sep 15 10:01:04 2023
Quartus II Version 9.1 Build 350 03/24/2010 Service Pack 2 SJ Web Edition


---------------------
; Table of Contents ;
---------------------
  1. Legal Notice
  2. TimeQuest Timing Analyzer Summary
  3. Parallel Compilation
  4. Clocks
  5. Slow 1200mV 85C Model Fmax Summary
  6. Slow 1200mV 85C Model Setup Summary
  7. Slow 1200mV 85C Model Hold Summary
  8. Slow 1200mV 85C Model Recovery Summary
  9. Slow 1200mV 85C Model Removal Summary
 10. Slow 1200mV 85C Model Minimum Pulse Width Summary
 11. Slow 1200mV 85C Model Setup: 'inst10'
 12. Slow 1200mV 85C Model Setup: 'clk'
 13. Slow 1200mV 85C Model Hold: 'clk'
 14. Slow 1200mV 85C Model Hold: 'inst10'
 15. Slow 1200mV 85C Model Minimum Pulse Width: 'clk'
 16. Slow 1200mV 85C Model Minimum Pulse Width: 'inst10'
 17. Setup Times
 18. Hold Times
 19. Clock to Output Times
 20. Minimum Clock to Output Times
 21. Propagation Delay
 22. Minimum Propagation Delay
 23. Slow 1200mV 85C Model Metastability Report
 24. Slow 1200mV 0C Model Fmax Summary
 25. Slow 1200mV 0C Model Setup Summary
 26. Slow 1200mV 0C Model Hold Summary
 27. Slow 1200mV 0C Model Recovery Summary
 28. Slow 1200mV 0C Model Removal Summary
 29. Slow 1200mV 0C Model Minimum Pulse Width Summary
 30. Slow 1200mV 0C Model Setup: 'inst10'
 31. Slow 1200mV 0C Model Setup: 'clk'
 32. Slow 1200mV 0C Model Hold: 'clk'
 33. Slow 1200mV 0C Model Hold: 'inst10'
 34. Slow 1200mV 0C Model Minimum Pulse Width: 'clk'
 35. Slow 1200mV 0C Model Minimum Pulse Width: 'inst10'
 36. Setup Times
 37. Hold Times
 38. Clock to Output Times
 39. Minimum Clock to Output Times
 40. Propagation Delay
 41. Minimum Propagation Delay
 42. Slow 1200mV 0C Model Metastability Report
 43. Fast 1200mV 0C Model Setup Summary
 44. Fast 1200mV 0C Model Hold Summary
 45. Fast 1200mV 0C Model Recovery Summary
 46. Fast 1200mV 0C Model Removal Summary
 47. Fast 1200mV 0C Model Minimum Pulse Width Summary
 48. Fast 1200mV 0C Model Setup: 'inst10'
 49. Fast 1200mV 0C Model Setup: 'clk'
 50. Fast 1200mV 0C Model Hold: 'clk'
 51. Fast 1200mV 0C Model Hold: 'inst10'
 52. Fast 1200mV 0C Model Minimum Pulse Width: 'clk'
 53. Fast 1200mV 0C Model Minimum Pulse Width: 'inst10'
 54. Setup Times
 55. Hold Times
 56. Clock to Output Times
 57. Minimum Clock to Output Times
 58. Propagation Delay
 59. Minimum Propagation Delay
 60. Fast 1200mV 0C Model Metastability Report
 61. Multicorner Timing Analysis Summary
 62. Setup Times
 63. Hold Times
 64. Clock to Output Times
 65. Minimum Clock to Output Times
 66. Progagation Delay
 67. Minimum Progagation Delay
 68. Board Trace Model Assignments
 69. Input Transition Times
 70. Slow Corner Signal Integrity Metrics
 71. Fast Corner Signal Integrity Metrics
 72. Setup Transfers
 73. Hold Transfers
 74. Report TCCS
 75. Report RSKM
 76. Unconstrained Paths
 77. TimeQuest Timing Analyzer Messages



----------------
; Legal Notice ;
----------------
Copyright (C) 1991-2010 Altera Corporation
Your use of Altera Corporation's design tools, logic functions 
and other software and tools, and its AMPP partner logic 
functions, and any output files from any of the foregoing 
(including device programming or simulation files), and any 
associated documentation or information are expressly subject 
to the terms and conditions of the Altera Program License 
Subscription Agreement, Altera MegaCore Function License 
Agreement, or other applicable license agreement, including, 
without limitation, that your use is for the sole purpose of 
programming logic devices manufactured by Altera and sold by 
Altera or its authorized distributors.  Please refer to the 
applicable agreement for further details.



+-------------------------------------------------------------------------------------+
; TimeQuest Timing Analyzer Summary                                                   ;
+--------------------+----------------------------------------------------------------+
; Quartus II Version ; Version 9.1 Build 350 03/24/2010 Service Pack 2 SJ Web Edition ;
; Revision Name      ; transmitter                                                    ;
; Device Family      ; Cyclone III                                                    ;
; Device Name        ; EP3C16F484C6                                                   ;
; Timing Models      ; Final                                                          ;
; Delay Model        ; Combined                                                       ;
; Rise/Fall Delays   ; Enabled                                                        ;
+--------------------+----------------------------------------------------------------+


Parallel compilation was disabled, but you have multiple processors available. Enable parallel compilation to reduce compilation time.
+-------------------------------------+
; Parallel Compilation                ;
+----------------------------+--------+
; Processors                 ; Number ;
+----------------------------+--------+
; Number detected on machine ; 2      ;
; Maximum allowed            ; 1      ;
+----------------------------+--------+


+------------------------------------------------------------------------------------------------------------------------------------------------------------------------------------+
; Clocks                                                                                                                                                                             ;
+------------+------+--------+------------+-------+-------+------------+-----------+-------------+-------+--------+-----------+------------+----------+--------+--------+------------+
; Clock Name ; Type ; Period ; Frequency  ; Rise  ; Fall  ; Duty Cycle ; Divide by ; Multiply by ; Phase ; Offset ; Edge List ; Edge Shift ; Inverted ; Master ; Source ; Targets    ;
+------------+------+--------+------------+-------+-------+------------+-----------+-------------+-------+--------+-----------+------------+----------+--------+--------+------------+
; clk        ; Base ; 1.000  ; 1000.0 MHz ; 0.000 ; 0.500 ;            ;           ;             ;       ;        ;           ;            ;          ;        ;        ; { clk }    ;
; inst10     ; Base ; 1.000  ; 1000.0 MHz ; 0.000 ; 0.500 ;            ;           ;             ;       ;        ;           ;            ;          ;        ;        ; { inst10 } ;
+------------+------+--------+------------+-------+-------+------------+-----------+-------------+-------+--------+-----------+------------+----------+--------+--------+------------+


+--------------------------------------------------+
; Slow 1200mV 85C Model Fmax Summary               ;
+------------+-----------------+------------+------+
; Fmax       ; Restricted Fmax ; Clock Name ; Note ;
+------------+-----------------+------------+------+
; 285.55 MHz ; 285.55 MHz      ; inst10     ;      ;
+------------+-----------------+------------+------+
This panel reports FMAX for every clock in the design, regardless of the user-specified clock periods.  FMAX is only computed for paths where the source and destination registers or ports are driven by the same clock.  Paths of different clocks, including generated clocks, are ignored.  For paths between a clock and its inversion, FMAX is computed as if the rising and falling edges are scaled along with FMAX, such that the duty cycle (in terms of a percentage) is maintained. Altera recommends that you always use clock constraints and other slack reports for sign-off analysis.


+-------------------------------------+
; Slow 1200mV 85C Model Setup Summary ;
+--------+--------+-------------------+
; Clock  ; Slack  ; End Point TNS     ;
+--------+--------+-------------------+
; inst10 ; -2.502 ; -49.707           ;
; clk    ; 0.085  ; 0.000             ;
+--------+--------+-------------------+


+------------------------------------+
; Slow 1200mV 85C Model Hold Summary ;
+--------+--------+------------------+
; Clock  ; Slack  ; End Point TNS    ;
+--------+--------+------------------+
; clk    ; -0.156 ; -0.156           ;
; inst10 ; 0.337  ; 0.000            ;
+--------+--------+------------------+


------------------------------------------
; Slow 1200mV 85C Model Recovery Summary ;
------------------------------------------
No paths to report.


-----------------------------------------
; Slow 1200mV 85C Model Removal Summary ;
-----------------------------------------
No paths to report.


+---------------------------------------------------+
; Slow 1200mV 85C Model Minimum Pulse Width Summary ;
+--------+--------+---------------------------------+
; Clock  ; Slack  ; End Point TNS                   ;
+--------+--------+---------------------------------+
; clk    ; -3.000 ; -4.000                          ;
; inst10 ; -1.000 ; -34.000                         ;
+--------+--------+---------------------------------+


+----------------------------------------------------------------------------------------------------------------------------------------------+
; Slow 1200mV 85C Model Setup: 'inst10'                                                                                                        ;
+--------+-------------------------------+-------------------------------+--------------+-------------+--------------+------------+------------+
; Slack  ; From Node                     ; To Node                       ; Launch Clock ; Latch Clock ; Relationship ; Clock Skew ; Data Delay ;
+--------+-------------------------------+-------------------------------+--------------+-------------+--------------+------------+------------+
; -2.502 ; transmitter:inst14|tcount[5]  ; transmitter:inst14|tcount[11] ; inst10       ; inst10      ; 1.000        ; -0.062     ; 3.435      ;
; -2.496 ; transmitter:inst14|tcount[5]  ; transmitter:inst14|tcount[12] ; inst10       ; inst10      ; 1.000        ; -0.062     ; 3.429      ;
; -2.386 ; transmitter:inst14|tcount[5]  ; transmitter:inst14|tcount[9]  ; inst10       ; inst10      ; 1.000        ; -0.062     ; 3.319      ;
; -2.380 ; transmitter:inst14|tcount[5]  ; transmitter:inst14|tcount[10] ; inst10       ; inst10      ; 1.000        ; -0.062     ; 3.313      ;
; -2.301 ; transmitter:inst14|tcount[6]  ; transmitter:inst14|tcount[11] ; inst10       ; inst10      ; 1.000        ; -0.062     ; 3.234      ;
; -2.295 ; transmitter:inst14|tcount[6]  ; transmitter:inst14|tcount[12] ; inst10       ; inst10      ; 1.000        ; -0.062     ; 3.228      ;
; -2.289 ; transmitter:inst14|tcount[11] ; transmitter:inst14|tcount[11] ; inst10       ; inst10      ; 1.000        ; -0.062     ; 3.222      ;
; -2.283 ; transmitter:inst14|tcount[11] ; transmitter:inst14|tcount[12] ; inst10       ; inst10      ; 1.000        ; -0.062     ; 3.216      ;
; -2.277 ; transmitter:inst14|tcount[10] ; transmitter:inst14|tcount[11] ; inst10       ; inst10      ; 1.000        ; -0.062     ; 3.210      ;
; -2.271 ; transmitter:inst14|tcount[10] ; transmitter:inst14|tcount[12] ; inst10       ; inst10      ; 1.000        ; -0.062     ; 3.204      ;
; -2.270 ; transmitter:inst14|tcount[5]  ; transmitter:inst14|tcount[7]  ; inst10       ; inst10      ; 1.000        ; -0.062     ; 3.203      ;
; -2.264 ; transmitter:inst14|tcount[5]  ; transmitter:inst14|tcount[8]  ; inst10       ; inst10      ; 1.000        ; -0.062     ; 3.197      ;
; -2.254 ; transmitter:inst14|tcount[9]  ; transmitter:inst14|tcount[11] ; inst10       ; inst10      ; 1.000        ; -0.062     ; 3.187      ;
; -2.248 ; transmitter:inst14|tcount[9]  ; transmitter:inst14|tcount[12] ; inst10       ; inst10      ; 1.000        ; -0.062     ; 3.181      ;
; -2.231 ; transmitter:inst14|tcount[3]  ; transmitter:inst14|tcount[11] ; inst10       ; inst10      ; 1.000        ; -0.062     ; 3.164      ;
; -2.225 ; transmitter:inst14|tcount[3]  ; transmitter:inst14|tcount[12] ; inst10       ; inst10      ; 1.000        ; -0.062     ; 3.158      ;
; -2.222 ; transmitter:inst14|tcount[7]  ; transmitter:inst14|tcount[11] ; inst10       ; inst10      ; 1.000        ; -0.062     ; 3.155      ;
; -2.216 ; transmitter:inst14|tcount[7]  ; transmitter:inst14|tcount[12] ; inst10       ; inst10      ; 1.000        ; -0.062     ; 3.149      ;
; -2.185 ; transmitter:inst14|tcount[6]  ; transmitter:inst14|tcount[9]  ; inst10       ; inst10      ; 1.000        ; -0.062     ; 3.118      ;
; -2.179 ; transmitter:inst14|tcount[6]  ; transmitter:inst14|tcount[10] ; inst10       ; inst10      ; 1.000        ; -0.062     ; 3.112      ;
; -2.174 ; transmitter:inst14|tcount[2]  ; transmitter:inst14|tcount[11] ; inst10       ; inst10      ; 1.000        ; -0.062     ; 3.107      ;
; -2.173 ; transmitter:inst14|tcount[11] ; transmitter:inst14|tcount[9]  ; inst10       ; inst10      ; 1.000        ; -0.062     ; 3.106      ;
; -2.168 ; transmitter:inst14|tcount[2]  ; transmitter:inst14|tcount[12] ; inst10       ; inst10      ; 1.000        ; -0.062     ; 3.101      ;
; -2.167 ; transmitter:inst14|tcount[11] ; transmitter:inst14|tcount[10] ; inst10       ; inst10      ; 1.000        ; -0.062     ; 3.100      ;
; -2.161 ; transmitter:inst14|tcount[10] ; transmitter:inst14|tcount[9]  ; inst10       ; inst10      ; 1.000        ; -0.062     ; 3.094      ;
; -2.155 ; transmitter:inst14|tcount[10] ; transmitter:inst14|tcount[10] ; inst10       ; inst10      ; 1.000        ; -0.062     ; 3.088      ;
; -2.154 ; transmitter:inst14|tcount[5]  ; transmitter:inst14|tcount[5]  ; inst10       ; inst10      ; 1.000        ; -0.062     ; 3.087      ;
; -2.148 ; transmitter:inst14|tcount[5]  ; transmitter:inst14|tcount[6]  ; inst10       ; inst10      ; 1.000        ; -0.062     ; 3.081      ;
; -2.138 ; transmitter:inst14|tcount[9]  ; transmitter:inst14|tcount[9]  ; inst10       ; inst10      ; 1.000        ; -0.062     ; 3.071      ;
; -2.132 ; transmitter:inst14|tcount[9]  ; transmitter:inst14|tcount[10] ; inst10       ; inst10      ; 1.000        ; -0.062     ; 3.065      ;
; -2.115 ; transmitter:inst14|tcount[3]  ; transmitter:inst14|tcount[9]  ; inst10       ; inst10      ; 1.000        ; -0.062     ; 3.048      ;
; -2.109 ; transmitter:inst14|tcount[3]  ; transmitter:inst14|tcount[10] ; inst10       ; inst10      ; 1.000        ; -0.062     ; 3.042      ;
; -2.106 ; transmitter:inst14|tcount[7]  ; transmitter:inst14|tcount[9]  ; inst10       ; inst10      ; 1.000        ; -0.062     ; 3.039      ;
; -2.105 ; transmitter:inst14|tcount[4]  ; transmitter:inst14|tcount[11] ; inst10       ; inst10      ; 1.000        ; -0.062     ; 3.038      ;
; -2.100 ; transmitter:inst14|tcount[7]  ; transmitter:inst14|tcount[10] ; inst10       ; inst10      ; 1.000        ; -0.062     ; 3.033      ;
; -2.099 ; transmitter:inst14|tcount[4]  ; transmitter:inst14|tcount[12] ; inst10       ; inst10      ; 1.000        ; -0.062     ; 3.032      ;
; -2.069 ; transmitter:inst14|tcount[6]  ; transmitter:inst14|tcount[7]  ; inst10       ; inst10      ; 1.000        ; -0.062     ; 3.002      ;
; -2.068 ; transmitter:inst14|tcount[1]  ; transmitter:inst14|tcount[11] ; inst10       ; inst10      ; 1.000        ; -0.062     ; 3.001      ;
; -2.063 ; transmitter:inst14|tcount[6]  ; transmitter:inst14|tcount[8]  ; inst10       ; inst10      ; 1.000        ; -0.062     ; 2.996      ;
; -2.062 ; transmitter:inst14|tcount[1]  ; transmitter:inst14|tcount[12] ; inst10       ; inst10      ; 1.000        ; -0.062     ; 2.995      ;
; -2.058 ; transmitter:inst14|tcount[2]  ; transmitter:inst14|tcount[9]  ; inst10       ; inst10      ; 1.000        ; -0.062     ; 2.991      ;
; -2.057 ; transmitter:inst14|tcount[11] ; transmitter:inst14|tcount[7]  ; inst10       ; inst10      ; 1.000        ; -0.062     ; 2.990      ;
; -2.052 ; transmitter:inst14|tcount[2]  ; transmitter:inst14|tcount[10] ; inst10       ; inst10      ; 1.000        ; -0.062     ; 2.985      ;
; -2.051 ; transmitter:inst14|tcount[11] ; transmitter:inst14|tcount[8]  ; inst10       ; inst10      ; 1.000        ; -0.062     ; 2.984      ;
; -2.045 ; transmitter:inst14|tcount[10] ; transmitter:inst14|tcount[7]  ; inst10       ; inst10      ; 1.000        ; -0.062     ; 2.978      ;
; -2.039 ; transmitter:inst14|tcount[10] ; transmitter:inst14|tcount[8]  ; inst10       ; inst10      ; 1.000        ; -0.062     ; 2.972      ;
; -2.038 ; transmitter:inst14|tcount[5]  ; transmitter:inst14|tcount[3]  ; inst10       ; inst10      ; 1.000        ; -0.062     ; 2.971      ;
; -2.032 ; transmitter:inst14|tcount[5]  ; transmitter:inst14|tcount[4]  ; inst10       ; inst10      ; 1.000        ; -0.062     ; 2.965      ;
; -2.022 ; transmitter:inst14|tcount[9]  ; transmitter:inst14|tcount[7]  ; inst10       ; inst10      ; 1.000        ; -0.062     ; 2.955      ;
; -2.016 ; transmitter:inst14|tcount[8]  ; transmitter:inst14|tcount[11] ; inst10       ; inst10      ; 1.000        ; -0.062     ; 2.949      ;
; -2.016 ; transmitter:inst14|tcount[9]  ; transmitter:inst14|tcount[8]  ; inst10       ; inst10      ; 1.000        ; -0.062     ; 2.949      ;
; -2.010 ; transmitter:inst14|tcount[8]  ; transmitter:inst14|tcount[12] ; inst10       ; inst10      ; 1.000        ; -0.062     ; 2.943      ;
; -2.008 ; transmitter:inst14|tcount[0]  ; transmitter:inst14|tcount[11] ; inst10       ; inst10      ; 1.000        ; -0.062     ; 2.941      ;
; -2.002 ; transmitter:inst14|tcount[0]  ; transmitter:inst14|tcount[12] ; inst10       ; inst10      ; 1.000        ; -0.062     ; 2.935      ;
; -1.999 ; transmitter:inst14|tcount[3]  ; transmitter:inst14|tcount[7]  ; inst10       ; inst10      ; 1.000        ; -0.062     ; 2.932      ;
; -1.993 ; transmitter:inst14|tcount[3]  ; transmitter:inst14|tcount[8]  ; inst10       ; inst10      ; 1.000        ; -0.062     ; 2.926      ;
; -1.990 ; transmitter:inst14|tcount[7]  ; transmitter:inst14|tcount[7]  ; inst10       ; inst10      ; 1.000        ; -0.062     ; 2.923      ;
; -1.989 ; transmitter:inst14|tcount[4]  ; transmitter:inst14|tcount[9]  ; inst10       ; inst10      ; 1.000        ; -0.062     ; 2.922      ;
; -1.984 ; transmitter:inst14|tcount[7]  ; transmitter:inst14|tcount[8]  ; inst10       ; inst10      ; 1.000        ; -0.062     ; 2.917      ;
; -1.983 ; transmitter:inst14|tcount[4]  ; transmitter:inst14|tcount[10] ; inst10       ; inst10      ; 1.000        ; -0.062     ; 2.916      ;
; -1.953 ; transmitter:inst14|tcount[6]  ; transmitter:inst14|tcount[5]  ; inst10       ; inst10      ; 1.000        ; -0.062     ; 2.886      ;
; -1.952 ; transmitter:inst14|tcount[1]  ; transmitter:inst14|tcount[9]  ; inst10       ; inst10      ; 1.000        ; -0.062     ; 2.885      ;
; -1.947 ; transmitter:inst14|tcount[6]  ; transmitter:inst14|tcount[6]  ; inst10       ; inst10      ; 1.000        ; -0.062     ; 2.880      ;
; -1.946 ; transmitter:inst14|tcount[1]  ; transmitter:inst14|tcount[10] ; inst10       ; inst10      ; 1.000        ; -0.062     ; 2.879      ;
; -1.942 ; transmitter:inst14|tcount[2]  ; transmitter:inst14|tcount[7]  ; inst10       ; inst10      ; 1.000        ; -0.062     ; 2.875      ;
; -1.941 ; transmitter:inst14|tcount[11] ; transmitter:inst14|tcount[5]  ; inst10       ; inst10      ; 1.000        ; -0.062     ; 2.874      ;
; -1.936 ; transmitter:inst14|tcount[2]  ; transmitter:inst14|tcount[8]  ; inst10       ; inst10      ; 1.000        ; -0.062     ; 2.869      ;
; -1.935 ; transmitter:inst14|tcount[11] ; transmitter:inst14|tcount[6]  ; inst10       ; inst10      ; 1.000        ; -0.062     ; 2.868      ;
; -1.929 ; transmitter:inst14|tcount[10] ; transmitter:inst14|tcount[5]  ; inst10       ; inst10      ; 1.000        ; -0.062     ; 2.862      ;
; -1.923 ; transmitter:inst14|tcount[10] ; transmitter:inst14|tcount[6]  ; inst10       ; inst10      ; 1.000        ; -0.062     ; 2.856      ;
; -1.922 ; transmitter:inst14|tcount[5]  ; transmitter:inst14|tcount[1]  ; inst10       ; inst10      ; 1.000        ; -0.062     ; 2.855      ;
; -1.916 ; transmitter:inst14|tcount[5]  ; transmitter:inst14|tcount[2]  ; inst10       ; inst10      ; 1.000        ; -0.062     ; 2.849      ;
; -1.906 ; transmitter:inst14|tcount[9]  ; transmitter:inst14|tcount[5]  ; inst10       ; inst10      ; 1.000        ; -0.062     ; 2.839      ;
; -1.900 ; transmitter:inst14|tcount[8]  ; transmitter:inst14|tcount[9]  ; inst10       ; inst10      ; 1.000        ; -0.062     ; 2.833      ;
; -1.900 ; transmitter:inst14|tcount[9]  ; transmitter:inst14|tcount[6]  ; inst10       ; inst10      ; 1.000        ; -0.062     ; 2.833      ;
; -1.894 ; transmitter:inst14|tcount[8]  ; transmitter:inst14|tcount[10] ; inst10       ; inst10      ; 1.000        ; -0.062     ; 2.827      ;
; -1.892 ; transmitter:inst14|tcount[0]  ; transmitter:inst14|tcount[9]  ; inst10       ; inst10      ; 1.000        ; -0.062     ; 2.825      ;
; -1.886 ; transmitter:inst14|tcount[0]  ; transmitter:inst14|tcount[10] ; inst10       ; inst10      ; 1.000        ; -0.062     ; 2.819      ;
; -1.883 ; transmitter:inst14|tcount[3]  ; transmitter:inst14|tcount[5]  ; inst10       ; inst10      ; 1.000        ; -0.062     ; 2.816      ;
; -1.877 ; transmitter:inst14|tcount[3]  ; transmitter:inst14|tcount[6]  ; inst10       ; inst10      ; 1.000        ; -0.062     ; 2.810      ;
; -1.874 ; transmitter:inst14|tcount[7]  ; transmitter:inst14|tcount[5]  ; inst10       ; inst10      ; 1.000        ; -0.062     ; 2.807      ;
; -1.873 ; transmitter:inst14|tcount[4]  ; transmitter:inst14|tcount[7]  ; inst10       ; inst10      ; 1.000        ; -0.062     ; 2.806      ;
; -1.868 ; transmitter:inst14|tcount[7]  ; transmitter:inst14|tcount[6]  ; inst10       ; inst10      ; 1.000        ; -0.062     ; 2.801      ;
; -1.867 ; transmitter:inst14|tcount[4]  ; transmitter:inst14|tcount[8]  ; inst10       ; inst10      ; 1.000        ; -0.062     ; 2.800      ;
; -1.837 ; transmitter:inst14|tcount[6]  ; transmitter:inst14|tcount[3]  ; inst10       ; inst10      ; 1.000        ; -0.062     ; 2.770      ;
; -1.836 ; transmitter:inst14|tcount[1]  ; transmitter:inst14|tcount[7]  ; inst10       ; inst10      ; 1.000        ; -0.062     ; 2.769      ;
; -1.831 ; transmitter:inst14|tcount[6]  ; transmitter:inst14|tcount[4]  ; inst10       ; inst10      ; 1.000        ; -0.062     ; 2.764      ;
; -1.830 ; transmitter:inst14|tcount[1]  ; transmitter:inst14|tcount[8]  ; inst10       ; inst10      ; 1.000        ; -0.062     ; 2.763      ;
; -1.826 ; transmitter:inst14|tcount[2]  ; transmitter:inst14|tcount[5]  ; inst10       ; inst10      ; 1.000        ; -0.062     ; 2.759      ;
; -1.825 ; transmitter:inst14|tcount[11] ; transmitter:inst14|tcount[3]  ; inst10       ; inst10      ; 1.000        ; -0.062     ; 2.758      ;
; -1.820 ; transmitter:inst14|tcount[2]  ; transmitter:inst14|tcount[6]  ; inst10       ; inst10      ; 1.000        ; -0.062     ; 2.753      ;
; -1.819 ; transmitter:inst14|tcount[11] ; transmitter:inst14|tcount[4]  ; inst10       ; inst10      ; 1.000        ; -0.062     ; 2.752      ;
; -1.813 ; transmitter:inst14|tcount[10] ; transmitter:inst14|tcount[3]  ; inst10       ; inst10      ; 1.000        ; -0.062     ; 2.746      ;
; -1.807 ; transmitter:inst14|tcount[10] ; transmitter:inst14|tcount[4]  ; inst10       ; inst10      ; 1.000        ; -0.062     ; 2.740      ;
; -1.790 ; transmitter:inst14|tcount[9]  ; transmitter:inst14|tcount[3]  ; inst10       ; inst10      ; 1.000        ; -0.062     ; 2.723      ;
; -1.784 ; transmitter:inst14|tcount[8]  ; transmitter:inst14|tcount[7]  ; inst10       ; inst10      ; 1.000        ; -0.062     ; 2.717      ;
; -1.784 ; transmitter:inst14|tcount[9]  ; transmitter:inst14|tcount[4]  ; inst10       ; inst10      ; 1.000        ; -0.062     ; 2.717      ;
; -1.778 ; transmitter:inst14|tcount[8]  ; transmitter:inst14|tcount[8]  ; inst10       ; inst10      ; 1.000        ; -0.062     ; 2.711      ;
; -1.776 ; transmitter:inst14|tcount[0]  ; transmitter:inst14|tcount[7]  ; inst10       ; inst10      ; 1.000        ; -0.062     ; 2.709      ;
; -1.770 ; transmitter:inst14|tcount[0]  ; transmitter:inst14|tcount[8]  ; inst10       ; inst10      ; 1.000        ; -0.062     ; 2.703      ;
+--------+-------------------------------+-------------------------------+--------------+-------------+--------------+------------+------------+


+---------------------------------------------------------------------------------------------------+
; Slow 1200mV 85C Model Setup: 'clk'                                                                ;
+-------+-----------+---------+--------------+-------------+--------------+------------+------------+
; Slack ; From Node ; To Node ; Launch Clock ; Latch Clock ; Relationship ; Clock Skew ; Data Delay ;
+-------+-----------+---------+--------------+-------------+--------------+------------+------------+
; 0.085 ; inst10    ; inst10  ; inst10       ; clk         ; 0.500        ; 2.173      ; 2.772      ;
; 0.602 ; inst10    ; inst10  ; inst10       ; clk         ; 1.000        ; 2.173      ; 2.755      ;
+-------+-----------+---------+--------------+-------------+--------------+------------+------------+


+----------------------------------------------------------------------------------------------------+
; Slow 1200mV 85C Model Hold: 'clk'                                                                  ;
+--------+-----------+---------+--------------+-------------+--------------+------------+------------+
; Slack  ; From Node ; To Node ; Launch Clock ; Latch Clock ; Relationship ; Clock Skew ; Data Delay ;
+--------+-----------+---------+--------------+-------------+--------------+------------+------------+
; -0.156 ; inst10    ; inst10  ; inst10       ; clk         ; 0.000        ; 2.249      ; 2.479      ;
; 0.382  ; inst10    ; inst10  ; inst10       ; clk         ; -0.500       ; 2.249      ; 2.517      ;
+--------+-----------+---------+--------------+-------------+--------------+------------+------------+


+-----------------------------------------------------------------------------------------------------------------------------------------------------------------------------------+
; Slow 1200mV 85C Model Hold: 'inst10'                                                                                                                                              ;
+-------+--------------------------------------------------+--------------------------------------------------+--------------+-------------+--------------+------------+------------+
; Slack ; From Node                                        ; To Node                                          ; Launch Clock ; Latch Clock ; Relationship ; Clock Skew ; Data Delay ;
+-------+--------------------------------------------------+--------------------------------------------------+--------------+-------------+--------------+------------+------------+
; 0.337 ; transmitter:inst14|present_state.write_din_data  ; transmitter:inst14|present_state.write_din_data  ; inst10       ; inst10      ; 0.000        ; 0.063      ; 0.577      ;
; 0.337 ; transmitter:inst14|present_state.write_din_stop  ; transmitter:inst14|present_state.write_din_stop  ; inst10       ; inst10      ; 0.000        ; 0.063      ; 0.577      ;
; 0.337 ; transmitter:inst14|present_state.write_din_start ; transmitter:inst14|present_state.write_din_start ; inst10       ; inst10      ; 0.000        ; 0.063      ; 0.577      ;
; 0.337 ; transmitter:inst14|dcount[1]                     ; transmitter:inst14|dcount[1]                     ; inst10       ; inst10      ; 0.000        ; 0.063      ; 0.577      ;
; 0.337 ; transmitter:inst14|dcount[0]                     ; transmitter:inst14|dcount[0]                     ; inst10       ; inst10      ; 0.000        ; 0.063      ; 0.577      ;
; 0.338 ; transmitter:inst14|dint[7]                       ; transmitter:inst14|dint[7]                       ; inst10       ; inst10      ; 0.000        ; 0.062      ; 0.577      ;
; 0.354 ; transmitter:inst14|dint[5]                       ; transmitter:inst14|dint[4]                       ; inst10       ; inst10      ; 0.000        ; 0.062      ; 0.593      ;
; 0.361 ; transmitter:inst14|present_state.test_eoc        ; transmitter:inst14|present_state.shift_count     ; inst10       ; inst10      ; 0.000        ; 0.063      ; 0.601      ;
; 0.371 ; transmitter:inst14|dcount[0]                     ; transmitter:inst14|dcount[1]                     ; inst10       ; inst10      ; 0.000        ; 0.063      ; 0.611      ;
; 0.458 ; transmitter:inst14|dint[6]                       ; transmitter:inst14|dint[5]                       ; inst10       ; inst10      ; 0.000        ; 0.062      ; 0.697      ;
; 0.460 ; transmitter:inst14|dint[4]                       ; transmitter:inst14|dint[3]                       ; inst10       ; inst10      ; 0.000        ; 0.062      ; 0.699      ;
; 0.471 ; transmitter:inst14|present_state.write_din_stop  ; transmitter:inst14|present_state.idle            ; inst10       ; inst10      ; 0.000        ; 0.063      ; 0.711      ;
; 0.472 ; transmitter:inst14|present_state.write_din_data  ; transmitter:inst14|present_state.test_eoc        ; inst10       ; inst10      ; 0.000        ; 0.063      ; 0.712      ;
; 0.532 ; transmitter:inst14|dint[2]                       ; transmitter:inst14|dint[1]                       ; inst10       ; inst10      ; 0.000        ; 0.062      ; 0.771      ;
; 0.533 ; transmitter:inst14|dint[3]                       ; transmitter:inst14|dint[2]                       ; inst10       ; inst10      ; 0.000        ; 0.062      ; 0.772      ;
; 0.535 ; transmitter:inst14|dint[7]                       ; transmitter:inst14|dint[6]                       ; inst10       ; inst10      ; 0.000        ; 0.062      ; 0.774      ;
; 0.537 ; transmitter:inst14|tcount[0]                     ; transmitter:inst14|tcount[0]                     ; inst10       ; inst10      ; 0.000        ; 0.062      ; 0.776      ;
; 0.538 ; transmitter:inst14|tcount[2]                     ; transmitter:inst14|tcount[2]                     ; inst10       ; inst10      ; 0.000        ; 0.062      ; 0.777      ;
; 0.539 ; transmitter:inst14|tcount[10]                    ; transmitter:inst14|tcount[10]                    ; inst10       ; inst10      ; 0.000        ; 0.062      ; 0.778      ;
; 0.540 ; transmitter:inst14|tcount[12]                    ; transmitter:inst14|tcount[12]                    ; inst10       ; inst10      ; 0.000        ; 0.062      ; 0.779      ;
; 0.545 ; transmitter:inst14|present_state.write_din_start ; transmitter:inst14|tx                            ; inst10       ; inst10      ; 0.000        ; 0.063      ; 0.785      ;
; 0.545 ; transmitter:inst14|present_state.clear_timer     ; transmitter:inst14|present_state.write_din_data  ; inst10       ; inst10      ; 0.000        ; 0.063      ; 0.785      ;
; 0.546 ; transmitter:inst14|present_state.write_din_start ; transmitter:inst14|present_state.clear_timer     ; inst10       ; inst10      ; 0.000        ; 0.063      ; 0.786      ;
; 0.550 ; transmitter:inst14|tcount[5]                     ; transmitter:inst14|tcount[5]                     ; inst10       ; inst10      ; 0.000        ; 0.062      ; 0.789      ;
; 0.551 ; transmitter:inst14|tcount[4]                     ; transmitter:inst14|tcount[4]                     ; inst10       ; inst10      ; 0.000        ; 0.062      ; 0.790      ;
; 0.553 ; transmitter:inst14|tcount[7]                     ; transmitter:inst14|tcount[7]                     ; inst10       ; inst10      ; 0.000        ; 0.062      ; 0.792      ;
; 0.554 ; transmitter:inst14|tcount[6]                     ; transmitter:inst14|tcount[6]                     ; inst10       ; inst10      ; 0.000        ; 0.062      ; 0.793      ;
; 0.570 ; transmitter:inst14|present_state.idle            ; transmitter:inst14|dcount[1]                     ; inst10       ; inst10      ; 0.000        ; 0.063      ; 0.810      ;
; 0.570 ; transmitter:inst14|present_state.idle            ; transmitter:inst14|dcount[0]                     ; inst10       ; inst10      ; 0.000        ; 0.063      ; 0.810      ;
; 0.573 ; transmitter:inst14|present_state.idle            ; transmitter:inst14|dcount[2]                     ; inst10       ; inst10      ; 0.000        ; 0.063      ; 0.813      ;
; 0.594 ; transmitter:inst14|dcount[2]                     ; transmitter:inst14|present_state.shift_count     ; inst10       ; inst10      ; 0.000        ; 0.063      ; 0.834      ;
; 0.594 ; transmitter:inst14|dcount[1]                     ; transmitter:inst14|present_state.shift_count     ; inst10       ; inst10      ; 0.000        ; 0.063      ; 0.834      ;
; 0.657 ; transmitter:inst14|dcount[0]                     ; transmitter:inst14|present_state.shift_count     ; inst10       ; inst10      ; 0.000        ; 0.063      ; 0.897      ;
; 0.677 ; transmitter:inst14|tcount[9]                     ; transmitter:inst14|tcount[9]                     ; inst10       ; inst10      ; 0.000        ; 0.062      ; 0.916      ;
; 0.678 ; transmitter:inst14|tx                            ; transmitter:inst14|tx                            ; inst10       ; inst10      ; 0.000        ; 0.063      ; 0.918      ;
; 0.681 ; transmitter:inst14|tcount[3]                     ; transmitter:inst14|tcount[3]                     ; inst10       ; inst10      ; 0.000        ; 0.062      ; 0.920      ;
; 0.682 ; transmitter:inst14|tcount[1]                     ; transmitter:inst14|tcount[1]                     ; inst10       ; inst10      ; 0.000        ; 0.062      ; 0.921      ;
; 0.683 ; rise:inst|sampled1                               ; rise:inst|sampled2                               ; inst10       ; inst10      ; 0.000        ; 0.062      ; 0.922      ;
; 0.685 ; transmitter:inst14|tcount[8]                     ; transmitter:inst14|tcount[8]                     ; inst10       ; inst10      ; 0.000        ; 0.062      ; 0.924      ;
; 0.688 ; transmitter:inst14|tcount[11]                    ; transmitter:inst14|tcount[11]                    ; inst10       ; inst10      ; 0.000        ; 0.062      ; 0.927      ;
; 0.739 ; transmitter:inst14|present_state.shift_count     ; transmitter:inst14|dcount[1]                     ; inst10       ; inst10      ; 0.000        ; 0.063      ; 0.979      ;
; 0.739 ; transmitter:inst14|present_state.shift_count     ; transmitter:inst14|dcount[0]                     ; inst10       ; inst10      ; 0.000        ; 0.063      ; 0.979      ;
; 0.757 ; transmitter:inst14|present_state.shift_count     ; transmitter:inst14|present_state.write_din_data  ; inst10       ; inst10      ; 0.000        ; 0.063      ; 0.997      ;
; 0.763 ; transmitter:inst14|present_state.write_din_stop  ; transmitter:inst14|tx                            ; inst10       ; inst10      ; 0.000        ; 0.063      ; 1.003      ;
; 0.771 ; transmitter:inst14|dint[1]                       ; transmitter:inst14|dint[0]                       ; inst10       ; inst10      ; 0.000        ; 0.065      ; 1.013      ;
; 0.823 ; transmitter:inst14|dint[0]                       ; transmitter:inst14|tx                            ; inst10       ; inst10      ; 0.000        ; 0.063      ; 1.063      ;
; 0.825 ; transmitter:inst14|tcount[5]                     ; transmitter:inst14|tcount[6]                     ; inst10       ; inst10      ; 0.000        ; 0.062      ; 1.064      ;
; 0.826 ; transmitter:inst14|tcount[2]                     ; transmitter:inst14|tcount[3]                     ; inst10       ; inst10      ; 0.000        ; 0.062      ; 1.065      ;
; 0.826 ; transmitter:inst14|tcount[0]                     ; transmitter:inst14|tcount[1]                     ; inst10       ; inst10      ; 0.000        ; 0.062      ; 1.065      ;
; 0.827 ; transmitter:inst14|tcount[7]                     ; transmitter:inst14|tcount[8]                     ; inst10       ; inst10      ; 0.000        ; 0.062      ; 1.066      ;
; 0.827 ; transmitter:inst14|tcount[10]                    ; transmitter:inst14|tcount[11]                    ; inst10       ; inst10      ; 0.000        ; 0.062      ; 1.066      ;
; 0.828 ; transmitter:inst14|tcount[0]                     ; transmitter:inst14|tcount[2]                     ; inst10       ; inst10      ; 0.000        ; 0.062      ; 1.067      ;
; 0.828 ; transmitter:inst14|tcount[2]                     ; transmitter:inst14|tcount[4]                     ; inst10       ; inst10      ; 0.000        ; 0.062      ; 1.067      ;
; 0.829 ; transmitter:inst14|tcount[10]                    ; transmitter:inst14|tcount[12]                    ; inst10       ; inst10      ; 0.000        ; 0.062      ; 1.068      ;
; 0.832 ; transmitter:inst14|present_state.test_eoc        ; transmitter:inst14|present_state.write_din_stop  ; inst10       ; inst10      ; 0.000        ; 0.063      ; 1.072      ;
; 0.836 ; transmitter:inst14|present_state.write_din_data  ; transmitter:inst14|tx                            ; inst10       ; inst10      ; 0.000        ; 0.063      ; 1.076      ;
; 0.839 ; transmitter:inst14|tcount[4]                     ; transmitter:inst14|tcount[5]                     ; inst10       ; inst10      ; 0.000        ; 0.062      ; 1.078      ;
; 0.841 ; transmitter:inst14|tcount[6]                     ; transmitter:inst14|tcount[7]                     ; inst10       ; inst10      ; 0.000        ; 0.062      ; 1.080      ;
; 0.841 ; transmitter:inst14|tcount[4]                     ; transmitter:inst14|tcount[6]                     ; inst10       ; inst10      ; 0.000        ; 0.062      ; 1.080      ;
; 0.843 ; transmitter:inst14|tcount[6]                     ; transmitter:inst14|tcount[8]                     ; inst10       ; inst10      ; 0.000        ; 0.062      ; 1.082      ;
; 0.921 ; rise:inst|sampled2                               ; transmitter:inst14|dint[2]                       ; inst10       ; inst10      ; 0.000        ; 0.062      ; 1.160      ;
; 0.924 ; rise:inst|sampled2                               ; transmitter:inst14|dint[4]                       ; inst10       ; inst10      ; 0.000        ; 0.062      ; 1.163      ;
; 0.927 ; rise:inst|sampled2                               ; transmitter:inst14|dint[1]                       ; inst10       ; inst10      ; 0.000        ; 0.062      ; 1.166      ;
; 0.928 ; rise:inst|sampled2                               ; transmitter:inst14|dint[6]                       ; inst10       ; inst10      ; 0.000        ; 0.062      ; 1.167      ;
; 0.935 ; transmitter:inst14|tcount[5]                     ; transmitter:inst14|tcount[7]                     ; inst10       ; inst10      ; 0.000        ; 0.062      ; 1.174      ;
; 0.937 ; transmitter:inst14|tcount[7]                     ; transmitter:inst14|tcount[9]                     ; inst10       ; inst10      ; 0.000        ; 0.062      ; 1.176      ;
; 0.937 ; transmitter:inst14|tcount[5]                     ; transmitter:inst14|tcount[8]                     ; inst10       ; inst10      ; 0.000        ; 0.062      ; 1.176      ;
; 0.938 ; transmitter:inst14|tcount[0]                     ; transmitter:inst14|tcount[3]                     ; inst10       ; inst10      ; 0.000        ; 0.062      ; 1.177      ;
; 0.938 ; transmitter:inst14|tcount[2]                     ; transmitter:inst14|tcount[5]                     ; inst10       ; inst10      ; 0.000        ; 0.062      ; 1.177      ;
; 0.939 ; transmitter:inst14|tcount[7]                     ; transmitter:inst14|tcount[10]                    ; inst10       ; inst10      ; 0.000        ; 0.062      ; 1.178      ;
; 0.940 ; transmitter:inst14|tcount[0]                     ; transmitter:inst14|tcount[4]                     ; inst10       ; inst10      ; 0.000        ; 0.062      ; 1.179      ;
; 0.940 ; transmitter:inst14|tcount[2]                     ; transmitter:inst14|tcount[6]                     ; inst10       ; inst10      ; 0.000        ; 0.062      ; 1.179      ;
; 0.946 ; transmitter:inst14|dcount[2]                     ; transmitter:inst14|dcount[2]                     ; inst10       ; inst10      ; 0.000        ; 0.063      ; 1.186      ;
; 0.951 ; transmitter:inst14|tcount[4]                     ; transmitter:inst14|tcount[7]                     ; inst10       ; inst10      ; 0.000        ; 0.062      ; 1.190      ;
; 0.952 ; transmitter:inst14|tcount[9]                     ; transmitter:inst14|tcount[10]                    ; inst10       ; inst10      ; 0.000        ; 0.062      ; 1.191      ;
; 0.953 ; transmitter:inst14|tcount[6]                     ; transmitter:inst14|tcount[9]                     ; inst10       ; inst10      ; 0.000        ; 0.062      ; 1.192      ;
; 0.953 ; transmitter:inst14|tcount[4]                     ; transmitter:inst14|tcount[8]                     ; inst10       ; inst10      ; 0.000        ; 0.062      ; 1.192      ;
; 0.955 ; transmitter:inst14|tcount[6]                     ; transmitter:inst14|tcount[10]                    ; inst10       ; inst10      ; 0.000        ; 0.062      ; 1.194      ;
; 0.956 ; transmitter:inst14|tcount[3]                     ; transmitter:inst14|tcount[4]                     ; inst10       ; inst10      ; 0.000        ; 0.062      ; 1.195      ;
; 0.957 ; transmitter:inst14|tcount[1]                     ; transmitter:inst14|tcount[2]                     ; inst10       ; inst10      ; 0.000        ; 0.062      ; 1.196      ;
; 0.959 ; transmitter:inst14|present_state.shift_count     ; transmitter:inst14|dcount[2]                     ; inst10       ; inst10      ; 0.000        ; 0.063      ; 1.199      ;
; 0.960 ; transmitter:inst14|dcount[1]                     ; transmitter:inst14|dcount[2]                     ; inst10       ; inst10      ; 0.000        ; 0.063      ; 1.200      ;
; 0.963 ; transmitter:inst14|tcount[11]                    ; transmitter:inst14|tcount[12]                    ; inst10       ; inst10      ; 0.000        ; 0.062      ; 1.202      ;
; 0.973 ; transmitter:inst14|tcount[8]                     ; transmitter:inst14|tcount[9]                     ; inst10       ; inst10      ; 0.000        ; 0.062      ; 1.212      ;
; 0.975 ; transmitter:inst14|tcount[8]                     ; transmitter:inst14|tcount[10]                    ; inst10       ; inst10      ; 0.000        ; 0.062      ; 1.214      ;
; 1.007 ; rise:inst|sampled2                               ; transmitter:inst14|dint[7]                       ; inst10       ; inst10      ; 0.000        ; 0.062      ; 1.246      ;
; 1.009 ; rise:inst|sampled2                               ; transmitter:inst14|dint[5]                       ; inst10       ; inst10      ; 0.000        ; 0.062      ; 1.248      ;
; 1.009 ; rise:inst|sampled2                               ; transmitter:inst14|dint[3]                       ; inst10       ; inst10      ; 0.000        ; 0.062      ; 1.248      ;
; 1.013 ; transmitter:inst14|present_state.shift_count     ; transmitter:inst14|dint[7]                       ; inst10       ; inst10      ; 0.000        ; 0.060      ; 1.250      ;
; 1.019 ; transmitter:inst14|dcount[2]                     ; transmitter:inst14|present_state.write_din_stop  ; inst10       ; inst10      ; 0.000        ; 0.063      ; 1.259      ;
; 1.021 ; transmitter:inst14|dcount[1]                     ; transmitter:inst14|present_state.write_din_stop  ; inst10       ; inst10      ; 0.000        ; 0.063      ; 1.261      ;
; 1.047 ; transmitter:inst14|tcount[5]                     ; transmitter:inst14|tcount[9]                     ; inst10       ; inst10      ; 0.000        ; 0.062      ; 1.286      ;
; 1.049 ; transmitter:inst14|tcount[7]                     ; transmitter:inst14|tcount[11]                    ; inst10       ; inst10      ; 0.000        ; 0.062      ; 1.288      ;
; 1.049 ; transmitter:inst14|tcount[5]                     ; transmitter:inst14|tcount[10]                    ; inst10       ; inst10      ; 0.000        ; 0.062      ; 1.288      ;
; 1.050 ; transmitter:inst14|tcount[0]                     ; transmitter:inst14|tcount[5]                     ; inst10       ; inst10      ; 0.000        ; 0.062      ; 1.289      ;
; 1.050 ; transmitter:inst14|tcount[2]                     ; transmitter:inst14|tcount[7]                     ; inst10       ; inst10      ; 0.000        ; 0.062      ; 1.289      ;
; 1.051 ; transmitter:inst14|tcount[7]                     ; transmitter:inst14|tcount[12]                    ; inst10       ; inst10      ; 0.000        ; 0.062      ; 1.290      ;
; 1.052 ; transmitter:inst14|tcount[0]                     ; transmitter:inst14|tcount[6]                     ; inst10       ; inst10      ; 0.000        ; 0.062      ; 1.291      ;
; 1.052 ; transmitter:inst14|tcount[2]                     ; transmitter:inst14|tcount[8]                     ; inst10       ; inst10      ; 0.000        ; 0.062      ; 1.291      ;
; 1.061 ; transmitter:inst14|dcount[0]                     ; transmitter:inst14|dcount[2]                     ; inst10       ; inst10      ; 0.000        ; 0.063      ; 1.301      ;
+-------+--------------------------------------------------+--------------------------------------------------+--------------+-------------+--------------+------------+------------+


+----------------------------------------------------------------------------------------------+
; Slow 1200mV 85C Model Minimum Pulse Width: 'clk'                                             ;
+--------+--------------+----------------+------------------+-------+------------+-------------+
; Slack  ; Actual Width ; Required Width ; Type             ; Clock ; Clock Edge ; Target      ;
+--------+--------------+----------------+------------------+-------+------------+-------------+
; -3.000 ; 1.000        ; 4.000          ; Port Rate        ; clk   ; Rise       ; clk         ;
; -1.000 ; 1.000        ; 2.000          ; Min Period       ; clk   ; Rise       ; inst10      ;
; 0.200  ; 0.384        ; 0.184          ; Low Pulse Width  ; clk   ; Rise       ; inst10      ;
; 0.339  ; 0.339        ; 0.000          ; Low Pulse Width  ; clk   ; Rise       ; clk~input|o ;
; 0.362  ; 0.362        ; 0.000          ; Low Pulse Width  ; clk   ; Rise       ; inst10|clk  ;
; 0.398  ; 0.614        ; 0.216          ; High Pulse Width ; clk   ; Rise       ; inst10      ;
; 0.500  ; 0.500        ; 0.000          ; High Pulse Width ; clk   ; Rise       ; clk~input|i ;
; 0.500  ; 0.500        ; 0.000          ; Low Pulse Width  ; clk   ; Rise       ; clk~input|i ;
; 0.638  ; 0.638        ; 0.000          ; High Pulse Width ; clk   ; Rise       ; inst10|clk  ;
; 0.661  ; 0.661        ; 0.000          ; High Pulse Width ; clk   ; Rise       ; clk~input|o ;
+--------+--------------+----------------+------------------+-------+------------+-------------+


+------------------------------------------------------------------------------------------------------------------------------------+
; Slow 1200mV 85C Model Minimum Pulse Width: 'inst10'                                                                                ;
+--------+--------------+----------------+------------------+--------+------------+--------------------------------------------------+
; Slack  ; Actual Width ; Required Width ; Type             ; Clock  ; Clock Edge ; Target                                           ;
+--------+--------------+----------------+------------------+--------+------------+--------------------------------------------------+
; -1.000 ; 1.000        ; 2.000          ; Min Period       ; inst10 ; Rise       ; rise:inst|sampled1                               ;
; -1.000 ; 1.000        ; 2.000          ; Min Period       ; inst10 ; Rise       ; rise:inst|sampled2                               ;
; -1.000 ; 1.000        ; 2.000          ; Min Period       ; inst10 ; Rise       ; transmitter:inst14|dcount[0]                     ;
; -1.000 ; 1.000        ; 2.000          ; Min Period       ; inst10 ; Rise       ; transmitter:inst14|dcount[1]                     ;
; -1.000 ; 1.000        ; 2.000          ; Min Period       ; inst10 ; Rise       ; transmitter:inst14|dcount[2]                     ;
; -1.000 ; 1.000        ; 2.000          ; Min Period       ; inst10 ; Rise       ; transmitter:inst14|dint[0]                       ;
; -1.000 ; 1.000        ; 2.000          ; Min Period       ; inst10 ; Rise       ; transmitter:inst14|dint[1]                       ;
; -1.000 ; 1.000        ; 2.000          ; Min Period       ; inst10 ; Rise       ; transmitter:inst14|dint[2]                       ;
; -1.000 ; 1.000        ; 2.000          ; Min Period       ; inst10 ; Rise       ; transmitter:inst14|dint[3]                       ;
; -1.000 ; 1.000        ; 2.000          ; Min Period       ; inst10 ; Rise       ; transmitter:inst14|dint[4]                       ;
; -1.000 ; 1.000        ; 2.000          ; Min Period       ; inst10 ; Rise       ; transmitter:inst14|dint[5]                       ;
; -1.000 ; 1.000        ; 2.000          ; Min Period       ; inst10 ; Rise       ; transmitter:inst14|dint[6]                       ;
; -1.000 ; 1.000        ; 2.000          ; Min Period       ; inst10 ; Rise       ; transmitter:inst14|dint[7]                       ;
; -1.000 ; 1.000        ; 2.000          ; Min Period       ; inst10 ; Rise       ; transmitter:inst14|present_state.clear_timer     ;
; -1.000 ; 1.000        ; 2.000          ; Min Period       ; inst10 ; Rise       ; transmitter:inst14|present_state.idle            ;
; -1.000 ; 1.000        ; 2.000          ; Min Period       ; inst10 ; Rise       ; transmitter:inst14|present_state.shift_count     ;
; -1.000 ; 1.000        ; 2.000          ; Min Period       ; inst10 ; Rise       ; transmitter:inst14|present_state.test_eoc        ;
; -1.000 ; 1.000        ; 2.000          ; Min Period       ; inst10 ; Rise       ; transmitter:inst14|present_state.write_din_data  ;
; -1.000 ; 1.000        ; 2.000          ; Min Period       ; inst10 ; Rise       ; transmitter:inst14|present_state.write_din_start ;
; -1.000 ; 1.000        ; 2.000          ; Min Period       ; inst10 ; Rise       ; transmitter:inst14|present_state.write_din_stop  ;
; -1.000 ; 1.000        ; 2.000          ; Min Period       ; inst10 ; Rise       ; transmitter:inst14|tcount[0]                     ;
; -1.000 ; 1.000        ; 2.000          ; Min Period       ; inst10 ; Rise       ; transmitter:inst14|tcount[10]                    ;
; -1.000 ; 1.000        ; 2.000          ; Min Period       ; inst10 ; Rise       ; transmitter:inst14|tcount[11]                    ;
; -1.000 ; 1.000        ; 2.000          ; Min Period       ; inst10 ; Rise       ; transmitter:inst14|tcount[12]                    ;
; -1.000 ; 1.000        ; 2.000          ; Min Period       ; inst10 ; Rise       ; transmitter:inst14|tcount[1]                     ;
; -1.000 ; 1.000        ; 2.000          ; Min Period       ; inst10 ; Rise       ; transmitter:inst14|tcount[2]                     ;
; -1.000 ; 1.000        ; 2.000          ; Min Period       ; inst10 ; Rise       ; transmitter:inst14|tcount[3]                     ;
; -1.000 ; 1.000        ; 2.000          ; Min Period       ; inst10 ; Rise       ; transmitter:inst14|tcount[4]                     ;
; -1.000 ; 1.000        ; 2.000          ; Min Period       ; inst10 ; Rise       ; transmitter:inst14|tcount[5]                     ;
; -1.000 ; 1.000        ; 2.000          ; Min Period       ; inst10 ; Rise       ; transmitter:inst14|tcount[6]                     ;
; -1.000 ; 1.000        ; 2.000          ; Min Period       ; inst10 ; Rise       ; transmitter:inst14|tcount[7]                     ;
; -1.000 ; 1.000        ; 2.000          ; Min Period       ; inst10 ; Rise       ; transmitter:inst14|tcount[8]                     ;
; -1.000 ; 1.000        ; 2.000          ; Min Period       ; inst10 ; Rise       ; transmitter:inst14|tcount[9]                     ;
; -1.000 ; 1.000        ; 2.000          ; Min Period       ; inst10 ; Rise       ; transmitter:inst14|tx                            ;
; 0.219  ; 0.403        ; 0.184          ; Low Pulse Width  ; inst10 ; Rise       ; transmitter:inst14|dcount[0]                     ;
; 0.219  ; 0.403        ; 0.184          ; Low Pulse Width  ; inst10 ; Rise       ; transmitter:inst14|dcount[1]                     ;
; 0.219  ; 0.403        ; 0.184          ; Low Pulse Width  ; inst10 ; Rise       ; transmitter:inst14|dcount[2]                     ;
; 0.219  ; 0.403        ; 0.184          ; Low Pulse Width  ; inst10 ; Rise       ; transmitter:inst14|dint[0]                       ;
; 0.219  ; 0.403        ; 0.184          ; Low Pulse Width  ; inst10 ; Rise       ; transmitter:inst14|present_state.clear_timer     ;
; 0.219  ; 0.403        ; 0.184          ; Low Pulse Width  ; inst10 ; Rise       ; transmitter:inst14|present_state.idle            ;
; 0.219  ; 0.403        ; 0.184          ; Low Pulse Width  ; inst10 ; Rise       ; transmitter:inst14|present_state.shift_count     ;
; 0.219  ; 0.403        ; 0.184          ; Low Pulse Width  ; inst10 ; Rise       ; transmitter:inst14|present_state.test_eoc        ;
; 0.219  ; 0.403        ; 0.184          ; Low Pulse Width  ; inst10 ; Rise       ; transmitter:inst14|present_state.write_din_data  ;
; 0.219  ; 0.403        ; 0.184          ; Low Pulse Width  ; inst10 ; Rise       ; transmitter:inst14|present_state.write_din_start ;
; 0.219  ; 0.403        ; 0.184          ; Low Pulse Width  ; inst10 ; Rise       ; transmitter:inst14|present_state.write_din_stop  ;
; 0.219  ; 0.403        ; 0.184          ; Low Pulse Width  ; inst10 ; Rise       ; transmitter:inst14|tcount[0]                     ;
; 0.219  ; 0.403        ; 0.184          ; Low Pulse Width  ; inst10 ; Rise       ; transmitter:inst14|tcount[10]                    ;
; 0.219  ; 0.403        ; 0.184          ; Low Pulse Width  ; inst10 ; Rise       ; transmitter:inst14|tcount[11]                    ;
; 0.219  ; 0.403        ; 0.184          ; Low Pulse Width  ; inst10 ; Rise       ; transmitter:inst14|tcount[12]                    ;
; 0.219  ; 0.403        ; 0.184          ; Low Pulse Width  ; inst10 ; Rise       ; transmitter:inst14|tcount[1]                     ;
; 0.219  ; 0.403        ; 0.184          ; Low Pulse Width  ; inst10 ; Rise       ; transmitter:inst14|tcount[2]                     ;
; 0.219  ; 0.403        ; 0.184          ; Low Pulse Width  ; inst10 ; Rise       ; transmitter:inst14|tcount[3]                     ;
; 0.219  ; 0.403        ; 0.184          ; Low Pulse Width  ; inst10 ; Rise       ; transmitter:inst14|tcount[4]                     ;
; 0.219  ; 0.403        ; 0.184          ; Low Pulse Width  ; inst10 ; Rise       ; transmitter:inst14|tcount[5]                     ;
; 0.219  ; 0.403        ; 0.184          ; Low Pulse Width  ; inst10 ; Rise       ; transmitter:inst14|tcount[6]                     ;
; 0.219  ; 0.403        ; 0.184          ; Low Pulse Width  ; inst10 ; Rise       ; transmitter:inst14|tcount[7]                     ;
; 0.219  ; 0.403        ; 0.184          ; Low Pulse Width  ; inst10 ; Rise       ; transmitter:inst14|tcount[8]                     ;
; 0.219  ; 0.403        ; 0.184          ; Low Pulse Width  ; inst10 ; Rise       ; transmitter:inst14|tcount[9]                     ;
; 0.219  ; 0.403        ; 0.184          ; Low Pulse Width  ; inst10 ; Rise       ; transmitter:inst14|tx                            ;
; 0.221  ; 0.405        ; 0.184          ; Low Pulse Width  ; inst10 ; Rise       ; rise:inst|sampled1                               ;
; 0.221  ; 0.405        ; 0.184          ; Low Pulse Width  ; inst10 ; Rise       ; rise:inst|sampled2                               ;
; 0.221  ; 0.405        ; 0.184          ; Low Pulse Width  ; inst10 ; Rise       ; transmitter:inst14|dint[1]                       ;
; 0.221  ; 0.405        ; 0.184          ; Low Pulse Width  ; inst10 ; Rise       ; transmitter:inst14|dint[2]                       ;
; 0.221  ; 0.405        ; 0.184          ; Low Pulse Width  ; inst10 ; Rise       ; transmitter:inst14|dint[3]                       ;
; 0.221  ; 0.405        ; 0.184          ; Low Pulse Width  ; inst10 ; Rise       ; transmitter:inst14|dint[4]                       ;
; 0.221  ; 0.405        ; 0.184          ; Low Pulse Width  ; inst10 ; Rise       ; transmitter:inst14|dint[5]                       ;
; 0.221  ; 0.405        ; 0.184          ; Low Pulse Width  ; inst10 ; Rise       ; transmitter:inst14|dint[6]                       ;
; 0.221  ; 0.405        ; 0.184          ; Low Pulse Width  ; inst10 ; Rise       ; transmitter:inst14|dint[7]                       ;
; 0.371  ; 0.587        ; 0.216          ; High Pulse Width ; inst10 ; Rise       ; rise:inst|sampled1                               ;
; 0.371  ; 0.587        ; 0.216          ; High Pulse Width ; inst10 ; Rise       ; rise:inst|sampled2                               ;
; 0.371  ; 0.587        ; 0.216          ; High Pulse Width ; inst10 ; Rise       ; transmitter:inst14|dint[1]                       ;
; 0.371  ; 0.587        ; 0.216          ; High Pulse Width ; inst10 ; Rise       ; transmitter:inst14|dint[2]                       ;
; 0.371  ; 0.587        ; 0.216          ; High Pulse Width ; inst10 ; Rise       ; transmitter:inst14|dint[3]                       ;
; 0.371  ; 0.587        ; 0.216          ; High Pulse Width ; inst10 ; Rise       ; transmitter:inst14|dint[4]                       ;
; 0.371  ; 0.587        ; 0.216          ; High Pulse Width ; inst10 ; Rise       ; transmitter:inst14|dint[5]                       ;
; 0.371  ; 0.587        ; 0.216          ; High Pulse Width ; inst10 ; Rise       ; transmitter:inst14|dint[6]                       ;
; 0.371  ; 0.587        ; 0.216          ; High Pulse Width ; inst10 ; Rise       ; transmitter:inst14|dint[7]                       ;
; 0.374  ; 0.590        ; 0.216          ; High Pulse Width ; inst10 ; Rise       ; transmitter:inst14|dcount[0]                     ;
; 0.374  ; 0.590        ; 0.216          ; High Pulse Width ; inst10 ; Rise       ; transmitter:inst14|dcount[1]                     ;
; 0.374  ; 0.590        ; 0.216          ; High Pulse Width ; inst10 ; Rise       ; transmitter:inst14|dcount[2]                     ;
; 0.374  ; 0.590        ; 0.216          ; High Pulse Width ; inst10 ; Rise       ; transmitter:inst14|dint[0]                       ;
; 0.374  ; 0.590        ; 0.216          ; High Pulse Width ; inst10 ; Rise       ; transmitter:inst14|present_state.clear_timer     ;
; 0.374  ; 0.590        ; 0.216          ; High Pulse Width ; inst10 ; Rise       ; transmitter:inst14|present_state.idle            ;
; 0.374  ; 0.590        ; 0.216          ; High Pulse Width ; inst10 ; Rise       ; transmitter:inst14|present_state.shift_count     ;
; 0.374  ; 0.590        ; 0.216          ; High Pulse Width ; inst10 ; Rise       ; transmitter:inst14|present_state.test_eoc        ;
; 0.374  ; 0.590        ; 0.216          ; High Pulse Width ; inst10 ; Rise       ; transmitter:inst14|present_state.write_din_data  ;
; 0.374  ; 0.590        ; 0.216          ; High Pulse Width ; inst10 ; Rise       ; transmitter:inst14|present_state.write_din_start ;
; 0.374  ; 0.590        ; 0.216          ; High Pulse Width ; inst10 ; Rise       ; transmitter:inst14|present_state.write_din_stop  ;
; 0.374  ; 0.590        ; 0.216          ; High Pulse Width ; inst10 ; Rise       ; transmitter:inst14|tcount[0]                     ;
; 0.374  ; 0.590        ; 0.216          ; High Pulse Width ; inst10 ; Rise       ; transmitter:inst14|tcount[10]                    ;
; 0.374  ; 0.590        ; 0.216          ; High Pulse Width ; inst10 ; Rise       ; transmitter:inst14|tcount[11]                    ;
; 0.374  ; 0.590        ; 0.216          ; High Pulse Width ; inst10 ; Rise       ; transmitter:inst14|tcount[12]                    ;
; 0.374  ; 0.590        ; 0.216          ; High Pulse Width ; inst10 ; Rise       ; transmitter:inst14|tcount[1]                     ;
; 0.374  ; 0.590        ; 0.216          ; High Pulse Width ; inst10 ; Rise       ; transmitter:inst14|tcount[2]                     ;
; 0.374  ; 0.590        ; 0.216          ; High Pulse Width ; inst10 ; Rise       ; transmitter:inst14|tcount[3]                     ;
; 0.374  ; 0.590        ; 0.216          ; High Pulse Width ; inst10 ; Rise       ; transmitter:inst14|tcount[4]                     ;
; 0.374  ; 0.590        ; 0.216          ; High Pulse Width ; inst10 ; Rise       ; transmitter:inst14|tcount[5]                     ;
; 0.374  ; 0.590        ; 0.216          ; High Pulse Width ; inst10 ; Rise       ; transmitter:inst14|tcount[6]                     ;
; 0.374  ; 0.590        ; 0.216          ; High Pulse Width ; inst10 ; Rise       ; transmitter:inst14|tcount[7]                     ;
; 0.374  ; 0.590        ; 0.216          ; High Pulse Width ; inst10 ; Rise       ; transmitter:inst14|tcount[8]                     ;
+--------+--------------+----------------+------------------+--------+------------+--------------------------------------------------+


+-----------------------------------------------------------------------+
; Setup Times                                                           ;
+-----------+------------+-------+-------+------------+-----------------+
; Data Port ; Clock Port ; Rise  ; Fall  ; Clock Edge ; Clock Reference ;
+-----------+------------+-------+-------+------------+-----------------+
; din[*]    ; inst10     ; 1.744 ; 2.240 ; Rise       ; inst10          ;
;  din[0]   ; inst10     ; 1.529 ; 1.952 ; Rise       ; inst10          ;
;  din[1]   ; inst10     ; 1.744 ; 2.199 ; Rise       ; inst10          ;
;  din[2]   ; inst10     ; 1.423 ; 1.844 ; Rise       ; inst10          ;
;  din[3]   ; inst10     ; 1.576 ; 2.044 ; Rise       ; inst10          ;
;  din[4]   ; inst10     ; 1.538 ; 1.988 ; Rise       ; inst10          ;
;  din[5]   ; inst10     ; 1.723 ; 2.240 ; Rise       ; inst10          ;
;  din[6]   ; inst10     ; 1.461 ; 1.908 ; Rise       ; inst10          ;
;  din[7]   ; inst10     ; 1.346 ; 1.762 ; Rise       ; inst10          ;
; write_din ; inst10     ; 1.520 ; 1.965 ; Rise       ; inst10          ;
+-----------+------------+-------+-------+------------+-----------------+


+-------------------------------------------------------------------------+
; Hold Times                                                              ;
+-----------+------------+--------+--------+------------+-----------------+
; Data Port ; Clock Port ; Rise   ; Fall   ; Clock Edge ; Clock Reference ;
+-----------+------------+--------+--------+------------+-----------------+
; din[*]    ; inst10     ; -0.928 ; -1.323 ; Rise       ; inst10          ;
;  din[0]   ; inst10     ; -1.056 ; -1.444 ; Rise       ; inst10          ;
;  din[1]   ; inst10     ; -1.263 ; -1.683 ; Rise       ; inst10          ;
;  din[2]   ; inst10     ; -0.956 ; -1.342 ; Rise       ; inst10          ;
;  din[3]   ; inst10     ; -1.099 ; -1.531 ; Rise       ; inst10          ;
;  din[4]   ; inst10     ; -1.062 ; -1.475 ; Rise       ; inst10          ;
;  din[5]   ; inst10     ; -1.239 ; -1.719 ; Rise       ; inst10          ;
;  din[6]   ; inst10     ; -0.988 ; -1.399 ; Rise       ; inst10          ;
;  din[7]   ; inst10     ; -0.928 ; -1.323 ; Rise       ; inst10          ;
; write_din ; inst10     ; -1.085 ; -1.527 ; Rise       ; inst10          ;
+-----------+------------+--------+--------+------------+-----------------+


+-----------------------------------------------------------------------+
; Clock to Output Times                                                 ;
+-----------+------------+-------+-------+------------+-----------------+
; Data Port ; Clock Port ; Rise  ; Fall  ; Clock Edge ; Clock Reference ;
+-----------+------------+-------+-------+------------+-----------------+
; tx        ; inst10     ; 8.943 ; 8.802 ; Rise       ; inst10          ;
+-----------+------------+-------+-------+------------+-----------------+


+-----------------------------------------------------------------------+
; Minimum Clock to Output Times                                         ;
+-----------+------------+-------+-------+------------+-----------------+
; Data Port ; Clock Port ; Rise  ; Fall  ; Clock Edge ; Clock Reference ;
+-----------+------------+-------+-------+------------+-----------------+
; tx        ; inst10     ; 8.664 ; 8.530 ; Rise       ; inst10          ;
+-----------+------------+-------+-------+------------+-----------------+


+----------------------------------------------------------+
; Propagation Delay                                        ;
+------------+-------------+-------+-------+-------+-------+
; Input Port ; Output Port ; RR    ; RF    ; FR    ; FF    ;
+------------+-------------+-------+-------+-------+-------+
; din[0]     ; HEX0S[0]    ; 6.710 ; 6.784 ; 7.199 ; 7.282 ;
; din[0]     ; HEX0S[1]    ; 6.976 ;       ;       ; 7.378 ;
; din[0]     ; HEX0S[2]    ; 6.787 ;       ;       ; 7.194 ;
; din[0]     ; HEX0S[3]    ; 7.007 ; 6.917 ; 7.499 ; 7.400 ;
; din[0]     ; HEX0S[4]    ;       ; 6.735 ; 7.300 ;       ;
; din[0]     ; HEX0S[5]    ; 7.293 ; 7.209 ; 7.785 ; 7.692 ;
; din[0]     ; HEX0S[6]    ; 7.084 ; 7.007 ; 7.575 ; 7.489 ;
; din[0]     ; LEDR[0]     ; 5.727 ;       ;       ; 6.127 ;
; din[1]     ; HEX0S[0]    ; 6.810 ; 6.886 ; 7.300 ; 7.343 ;
; din[1]     ; HEX0S[1]    ; 7.076 ; 6.988 ; 7.535 ; 7.480 ;
; din[1]     ; HEX0S[2]    ;       ; 6.811 ; 7.345 ;       ;
; din[1]     ; HEX0S[3]    ; 7.110 ; 7.018 ; 7.564 ; 7.504 ;
; din[1]     ; HEX0S[4]    ; 6.912 ;       ;       ; 7.322 ;
; din[1]     ; HEX0S[5]    ; 7.396 ; 7.310 ; 7.851 ; 7.798 ;
; din[1]     ; HEX0S[6]    ; 7.179 ; 7.102 ; 7.637 ; 7.590 ;
; din[1]     ; LEDR[1]     ; 6.050 ;       ;       ; 6.486 ;
; din[2]     ; HEX0S[0]    ; 7.012 ; 7.054 ; 7.493 ; 7.579 ;
; din[2]     ; HEX0S[1]    ; 7.177 ; 7.152 ; 7.737 ; 7.632 ;
; din[2]     ; HEX0S[2]    ; 7.054 ; 6.954 ; 7.532 ; 7.490 ;
; din[2]     ; HEX0S[3]    ; 7.275 ; 7.209 ; 7.786 ; 7.699 ;
; din[2]     ; HEX0S[4]    ; 7.062 ; 6.997 ; 7.569 ; 7.535 ;
; din[2]     ; HEX0S[5]    ; 7.547 ;       ;       ; 8.006 ;
; din[2]     ; HEX0S[6]    ; 7.350 ; 7.257 ; 7.827 ; 7.785 ;
; din[2]     ; LEDR[2]     ; 6.919 ;       ;       ; 7.432 ;
; din[3]     ; HEX0S[0]    ; 7.283 ; 7.322 ; 7.744 ; 7.840 ;
; din[3]     ; HEX0S[1]    ; 7.448 ; 7.429 ; 7.988 ; 7.886 ;
; din[3]     ; HEX0S[2]    ;       ; 7.277 ; 7.839 ;       ;
; din[3]     ; HEX0S[3]    ; 7.526 ; 7.484 ; 8.061 ; 7.918 ;
; din[3]     ; HEX0S[4]    ; 7.329 ; 7.269 ; 7.817 ; 7.785 ;
; din[3]     ; HEX0S[5]    ; 7.813 ; 7.720 ; 8.300 ; 8.259 ;
; din[3]     ; HEX0S[6]    ; 7.573 ; 7.580 ; 8.144 ; 8.007 ;
; din[3]     ; LEDR[3]     ; 5.806 ;       ;       ; 6.221 ;
; din[4]     ; HEX1S[0]    ; 7.660 ; 7.685 ; 8.110 ; 8.102 ;
; din[4]     ; HEX1S[1]    ; 7.813 ;       ;       ; 8.199 ;
; din[4]     ; HEX1S[2]    ; 7.481 ;       ;       ; 7.860 ;
; din[4]     ; HEX1S[3]    ; 7.375 ; 7.398 ; 7.772 ; 7.827 ;
; din[4]     ; HEX1S[4]    ;       ; 7.343 ; 7.787 ;       ;
; din[4]     ; HEX1S[5]    ; 7.328 ; 7.342 ; 7.726 ; 7.772 ;
; din[4]     ; HEX1S[6]    ; 7.367 ; 7.312 ; 7.769 ; 7.749 ;
; din[4]     ; LEDR[4]     ; 5.741 ;       ;       ; 6.144 ;
; din[5]     ; HEX1S[0]    ; 8.039 ; 8.033 ; 8.467 ; 8.495 ;
; din[5]     ; HEX1S[1]    ; 8.159 ; 8.086 ; 8.590 ; 8.556 ;
; din[5]     ; HEX1S[2]    ;       ; 7.793 ; 8.299 ;       ;
; din[5]     ; HEX1S[3]    ; 7.681 ; 7.765 ; 8.200 ; 8.196 ;
; din[5]     ; HEX1S[4]    ; 7.721 ;       ;       ; 8.147 ;
; din[5]     ; HEX1S[5]    ; 7.648 ; 7.703 ; 8.137 ; 8.167 ;
; din[5]     ; HEX1S[6]    ; 7.646 ; 7.680 ; 8.191 ; 8.050 ;
; din[5]     ; LEDR[5]     ; 5.731 ;       ;       ; 6.120 ;
; din[6]     ; HEX1S[0]    ; 7.615 ; 7.613 ; 8.018 ; 8.037 ;
; din[6]     ; HEX1S[1]    ; 7.690 ; 7.712 ; 8.179 ; 8.038 ;
; din[6]     ; HEX1S[2]    ; 7.549 ; 7.455 ; 7.922 ; 7.931 ;
; din[6]     ; HEX1S[3]    ; 7.441 ; 7.460 ; 7.846 ; 7.893 ;
; din[6]     ; HEX1S[4]    ; 7.406 ; 7.444 ; 7.896 ; 7.798 ;
; din[6]     ; HEX1S[5]    ; 7.382 ;       ;       ; 7.857 ;
; din[6]     ; HEX1S[6]    ; 7.434 ; 7.378 ; 7.845 ; 7.817 ;
; din[6]     ; LEDR[6]     ; 5.752 ;       ;       ; 6.128 ;
; din[7]     ; HEX1S[0]    ; 7.324 ; 7.346 ; 7.736 ; 7.767 ;
; din[7]     ; HEX1S[1]    ; 7.472 ; 7.412 ; 7.893 ; 7.824 ;
; din[7]     ; HEX1S[2]    ;       ; 7.371 ; 7.834 ;       ;
; din[7]     ; HEX1S[3]    ; 7.315 ; 7.340 ; 7.731 ; 7.747 ;
; din[7]     ; HEX1S[4]    ; 7.330 ; 7.285 ; 7.742 ; 7.688 ;
; din[7]     ; HEX1S[5]    ; 7.265 ; 7.281 ; 7.681 ; 7.688 ;
; din[7]     ; HEX1S[6]    ; 7.305 ; 7.255 ; 7.725 ; 7.666 ;
; din[7]     ; LEDR[7]     ; 5.940 ;       ;       ; 6.330 ;
+------------+-------------+-------+-------+-------+-------+


+----------------------------------------------------------+
; Minimum Propagation Delay                                ;
+------------+-------------+-------+-------+-------+-------+
; Input Port ; Output Port ; RR    ; RF    ; FR    ; FF    ;
+------------+-------------+-------+-------+-------+-------+
; din[0]     ; HEX0S[0]    ; 6.545 ; 6.619 ; 7.019 ; 7.102 ;
; din[0]     ; HEX0S[1]    ; 6.803 ;       ;       ; 7.191 ;
; din[0]     ; HEX0S[2]    ; 6.622 ;       ;       ; 7.015 ;
; din[0]     ; HEX0S[3]    ; 6.833 ; 6.744 ; 7.310 ; 7.212 ;
; din[0]     ; HEX0S[4]    ;       ; 6.569 ; 7.120 ;       ;
; din[0]     ; HEX0S[5]    ; 7.108 ; 7.024 ; 7.586 ; 7.493 ;
; din[0]     ; HEX0S[6]    ; 6.906 ; 6.830 ; 7.382 ; 7.297 ;
; din[0]     ; LEDR[0]     ; 5.610 ;       ;       ; 5.999 ;
; din[1]     ; HEX0S[0]    ; 6.641 ; 6.714 ; 7.116 ; 7.161 ;
; din[1]     ; HEX0S[1]    ; 6.897 ; 6.813 ; 7.344 ; 7.288 ;
; din[1]     ; HEX0S[2]    ;       ; 6.641 ; 7.162 ;       ;
; din[1]     ; HEX0S[3]    ; 6.930 ; 6.839 ; 7.372 ; 7.312 ;
; din[1]     ; HEX0S[4]    ; 6.739 ;       ;       ; 7.136 ;
; din[1]     ; HEX0S[5]    ; 7.204 ; 7.121 ; 7.648 ; 7.593 ;
; din[1]     ; HEX0S[6]    ; 6.997 ; 6.919 ; 7.441 ; 7.395 ;
; din[1]     ; LEDR[1]     ; 5.920 ;       ;       ; 6.344 ;
; din[2]     ; HEX0S[0]    ; 6.762 ; 6.829 ; 7.242 ; 7.321 ;
; din[2]     ; HEX0S[1]    ; 6.996 ; 6.939 ; 7.504 ; 7.435 ;
; din[2]     ; HEX0S[2]    ; 6.878 ; 6.780 ; 7.342 ; 7.300 ;
; din[2]     ; HEX0S[3]    ; 7.027 ; 6.965 ; 7.533 ; 7.434 ;
; din[2]     ; HEX0S[4]    ; 6.837 ; 6.820 ; 7.376 ; 7.283 ;
; din[2]     ; HEX0S[5]    ; 7.316 ;       ;       ; 7.717 ;
; din[2]     ; HEX0S[6]    ; 7.098 ; 7.050 ; 7.602 ; 7.542 ;
; din[2]     ; LEDR[2]     ; 6.803 ;       ;       ; 7.305 ;
; din[3]     ; HEX0S[0]    ; 7.096 ; 7.077 ; 7.482 ; 7.638 ;
; din[3]     ; HEX0S[1]    ; 7.257 ; 7.197 ; 7.746 ; 7.680 ;
; din[3]     ; HEX0S[2]    ;       ; 7.021 ; 7.560 ;       ;
; din[3]     ; HEX0S[3]    ; 7.331 ; 7.221 ; 7.774 ; 7.711 ;
; din[3]     ; HEX0S[4]    ; 7.095 ; 7.083 ; 7.616 ; 7.521 ;
; din[3]     ; HEX0S[5]    ; 7.559 ; 7.515 ; 8.080 ; 7.952 ;
; din[3]     ; HEX0S[6]    ; 7.362 ; 7.313 ; 7.852 ; 7.766 ;
; din[3]     ; LEDR[3]     ; 5.687 ;       ;       ; 6.091 ;
; din[4]     ; HEX1S[0]    ; 7.458 ; 7.484 ; 7.895 ; 7.890 ;
; din[4]     ; HEX1S[1]    ; 7.603 ;       ;       ; 7.979 ;
; din[4]     ; HEX1S[2]    ; 7.286 ;       ;       ; 7.654 ;
; din[4]     ; HEX1S[3]    ; 7.185 ; 7.204 ; 7.572 ; 7.622 ;
; din[4]     ; HEX1S[4]    ;       ; 7.151 ; 7.585 ;       ;
; din[4]     ; HEX1S[5]    ; 7.140 ; 7.150 ; 7.528 ; 7.569 ;
; din[4]     ; HEX1S[6]    ; 7.176 ; 7.124 ; 7.570 ; 7.548 ;
; din[4]     ; LEDR[4]     ; 5.625 ;       ;       ; 6.016 ;
; din[5]     ; HEX1S[0]    ; 7.822 ; 7.758 ; 8.201 ; 8.268 ;
; din[5]     ; HEX1S[1]    ; 7.915 ; 7.867 ; 8.356 ; 8.315 ;
; din[5]     ; HEX1S[2]    ;       ; 7.517 ; 8.002 ;       ;
; din[5]     ; HEX1S[3]    ; 7.445 ; 7.528 ; 7.941 ; 7.923 ;
; din[5]     ; HEX1S[4]    ; 7.459 ;       ;       ; 7.888 ;
; din[5]     ; HEX1S[5]    ; 7.401 ; 7.499 ; 7.924 ; 7.864 ;
; din[5]     ; HEX1S[6]    ; 7.446 ; 7.432 ; 7.929 ; 7.838 ;
; din[5]     ; LEDR[5]     ; 5.615 ;       ;       ; 5.993 ;
; din[6]     ; HEX1S[0]    ; 7.356 ; 7.403 ; 7.778 ; 7.775 ;
; din[6]     ; HEX1S[1]    ; 7.486 ; 7.470 ; 7.929 ; 7.826 ;
; din[6]     ; HEX1S[2]    ; 7.353 ; 7.262 ; 7.718 ; 7.724 ;
; din[6]     ; HEX1S[3]    ; 7.188 ; 7.249 ; 7.632 ; 7.645 ;
; din[6]     ; HEX1S[4]    ; 7.200 ; 7.250 ; 7.690 ; 7.574 ;
; din[6]     ; HEX1S[5]    ; 7.142 ;       ;       ; 7.575 ;
; din[6]     ; HEX1S[6]    ; 7.195 ; 7.179 ; 7.631 ; 7.549 ;
; din[6]     ; LEDR[6]     ; 5.636 ;       ;       ; 6.002 ;
; din[7]     ; HEX1S[0]    ; 7.136 ; 7.160 ; 7.536 ; 7.569 ;
; din[7]     ; HEX1S[1]    ; 7.279 ; 7.220 ; 7.688 ; 7.620 ;
; din[7]     ; HEX1S[2]    ;       ; 7.181 ; 7.633 ;       ;
; din[7]     ; HEX1S[3]    ; 7.130 ; 7.151 ; 7.534 ; 7.546 ;
; din[7]     ; HEX1S[4]    ; 7.143 ; 7.098 ; 7.544 ; 7.490 ;
; din[7]     ; HEX1S[5]    ; 7.082 ; 7.094 ; 7.487 ; 7.490 ;
; din[7]     ; HEX1S[6]    ; 7.120 ; 7.070 ; 7.528 ; 7.469 ;
; din[7]     ; LEDR[7]     ; 5.817 ;       ;       ; 6.196 ;
+------------+-------------+-------+-------+-------+-------+


----------------------------------------------
; Slow 1200mV 85C Model Metastability Report ;
----------------------------------------------
No synchronizer chains to report.


+--------------------------------------------------+
; Slow 1200mV 0C Model Fmax Summary                ;
+------------+-----------------+------------+------+
; Fmax       ; Restricted Fmax ; Clock Name ; Note ;
+------------+-----------------+------------+------+
; 321.44 MHz ; 321.44 MHz      ; inst10     ;      ;
+------------+-----------------+------------+------+
This panel reports FMAX for every clock in the design, regardless of the user-specified clock periods.  FMAX is only computed for paths where the source and destination registers or ports are driven by the same clock.  Paths of different clocks, including generated clocks, are ignored.  For paths between a clock and its inversion, FMAX is computed as if the rising and falling edges are scaled along with FMAX, such that the duty cycle (in terms of a percentage) is maintained. Altera recommends that you always use clock constraints and other slack reports for sign-off analysis.


+------------------------------------+
; Slow 1200mV 0C Model Setup Summary ;
+--------+--------+------------------+
; Clock  ; Slack  ; End Point TNS    ;
+--------+--------+------------------+
; inst10 ; -2.111 ; -41.015          ;
; clk    ; 0.186  ; 0.000            ;
+--------+--------+------------------+


+-----------------------------------+
; Slow 1200mV 0C Model Hold Summary ;
+--------+--------+-----------------+
; Clock  ; Slack  ; End Point TNS   ;
+--------+--------+-----------------+
; clk    ; -0.209 ; -0.209          ;
; inst10 ; 0.292  ; 0.000           ;
+--------+--------+-----------------+


-----------------------------------------
; Slow 1200mV 0C Model Recovery Summary ;
-----------------------------------------
No paths to report.


----------------------------------------
; Slow 1200mV 0C Model Removal Summary ;
----------------------------------------
No paths to report.


+--------------------------------------------------+
; Slow 1200mV 0C Model Minimum Pulse Width Summary ;
+--------+--------+--------------------------------+
; Clock  ; Slack  ; End Point TNS                  ;
+--------+--------+--------------------------------+
; clk    ; -3.000 ; -4.000                         ;
; inst10 ; -1.000 ; -34.000                        ;
+--------+--------+--------------------------------+


+------------------------------------------------------------------------------------------------------------------------------------------------------+
; Slow 1200mV 0C Model Setup: 'inst10'                                                                                                                 ;
+--------+---------------------------------------+-------------------------------+--------------+-------------+--------------+------------+------------+
; Slack  ; From Node                             ; To Node                       ; Launch Clock ; Latch Clock ; Relationship ; Clock Skew ; Data Delay ;
+--------+---------------------------------------+-------------------------------+--------------+-------------+--------------+------------+------------+
; -2.111 ; transmitter:inst14|tcount[5]          ; transmitter:inst14|tcount[11] ; inst10       ; inst10      ; 1.000        ; -0.054     ; 3.052      ;
; -2.093 ; transmitter:inst14|tcount[5]          ; transmitter:inst14|tcount[12] ; inst10       ; inst10      ; 1.000        ; -0.054     ; 3.034      ;
; -2.011 ; transmitter:inst14|tcount[5]          ; transmitter:inst14|tcount[9]  ; inst10       ; inst10      ; 1.000        ; -0.054     ; 2.952      ;
; -1.993 ; transmitter:inst14|tcount[5]          ; transmitter:inst14|tcount[10] ; inst10       ; inst10      ; 1.000        ; -0.054     ; 2.934      ;
; -1.915 ; transmitter:inst14|tcount[11]         ; transmitter:inst14|tcount[11] ; inst10       ; inst10      ; 1.000        ; -0.054     ; 2.856      ;
; -1.911 ; transmitter:inst14|tcount[5]          ; transmitter:inst14|tcount[7]  ; inst10       ; inst10      ; 1.000        ; -0.054     ; 2.852      ;
; -1.910 ; transmitter:inst14|tcount[6]          ; transmitter:inst14|tcount[11] ; inst10       ; inst10      ; 1.000        ; -0.054     ; 2.851      ;
; -1.904 ; transmitter:inst14|tcount[10]         ; transmitter:inst14|tcount[11] ; inst10       ; inst10      ; 1.000        ; -0.054     ; 2.845      ;
; -1.897 ; transmitter:inst14|tcount[11]         ; transmitter:inst14|tcount[12] ; inst10       ; inst10      ; 1.000        ; -0.054     ; 2.838      ;
; -1.893 ; transmitter:inst14|tcount[5]          ; transmitter:inst14|tcount[8]  ; inst10       ; inst10      ; 1.000        ; -0.054     ; 2.834      ;
; -1.892 ; transmitter:inst14|tcount[6]          ; transmitter:inst14|tcount[12] ; inst10       ; inst10      ; 1.000        ; -0.054     ; 2.833      ;
; -1.892 ; transmitter:inst14|tcount[9]          ; transmitter:inst14|tcount[11] ; inst10       ; inst10      ; 1.000        ; -0.054     ; 2.833      ;
; -1.886 ; transmitter:inst14|tcount[10]         ; transmitter:inst14|tcount[12] ; inst10       ; inst10      ; 1.000        ; -0.054     ; 2.827      ;
; -1.874 ; transmitter:inst14|tcount[9]          ; transmitter:inst14|tcount[12] ; inst10       ; inst10      ; 1.000        ; -0.054     ; 2.815      ;
; -1.856 ; transmitter:inst14|tcount[3]          ; transmitter:inst14|tcount[11] ; inst10       ; inst10      ; 1.000        ; -0.054     ; 2.797      ;
; -1.847 ; transmitter:inst14|tcount[7]          ; transmitter:inst14|tcount[11] ; inst10       ; inst10      ; 1.000        ; -0.054     ; 2.788      ;
; -1.838 ; transmitter:inst14|tcount[3]          ; transmitter:inst14|tcount[12] ; inst10       ; inst10      ; 1.000        ; -0.054     ; 2.779      ;
; -1.829 ; transmitter:inst14|tcount[7]          ; transmitter:inst14|tcount[12] ; inst10       ; inst10      ; 1.000        ; -0.054     ; 2.770      ;
; -1.815 ; transmitter:inst14|tcount[11]         ; transmitter:inst14|tcount[9]  ; inst10       ; inst10      ; 1.000        ; -0.054     ; 2.756      ;
; -1.811 ; transmitter:inst14|tcount[5]          ; transmitter:inst14|tcount[5]  ; inst10       ; inst10      ; 1.000        ; -0.054     ; 2.752      ;
; -1.810 ; transmitter:inst14|tcount[6]          ; transmitter:inst14|tcount[9]  ; inst10       ; inst10      ; 1.000        ; -0.054     ; 2.751      ;
; -1.807 ; transmitter:inst14|tcount[2]          ; transmitter:inst14|tcount[11] ; inst10       ; inst10      ; 1.000        ; -0.054     ; 2.748      ;
; -1.804 ; transmitter:inst14|tcount[10]         ; transmitter:inst14|tcount[9]  ; inst10       ; inst10      ; 1.000        ; -0.054     ; 2.745      ;
; -1.797 ; transmitter:inst14|tcount[2]          ; transmitter:inst14|tcount[12] ; inst10       ; inst10      ; 1.000        ; -0.054     ; 2.738      ;
; -1.797 ; transmitter:inst14|tcount[11]         ; transmitter:inst14|tcount[10] ; inst10       ; inst10      ; 1.000        ; -0.054     ; 2.738      ;
; -1.793 ; transmitter:inst14|tcount[5]          ; transmitter:inst14|tcount[6]  ; inst10       ; inst10      ; 1.000        ; -0.054     ; 2.734      ;
; -1.792 ; transmitter:inst14|tcount[6]          ; transmitter:inst14|tcount[10] ; inst10       ; inst10      ; 1.000        ; -0.054     ; 2.733      ;
; -1.792 ; transmitter:inst14|tcount[9]          ; transmitter:inst14|tcount[9]  ; inst10       ; inst10      ; 1.000        ; -0.054     ; 2.733      ;
; -1.786 ; transmitter:inst14|tcount[10]         ; transmitter:inst14|tcount[10] ; inst10       ; inst10      ; 1.000        ; -0.054     ; 2.727      ;
; -1.774 ; transmitter:inst14|tcount[9]          ; transmitter:inst14|tcount[10] ; inst10       ; inst10      ; 1.000        ; -0.054     ; 2.715      ;
; -1.756 ; transmitter:inst14|tcount[3]          ; transmitter:inst14|tcount[9]  ; inst10       ; inst10      ; 1.000        ; -0.054     ; 2.697      ;
; -1.747 ; transmitter:inst14|tcount[7]          ; transmitter:inst14|tcount[9]  ; inst10       ; inst10      ; 1.000        ; -0.054     ; 2.688      ;
; -1.739 ; transmitter:inst14|tcount[4]          ; transmitter:inst14|tcount[11] ; inst10       ; inst10      ; 1.000        ; -0.054     ; 2.680      ;
; -1.738 ; transmitter:inst14|tcount[3]          ; transmitter:inst14|tcount[10] ; inst10       ; inst10      ; 1.000        ; -0.054     ; 2.679      ;
; -1.729 ; transmitter:inst14|tcount[7]          ; transmitter:inst14|tcount[10] ; inst10       ; inst10      ; 1.000        ; -0.054     ; 2.670      ;
; -1.721 ; transmitter:inst14|tcount[4]          ; transmitter:inst14|tcount[12] ; inst10       ; inst10      ; 1.000        ; -0.054     ; 2.662      ;
; -1.715 ; transmitter:inst14|tcount[11]         ; transmitter:inst14|tcount[7]  ; inst10       ; inst10      ; 1.000        ; -0.054     ; 2.656      ;
; -1.715 ; transmitter:inst14|tcount[1]          ; transmitter:inst14|tcount[11] ; inst10       ; inst10      ; 1.000        ; -0.054     ; 2.656      ;
; -1.711 ; transmitter:inst14|tcount[5]          ; transmitter:inst14|tcount[3]  ; inst10       ; inst10      ; 1.000        ; -0.054     ; 2.652      ;
; -1.710 ; transmitter:inst14|tcount[6]          ; transmitter:inst14|tcount[7]  ; inst10       ; inst10      ; 1.000        ; -0.054     ; 2.651      ;
; -1.707 ; transmitter:inst14|tcount[2]          ; transmitter:inst14|tcount[9]  ; inst10       ; inst10      ; 1.000        ; -0.054     ; 2.648      ;
; -1.704 ; transmitter:inst14|tcount[10]         ; transmitter:inst14|tcount[7]  ; inst10       ; inst10      ; 1.000        ; -0.054     ; 2.645      ;
; -1.697 ; transmitter:inst14|tcount[2]          ; transmitter:inst14|tcount[10] ; inst10       ; inst10      ; 1.000        ; -0.054     ; 2.638      ;
; -1.697 ; transmitter:inst14|tcount[11]         ; transmitter:inst14|tcount[8]  ; inst10       ; inst10      ; 1.000        ; -0.054     ; 2.638      ;
; -1.697 ; transmitter:inst14|tcount[1]          ; transmitter:inst14|tcount[12] ; inst10       ; inst10      ; 1.000        ; -0.054     ; 2.638      ;
; -1.693 ; transmitter:inst14|tcount[5]          ; transmitter:inst14|tcount[4]  ; inst10       ; inst10      ; 1.000        ; -0.054     ; 2.634      ;
; -1.692 ; transmitter:inst14|tcount[6]          ; transmitter:inst14|tcount[8]  ; inst10       ; inst10      ; 1.000        ; -0.054     ; 2.633      ;
; -1.692 ; transmitter:inst14|tcount[9]          ; transmitter:inst14|tcount[7]  ; inst10       ; inst10      ; 1.000        ; -0.054     ; 2.633      ;
; -1.686 ; transmitter:inst14|tcount[10]         ; transmitter:inst14|tcount[8]  ; inst10       ; inst10      ; 1.000        ; -0.054     ; 2.627      ;
; -1.674 ; transmitter:inst14|tcount[9]          ; transmitter:inst14|tcount[8]  ; inst10       ; inst10      ; 1.000        ; -0.054     ; 2.615      ;
; -1.671 ; transmitter:inst14|tcount[8]          ; transmitter:inst14|tcount[11] ; inst10       ; inst10      ; 1.000        ; -0.054     ; 2.612      ;
; -1.657 ; transmitter:inst14|tcount[0]          ; transmitter:inst14|tcount[11] ; inst10       ; inst10      ; 1.000        ; -0.054     ; 2.598      ;
; -1.656 ; transmitter:inst14|tcount[3]          ; transmitter:inst14|tcount[7]  ; inst10       ; inst10      ; 1.000        ; -0.054     ; 2.597      ;
; -1.653 ; transmitter:inst14|tcount[8]          ; transmitter:inst14|tcount[12] ; inst10       ; inst10      ; 1.000        ; -0.054     ; 2.594      ;
; -1.647 ; transmitter:inst14|tcount[7]          ; transmitter:inst14|tcount[7]  ; inst10       ; inst10      ; 1.000        ; -0.054     ; 2.588      ;
; -1.639 ; transmitter:inst14|tcount[4]          ; transmitter:inst14|tcount[9]  ; inst10       ; inst10      ; 1.000        ; -0.054     ; 2.580      ;
; -1.639 ; transmitter:inst14|tcount[0]          ; transmitter:inst14|tcount[12] ; inst10       ; inst10      ; 1.000        ; -0.054     ; 2.580      ;
; -1.638 ; transmitter:inst14|tcount[3]          ; transmitter:inst14|tcount[8]  ; inst10       ; inst10      ; 1.000        ; -0.054     ; 2.579      ;
; -1.629 ; transmitter:inst14|tcount[7]          ; transmitter:inst14|tcount[8]  ; inst10       ; inst10      ; 1.000        ; -0.054     ; 2.570      ;
; -1.621 ; transmitter:inst14|tcount[4]          ; transmitter:inst14|tcount[10] ; inst10       ; inst10      ; 1.000        ; -0.054     ; 2.562      ;
; -1.615 ; transmitter:inst14|tcount[11]         ; transmitter:inst14|tcount[5]  ; inst10       ; inst10      ; 1.000        ; -0.054     ; 2.556      ;
; -1.615 ; transmitter:inst14|tcount[1]          ; transmitter:inst14|tcount[9]  ; inst10       ; inst10      ; 1.000        ; -0.054     ; 2.556      ;
; -1.611 ; transmitter:inst14|tcount[5]          ; transmitter:inst14|tcount[1]  ; inst10       ; inst10      ; 1.000        ; -0.054     ; 2.552      ;
; -1.610 ; transmitter:inst14|tcount[6]          ; transmitter:inst14|tcount[5]  ; inst10       ; inst10      ; 1.000        ; -0.054     ; 2.551      ;
; -1.607 ; transmitter:inst14|tcount[2]          ; transmitter:inst14|tcount[7]  ; inst10       ; inst10      ; 1.000        ; -0.054     ; 2.548      ;
; -1.604 ; transmitter:inst14|tcount[10]         ; transmitter:inst14|tcount[5]  ; inst10       ; inst10      ; 1.000        ; -0.054     ; 2.545      ;
; -1.597 ; transmitter:inst14|tcount[2]          ; transmitter:inst14|tcount[8]  ; inst10       ; inst10      ; 1.000        ; -0.054     ; 2.538      ;
; -1.597 ; transmitter:inst14|tcount[11]         ; transmitter:inst14|tcount[6]  ; inst10       ; inst10      ; 1.000        ; -0.054     ; 2.538      ;
; -1.597 ; transmitter:inst14|tcount[1]          ; transmitter:inst14|tcount[10] ; inst10       ; inst10      ; 1.000        ; -0.054     ; 2.538      ;
; -1.593 ; transmitter:inst14|tcount[5]          ; transmitter:inst14|tcount[2]  ; inst10       ; inst10      ; 1.000        ; -0.054     ; 2.534      ;
; -1.592 ; transmitter:inst14|tcount[6]          ; transmitter:inst14|tcount[6]  ; inst10       ; inst10      ; 1.000        ; -0.054     ; 2.533      ;
; -1.592 ; transmitter:inst14|tcount[9]          ; transmitter:inst14|tcount[5]  ; inst10       ; inst10      ; 1.000        ; -0.054     ; 2.533      ;
; -1.586 ; transmitter:inst14|tcount[10]         ; transmitter:inst14|tcount[6]  ; inst10       ; inst10      ; 1.000        ; -0.054     ; 2.527      ;
; -1.574 ; transmitter:inst14|tcount[9]          ; transmitter:inst14|tcount[6]  ; inst10       ; inst10      ; 1.000        ; -0.054     ; 2.515      ;
; -1.571 ; transmitter:inst14|tcount[8]          ; transmitter:inst14|tcount[9]  ; inst10       ; inst10      ; 1.000        ; -0.054     ; 2.512      ;
; -1.557 ; transmitter:inst14|tcount[0]          ; transmitter:inst14|tcount[9]  ; inst10       ; inst10      ; 1.000        ; -0.054     ; 2.498      ;
; -1.556 ; transmitter:inst14|tcount[3]          ; transmitter:inst14|tcount[5]  ; inst10       ; inst10      ; 1.000        ; -0.054     ; 2.497      ;
; -1.553 ; transmitter:inst14|tcount[8]          ; transmitter:inst14|tcount[10] ; inst10       ; inst10      ; 1.000        ; -0.054     ; 2.494      ;
; -1.547 ; transmitter:inst14|tcount[7]          ; transmitter:inst14|tcount[5]  ; inst10       ; inst10      ; 1.000        ; -0.054     ; 2.488      ;
; -1.539 ; transmitter:inst14|tcount[4]          ; transmitter:inst14|tcount[7]  ; inst10       ; inst10      ; 1.000        ; -0.054     ; 2.480      ;
; -1.539 ; transmitter:inst14|tcount[0]          ; transmitter:inst14|tcount[10] ; inst10       ; inst10      ; 1.000        ; -0.054     ; 2.480      ;
; -1.538 ; transmitter:inst14|tcount[3]          ; transmitter:inst14|tcount[6]  ; inst10       ; inst10      ; 1.000        ; -0.054     ; 2.479      ;
; -1.529 ; transmitter:inst14|tcount[7]          ; transmitter:inst14|tcount[6]  ; inst10       ; inst10      ; 1.000        ; -0.054     ; 2.470      ;
; -1.521 ; transmitter:inst14|tcount[4]          ; transmitter:inst14|tcount[8]  ; inst10       ; inst10      ; 1.000        ; -0.054     ; 2.462      ;
; -1.515 ; transmitter:inst14|tcount[11]         ; transmitter:inst14|tcount[3]  ; inst10       ; inst10      ; 1.000        ; -0.054     ; 2.456      ;
; -1.515 ; transmitter:inst14|tcount[1]          ; transmitter:inst14|tcount[7]  ; inst10       ; inst10      ; 1.000        ; -0.054     ; 2.456      ;
; -1.510 ; transmitter:inst14|tcount[6]          ; transmitter:inst14|tcount[3]  ; inst10       ; inst10      ; 1.000        ; -0.054     ; 2.451      ;
; -1.507 ; transmitter:inst14|tcount[2]          ; transmitter:inst14|tcount[5]  ; inst10       ; inst10      ; 1.000        ; -0.054     ; 2.448      ;
; -1.504 ; transmitter:inst14|tcount[10]         ; transmitter:inst14|tcount[3]  ; inst10       ; inst10      ; 1.000        ; -0.054     ; 2.445      ;
; -1.497 ; transmitter:inst14|tcount[2]          ; transmitter:inst14|tcount[6]  ; inst10       ; inst10      ; 1.000        ; -0.054     ; 2.438      ;
; -1.497 ; transmitter:inst14|tcount[11]         ; transmitter:inst14|tcount[4]  ; inst10       ; inst10      ; 1.000        ; -0.054     ; 2.438      ;
; -1.497 ; transmitter:inst14|tcount[1]          ; transmitter:inst14|tcount[8]  ; inst10       ; inst10      ; 1.000        ; -0.054     ; 2.438      ;
; -1.492 ; transmitter:inst14|tcount[6]          ; transmitter:inst14|tcount[4]  ; inst10       ; inst10      ; 1.000        ; -0.054     ; 2.433      ;
; -1.492 ; transmitter:inst14|tcount[9]          ; transmitter:inst14|tcount[3]  ; inst10       ; inst10      ; 1.000        ; -0.054     ; 2.433      ;
; -1.486 ; transmitter:inst14|tcount[10]         ; transmitter:inst14|tcount[4]  ; inst10       ; inst10      ; 1.000        ; -0.054     ; 2.427      ;
; -1.474 ; transmitter:inst14|tcount[9]          ; transmitter:inst14|tcount[4]  ; inst10       ; inst10      ; 1.000        ; -0.054     ; 2.415      ;
; -1.471 ; transmitter:inst14|tcount[8]          ; transmitter:inst14|tcount[7]  ; inst10       ; inst10      ; 1.000        ; -0.054     ; 2.412      ;
; -1.460 ; transmitter:inst14|present_state.idle ; transmitter:inst14|dint[0]    ; inst10       ; inst10      ; 1.000        ; -0.055     ; 2.400      ;
; -1.457 ; transmitter:inst14|tcount[0]          ; transmitter:inst14|tcount[7]  ; inst10       ; inst10      ; 1.000        ; -0.054     ; 2.398      ;
; -1.456 ; transmitter:inst14|tcount[3]          ; transmitter:inst14|tcount[3]  ; inst10       ; inst10      ; 1.000        ; -0.054     ; 2.397      ;
+--------+---------------------------------------+-------------------------------+--------------+-------------+--------------+------------+------------+


+---------------------------------------------------------------------------------------------------+
; Slow 1200mV 0C Model Setup: 'clk'                                                                 ;
+-------+-----------+---------+--------------+-------------+--------------+------------+------------+
; Slack ; From Node ; To Node ; Launch Clock ; Latch Clock ; Relationship ; Clock Skew ; Data Delay ;
+-------+-----------+---------+--------------+-------------+--------------+------------+------------+
; 0.186 ; inst10    ; inst10  ; inst10       ; clk         ; 0.500        ; 2.022      ; 2.501      ;
; 0.708 ; inst10    ; inst10  ; inst10       ; clk         ; 1.000        ; 2.022      ; 2.479      ;
+-------+-----------+---------+--------------+-------------+--------------+------------+------------+


+----------------------------------------------------------------------------------------------------+
; Slow 1200mV 0C Model Hold: 'clk'                                                                   ;
+--------+-----------+---------+--------------+-------------+--------------+------------+------------+
; Slack  ; From Node ; To Node ; Launch Clock ; Latch Clock ; Relationship ; Clock Skew ; Data Delay ;
+--------+-----------+---------+--------------+-------------+--------------+------------+------------+
; -0.209 ; inst10    ; inst10  ; inst10       ; clk         ; 0.000        ; 2.090      ; 2.235      ;
; 0.326  ; inst10    ; inst10  ; inst10       ; clk         ; -0.500       ; 2.090      ; 2.270      ;
+--------+-----------+---------+--------------+-------------+--------------+------------+------------+


+-----------------------------------------------------------------------------------------------------------------------------------------------------------------------------------+
; Slow 1200mV 0C Model Hold: 'inst10'                                                                                                                                               ;
+-------+--------------------------------------------------+--------------------------------------------------+--------------+-------------+--------------+------------+------------+
; Slack ; From Node                                        ; To Node                                          ; Launch Clock ; Latch Clock ; Relationship ; Clock Skew ; Data Delay ;
+-------+--------------------------------------------------+--------------------------------------------------+--------------+-------------+--------------+------------+------------+
; 0.292 ; transmitter:inst14|present_state.write_din_data  ; transmitter:inst14|present_state.write_din_data  ; inst10       ; inst10      ; 0.000        ; 0.055      ; 0.511      ;
; 0.292 ; transmitter:inst14|present_state.write_din_stop  ; transmitter:inst14|present_state.write_din_stop  ; inst10       ; inst10      ; 0.000        ; 0.055      ; 0.511      ;
; 0.292 ; transmitter:inst14|present_state.write_din_start ; transmitter:inst14|present_state.write_din_start ; inst10       ; inst10      ; 0.000        ; 0.055      ; 0.511      ;
; 0.292 ; transmitter:inst14|dcount[1]                     ; transmitter:inst14|dcount[1]                     ; inst10       ; inst10      ; 0.000        ; 0.055      ; 0.511      ;
; 0.292 ; transmitter:inst14|dcount[0]                     ; transmitter:inst14|dcount[0]                     ; inst10       ; inst10      ; 0.000        ; 0.055      ; 0.511      ;
; 0.293 ; transmitter:inst14|dint[7]                       ; transmitter:inst14|dint[7]                       ; inst10       ; inst10      ; 0.000        ; 0.054      ; 0.511      ;
; 0.321 ; transmitter:inst14|dint[5]                       ; transmitter:inst14|dint[4]                       ; inst10       ; inst10      ; 0.000        ; 0.054      ; 0.539      ;
; 0.327 ; transmitter:inst14|present_state.test_eoc        ; transmitter:inst14|present_state.shift_count     ; inst10       ; inst10      ; 0.000        ; 0.055      ; 0.546      ;
; 0.329 ; transmitter:inst14|dcount[0]                     ; transmitter:inst14|dcount[1]                     ; inst10       ; inst10      ; 0.000        ; 0.055      ; 0.548      ;
; 0.413 ; transmitter:inst14|dint[6]                       ; transmitter:inst14|dint[5]                       ; inst10       ; inst10      ; 0.000        ; 0.054      ; 0.631      ;
; 0.414 ; transmitter:inst14|dint[4]                       ; transmitter:inst14|dint[3]                       ; inst10       ; inst10      ; 0.000        ; 0.054      ; 0.632      ;
; 0.415 ; transmitter:inst14|present_state.write_din_stop  ; transmitter:inst14|present_state.idle            ; inst10       ; inst10      ; 0.000        ; 0.055      ; 0.634      ;
; 0.425 ; transmitter:inst14|present_state.write_din_data  ; transmitter:inst14|present_state.test_eoc        ; inst10       ; inst10      ; 0.000        ; 0.055      ; 0.644      ;
; 0.477 ; transmitter:inst14|dint[2]                       ; transmitter:inst14|dint[1]                       ; inst10       ; inst10      ; 0.000        ; 0.054      ; 0.695      ;
; 0.478 ; transmitter:inst14|dint[3]                       ; transmitter:inst14|dint[2]                       ; inst10       ; inst10      ; 0.000        ; 0.054      ; 0.696      ;
; 0.480 ; transmitter:inst14|dint[7]                       ; transmitter:inst14|dint[6]                       ; inst10       ; inst10      ; 0.000        ; 0.054      ; 0.698      ;
; 0.482 ; transmitter:inst14|tcount[0]                     ; transmitter:inst14|tcount[0]                     ; inst10       ; inst10      ; 0.000        ; 0.054      ; 0.700      ;
; 0.482 ; transmitter:inst14|tcount[2]                     ; transmitter:inst14|tcount[2]                     ; inst10       ; inst10      ; 0.000        ; 0.054      ; 0.700      ;
; 0.483 ; transmitter:inst14|tcount[10]                    ; transmitter:inst14|tcount[10]                    ; inst10       ; inst10      ; 0.000        ; 0.054      ; 0.701      ;
; 0.484 ; transmitter:inst14|tcount[12]                    ; transmitter:inst14|tcount[12]                    ; inst10       ; inst10      ; 0.000        ; 0.054      ; 0.702      ;
; 0.488 ; transmitter:inst14|present_state.write_din_start ; transmitter:inst14|tx                            ; inst10       ; inst10      ; 0.000        ; 0.055      ; 0.707      ;
; 0.489 ; transmitter:inst14|present_state.write_din_start ; transmitter:inst14|present_state.clear_timer     ; inst10       ; inst10      ; 0.000        ; 0.055      ; 0.708      ;
; 0.492 ; transmitter:inst14|present_state.clear_timer     ; transmitter:inst14|present_state.write_din_data  ; inst10       ; inst10      ; 0.000        ; 0.055      ; 0.711      ;
; 0.493 ; transmitter:inst14|tcount[5]                     ; transmitter:inst14|tcount[5]                     ; inst10       ; inst10      ; 0.000        ; 0.054      ; 0.711      ;
; 0.494 ; transmitter:inst14|tcount[4]                     ; transmitter:inst14|tcount[4]                     ; inst10       ; inst10      ; 0.000        ; 0.054      ; 0.712      ;
; 0.496 ; transmitter:inst14|tcount[7]                     ; transmitter:inst14|tcount[7]                     ; inst10       ; inst10      ; 0.000        ; 0.054      ; 0.714      ;
; 0.498 ; transmitter:inst14|tcount[6]                     ; transmitter:inst14|tcount[6]                     ; inst10       ; inst10      ; 0.000        ; 0.054      ; 0.716      ;
; 0.508 ; transmitter:inst14|present_state.idle            ; transmitter:inst14|dcount[1]                     ; inst10       ; inst10      ; 0.000        ; 0.055      ; 0.727      ;
; 0.508 ; transmitter:inst14|present_state.idle            ; transmitter:inst14|dcount[0]                     ; inst10       ; inst10      ; 0.000        ; 0.055      ; 0.727      ;
; 0.511 ; transmitter:inst14|present_state.idle            ; transmitter:inst14|dcount[2]                     ; inst10       ; inst10      ; 0.000        ; 0.055      ; 0.730      ;
; 0.526 ; transmitter:inst14|dcount[1]                     ; transmitter:inst14|present_state.shift_count     ; inst10       ; inst10      ; 0.000        ; 0.055      ; 0.745      ;
; 0.527 ; transmitter:inst14|dcount[2]                     ; transmitter:inst14|present_state.shift_count     ; inst10       ; inst10      ; 0.000        ; 0.055      ; 0.746      ;
; 0.595 ; transmitter:inst14|dcount[0]                     ; transmitter:inst14|present_state.shift_count     ; inst10       ; inst10      ; 0.000        ; 0.055      ; 0.814      ;
; 0.608 ; transmitter:inst14|tx                            ; transmitter:inst14|tx                            ; inst10       ; inst10      ; 0.000        ; 0.055      ; 0.827      ;
; 0.614 ; transmitter:inst14|tcount[9]                     ; transmitter:inst14|tcount[9]                     ; inst10       ; inst10      ; 0.000        ; 0.054      ; 0.832      ;
; 0.623 ; rise:inst|sampled1                               ; rise:inst|sampled2                               ; inst10       ; inst10      ; 0.000        ; 0.054      ; 0.841      ;
; 0.624 ; transmitter:inst14|tcount[3]                     ; transmitter:inst14|tcount[3]                     ; inst10       ; inst10      ; 0.000        ; 0.054      ; 0.842      ;
; 0.625 ; transmitter:inst14|tcount[1]                     ; transmitter:inst14|tcount[1]                     ; inst10       ; inst10      ; 0.000        ; 0.054      ; 0.843      ;
; 0.626 ; transmitter:inst14|tcount[11]                    ; transmitter:inst14|tcount[11]                    ; inst10       ; inst10      ; 0.000        ; 0.054      ; 0.844      ;
; 0.628 ; transmitter:inst14|tcount[8]                     ; transmitter:inst14|tcount[8]                     ; inst10       ; inst10      ; 0.000        ; 0.054      ; 0.846      ;
; 0.676 ; transmitter:inst14|present_state.shift_count     ; transmitter:inst14|dcount[1]                     ; inst10       ; inst10      ; 0.000        ; 0.055      ; 0.895      ;
; 0.676 ; transmitter:inst14|present_state.shift_count     ; transmitter:inst14|dcount[0]                     ; inst10       ; inst10      ; 0.000        ; 0.055      ; 0.895      ;
; 0.683 ; transmitter:inst14|present_state.write_din_stop  ; transmitter:inst14|tx                            ; inst10       ; inst10      ; 0.000        ; 0.055      ; 0.902      ;
; 0.694 ; transmitter:inst14|present_state.shift_count     ; transmitter:inst14|present_state.write_din_data  ; inst10       ; inst10      ; 0.000        ; 0.055      ; 0.913      ;
; 0.702 ; transmitter:inst14|dint[1]                       ; transmitter:inst14|dint[0]                       ; inst10       ; inst10      ; 0.000        ; 0.058      ; 0.924      ;
; 0.731 ; transmitter:inst14|tcount[2]                     ; transmitter:inst14|tcount[3]                     ; inst10       ; inst10      ; 0.000        ; 0.054      ; 0.949      ;
; 0.732 ; transmitter:inst14|tcount[10]                    ; transmitter:inst14|tcount[11]                    ; inst10       ; inst10      ; 0.000        ; 0.054      ; 0.950      ;
; 0.733 ; transmitter:inst14|tcount[0]                     ; transmitter:inst14|tcount[1]                     ; inst10       ; inst10      ; 0.000        ; 0.054      ; 0.951      ;
; 0.737 ; transmitter:inst14|tcount[5]                     ; transmitter:inst14|tcount[6]                     ; inst10       ; inst10      ; 0.000        ; 0.054      ; 0.955      ;
; 0.737 ; transmitter:inst14|dint[0]                       ; transmitter:inst14|tx                            ; inst10       ; inst10      ; 0.000        ; 0.055      ; 0.956      ;
; 0.738 ; transmitter:inst14|tcount[2]                     ; transmitter:inst14|tcount[4]                     ; inst10       ; inst10      ; 0.000        ; 0.054      ; 0.956      ;
; 0.739 ; transmitter:inst14|tcount[10]                    ; transmitter:inst14|tcount[12]                    ; inst10       ; inst10      ; 0.000        ; 0.054      ; 0.957      ;
; 0.740 ; transmitter:inst14|tcount[0]                     ; transmitter:inst14|tcount[2]                     ; inst10       ; inst10      ; 0.000        ; 0.054      ; 0.958      ;
; 0.741 ; transmitter:inst14|tcount[7]                     ; transmitter:inst14|tcount[8]                     ; inst10       ; inst10      ; 0.000        ; 0.054      ; 0.959      ;
; 0.743 ; transmitter:inst14|tcount[4]                     ; transmitter:inst14|tcount[5]                     ; inst10       ; inst10      ; 0.000        ; 0.054      ; 0.961      ;
; 0.747 ; transmitter:inst14|tcount[6]                     ; transmitter:inst14|tcount[7]                     ; inst10       ; inst10      ; 0.000        ; 0.054      ; 0.965      ;
; 0.748 ; transmitter:inst14|present_state.write_din_data  ; transmitter:inst14|tx                            ; inst10       ; inst10      ; 0.000        ; 0.055      ; 0.967      ;
; 0.750 ; transmitter:inst14|tcount[4]                     ; transmitter:inst14|tcount[6]                     ; inst10       ; inst10      ; 0.000        ; 0.054      ; 0.968      ;
; 0.751 ; transmitter:inst14|present_state.test_eoc        ; transmitter:inst14|present_state.write_din_stop  ; inst10       ; inst10      ; 0.000        ; 0.055      ; 0.970      ;
; 0.754 ; transmitter:inst14|tcount[6]                     ; transmitter:inst14|tcount[8]                     ; inst10       ; inst10      ; 0.000        ; 0.054      ; 0.972      ;
; 0.824 ; rise:inst|sampled2                               ; transmitter:inst14|dint[2]                       ; inst10       ; inst10      ; 0.000        ; 0.054      ; 1.042      ;
; 0.826 ; rise:inst|sampled2                               ; transmitter:inst14|dint[4]                       ; inst10       ; inst10      ; 0.000        ; 0.054      ; 1.044      ;
; 0.826 ; transmitter:inst14|tcount[5]                     ; transmitter:inst14|tcount[7]                     ; inst10       ; inst10      ; 0.000        ; 0.054      ; 1.044      ;
; 0.827 ; transmitter:inst14|tcount[2]                     ; transmitter:inst14|tcount[5]                     ; inst10       ; inst10      ; 0.000        ; 0.054      ; 1.045      ;
; 0.829 ; rise:inst|sampled2                               ; transmitter:inst14|dint[1]                       ; inst10       ; inst10      ; 0.000        ; 0.054      ; 1.047      ;
; 0.829 ; transmitter:inst14|tcount[0]                     ; transmitter:inst14|tcount[3]                     ; inst10       ; inst10      ; 0.000        ; 0.054      ; 1.047      ;
; 0.830 ; rise:inst|sampled2                               ; transmitter:inst14|dint[6]                       ; inst10       ; inst10      ; 0.000        ; 0.054      ; 1.048      ;
; 0.830 ; transmitter:inst14|tcount[7]                     ; transmitter:inst14|tcount[9]                     ; inst10       ; inst10      ; 0.000        ; 0.054      ; 1.048      ;
; 0.833 ; transmitter:inst14|tcount[5]                     ; transmitter:inst14|tcount[8]                     ; inst10       ; inst10      ; 0.000        ; 0.054      ; 1.051      ;
; 0.834 ; transmitter:inst14|tcount[2]                     ; transmitter:inst14|tcount[6]                     ; inst10       ; inst10      ; 0.000        ; 0.054      ; 1.052      ;
; 0.836 ; transmitter:inst14|tcount[0]                     ; transmitter:inst14|tcount[4]                     ; inst10       ; inst10      ; 0.000        ; 0.054      ; 1.054      ;
; 0.837 ; transmitter:inst14|tcount[7]                     ; transmitter:inst14|tcount[10]                    ; inst10       ; inst10      ; 0.000        ; 0.054      ; 1.055      ;
; 0.839 ; transmitter:inst14|tcount[4]                     ; transmitter:inst14|tcount[7]                     ; inst10       ; inst10      ; 0.000        ; 0.054      ; 1.057      ;
; 0.843 ; transmitter:inst14|tcount[6]                     ; transmitter:inst14|tcount[9]                     ; inst10       ; inst10      ; 0.000        ; 0.054      ; 1.061      ;
; 0.846 ; transmitter:inst14|tcount[4]                     ; transmitter:inst14|tcount[8]                     ; inst10       ; inst10      ; 0.000        ; 0.054      ; 1.064      ;
; 0.850 ; transmitter:inst14|tcount[6]                     ; transmitter:inst14|tcount[10]                    ; inst10       ; inst10      ; 0.000        ; 0.054      ; 1.068      ;
; 0.852 ; transmitter:inst14|dcount[2]                     ; transmitter:inst14|dcount[2]                     ; inst10       ; inst10      ; 0.000        ; 0.055      ; 1.071      ;
; 0.858 ; transmitter:inst14|tcount[9]                     ; transmitter:inst14|tcount[10]                    ; inst10       ; inst10      ; 0.000        ; 0.054      ; 1.076      ;
; 0.864 ; transmitter:inst14|dcount[1]                     ; transmitter:inst14|dcount[2]                     ; inst10       ; inst10      ; 0.000        ; 0.055      ; 1.083      ;
; 0.868 ; transmitter:inst14|tcount[3]                     ; transmitter:inst14|tcount[4]                     ; inst10       ; inst10      ; 0.000        ; 0.054      ; 1.086      ;
; 0.869 ; transmitter:inst14|tcount[1]                     ; transmitter:inst14|tcount[2]                     ; inst10       ; inst10      ; 0.000        ; 0.054      ; 1.087      ;
; 0.870 ; transmitter:inst14|tcount[11]                    ; transmitter:inst14|tcount[12]                    ; inst10       ; inst10      ; 0.000        ; 0.054      ; 1.088      ;
; 0.877 ; transmitter:inst14|tcount[8]                     ; transmitter:inst14|tcount[9]                     ; inst10       ; inst10      ; 0.000        ; 0.054      ; 1.095      ;
; 0.881 ; transmitter:inst14|present_state.shift_count     ; transmitter:inst14|dcount[2]                     ; inst10       ; inst10      ; 0.000        ; 0.055      ; 1.100      ;
; 0.884 ; transmitter:inst14|tcount[8]                     ; transmitter:inst14|tcount[10]                    ; inst10       ; inst10      ; 0.000        ; 0.054      ; 1.102      ;
; 0.905 ; rise:inst|sampled2                               ; transmitter:inst14|dint[7]                       ; inst10       ; inst10      ; 0.000        ; 0.054      ; 1.123      ;
; 0.906 ; rise:inst|sampled2                               ; transmitter:inst14|dint[5]                       ; inst10       ; inst10      ; 0.000        ; 0.054      ; 1.124      ;
; 0.906 ; rise:inst|sampled2                               ; transmitter:inst14|dint[3]                       ; inst10       ; inst10      ; 0.000        ; 0.054      ; 1.124      ;
; 0.915 ; transmitter:inst14|dcount[1]                     ; transmitter:inst14|present_state.write_din_stop  ; inst10       ; inst10      ; 0.000        ; 0.055      ; 1.134      ;
; 0.916 ; transmitter:inst14|dcount[2]                     ; transmitter:inst14|present_state.write_din_stop  ; inst10       ; inst10      ; 0.000        ; 0.055      ; 1.135      ;
; 0.919 ; transmitter:inst14|present_state.shift_count     ; transmitter:inst14|dint[7]                       ; inst10       ; inst10      ; 0.000        ; 0.051      ; 1.134      ;
; 0.922 ; transmitter:inst14|tcount[5]                     ; transmitter:inst14|tcount[9]                     ; inst10       ; inst10      ; 0.000        ; 0.054      ; 1.140      ;
; 0.923 ; transmitter:inst14|tcount[2]                     ; transmitter:inst14|tcount[7]                     ; inst10       ; inst10      ; 0.000        ; 0.054      ; 1.141      ;
; 0.925 ; transmitter:inst14|tcount[0]                     ; transmitter:inst14|tcount[5]                     ; inst10       ; inst10      ; 0.000        ; 0.054      ; 1.143      ;
; 0.926 ; transmitter:inst14|tcount[7]                     ; transmitter:inst14|tcount[11]                    ; inst10       ; inst10      ; 0.000        ; 0.054      ; 1.144      ;
; 0.929 ; transmitter:inst14|tcount[5]                     ; transmitter:inst14|tcount[10]                    ; inst10       ; inst10      ; 0.000        ; 0.054      ; 1.147      ;
; 0.930 ; transmitter:inst14|tcount[2]                     ; transmitter:inst14|tcount[8]                     ; inst10       ; inst10      ; 0.000        ; 0.054      ; 1.148      ;
; 0.932 ; transmitter:inst14|tcount[0]                     ; transmitter:inst14|tcount[6]                     ; inst10       ; inst10      ; 0.000        ; 0.054      ; 1.150      ;
; 0.933 ; transmitter:inst14|tcount[7]                     ; transmitter:inst14|tcount[12]                    ; inst10       ; inst10      ; 0.000        ; 0.054      ; 1.151      ;
; 0.935 ; transmitter:inst14|tcount[4]                     ; transmitter:inst14|tcount[9]                     ; inst10       ; inst10      ; 0.000        ; 0.054      ; 1.153      ;
+-------+--------------------------------------------------+--------------------------------------------------+--------------+-------------+--------------+------------+------------+


+----------------------------------------------------------------------------------------------+
; Slow 1200mV 0C Model Minimum Pulse Width: 'clk'                                              ;
+--------+--------------+----------------+------------------+-------+------------+-------------+
; Slack  ; Actual Width ; Required Width ; Type             ; Clock ; Clock Edge ; Target      ;
+--------+--------------+----------------+------------------+-------+------------+-------------+
; -3.000 ; 1.000        ; 4.000          ; Port Rate        ; clk   ; Rise       ; clk         ;
; -1.000 ; 1.000        ; 2.000          ; Min Period       ; clk   ; Rise       ; inst10      ;
; 0.166  ; 0.350        ; 0.184          ; Low Pulse Width  ; clk   ; Rise       ; inst10      ;
; 0.326  ; 0.326        ; 0.000          ; Low Pulse Width  ; clk   ; Rise       ; inst10|clk  ;
; 0.339  ; 0.339        ; 0.000          ; Low Pulse Width  ; clk   ; Rise       ; clk~input|o ;
; 0.433  ; 0.649        ; 0.216          ; High Pulse Width ; clk   ; Rise       ; inst10      ;
; 0.500  ; 0.500        ; 0.000          ; High Pulse Width ; clk   ; Rise       ; clk~input|i ;
; 0.500  ; 0.500        ; 0.000          ; Low Pulse Width  ; clk   ; Rise       ; clk~input|i ;
; 0.661  ; 0.661        ; 0.000          ; High Pulse Width ; clk   ; Rise       ; clk~input|o ;
; 0.673  ; 0.673        ; 0.000          ; High Pulse Width ; clk   ; Rise       ; inst10|clk  ;
+--------+--------------+----------------+------------------+-------+------------+-------------+


+------------------------------------------------------------------------------------------------------------------------------------+
; Slow 1200mV 0C Model Minimum Pulse Width: 'inst10'                                                                                 ;
+--------+--------------+----------------+------------------+--------+------------+--------------------------------------------------+
; Slack  ; Actual Width ; Required Width ; Type             ; Clock  ; Clock Edge ; Target                                           ;
+--------+--------------+----------------+------------------+--------+------------+--------------------------------------------------+
; -1.000 ; 1.000        ; 2.000          ; Min Period       ; inst10 ; Rise       ; rise:inst|sampled1                               ;
; -1.000 ; 1.000        ; 2.000          ; Min Period       ; inst10 ; Rise       ; rise:inst|sampled2                               ;
; -1.000 ; 1.000        ; 2.000          ; Min Period       ; inst10 ; Rise       ; transmitter:inst14|dcount[0]                     ;
; -1.000 ; 1.000        ; 2.000          ; Min Period       ; inst10 ; Rise       ; transmitter:inst14|dcount[1]                     ;
; -1.000 ; 1.000        ; 2.000          ; Min Period       ; inst10 ; Rise       ; transmitter:inst14|dcount[2]                     ;
; -1.000 ; 1.000        ; 2.000          ; Min Period       ; inst10 ; Rise       ; transmitter:inst14|dint[0]                       ;
; -1.000 ; 1.000        ; 2.000          ; Min Period       ; inst10 ; Rise       ; transmitter:inst14|dint[1]                       ;
; -1.000 ; 1.000        ; 2.000          ; Min Period       ; inst10 ; Rise       ; transmitter:inst14|dint[2]                       ;
; -1.000 ; 1.000        ; 2.000          ; Min Period       ; inst10 ; Rise       ; transmitter:inst14|dint[3]                       ;
; -1.000 ; 1.000        ; 2.000          ; Min Period       ; inst10 ; Rise       ; transmitter:inst14|dint[4]                       ;
; -1.000 ; 1.000        ; 2.000          ; Min Period       ; inst10 ; Rise       ; transmitter:inst14|dint[5]                       ;
; -1.000 ; 1.000        ; 2.000          ; Min Period       ; inst10 ; Rise       ; transmitter:inst14|dint[6]                       ;
; -1.000 ; 1.000        ; 2.000          ; Min Period       ; inst10 ; Rise       ; transmitter:inst14|dint[7]                       ;
; -1.000 ; 1.000        ; 2.000          ; Min Period       ; inst10 ; Rise       ; transmitter:inst14|present_state.clear_timer     ;
; -1.000 ; 1.000        ; 2.000          ; Min Period       ; inst10 ; Rise       ; transmitter:inst14|present_state.idle            ;
; -1.000 ; 1.000        ; 2.000          ; Min Period       ; inst10 ; Rise       ; transmitter:inst14|present_state.shift_count     ;
; -1.000 ; 1.000        ; 2.000          ; Min Period       ; inst10 ; Rise       ; transmitter:inst14|present_state.test_eoc        ;
; -1.000 ; 1.000        ; 2.000          ; Min Period       ; inst10 ; Rise       ; transmitter:inst14|present_state.write_din_data  ;
; -1.000 ; 1.000        ; 2.000          ; Min Period       ; inst10 ; Rise       ; transmitter:inst14|present_state.write_din_start ;
; -1.000 ; 1.000        ; 2.000          ; Min Period       ; inst10 ; Rise       ; transmitter:inst14|present_state.write_din_stop  ;
; -1.000 ; 1.000        ; 2.000          ; Min Period       ; inst10 ; Rise       ; transmitter:inst14|tcount[0]                     ;
; -1.000 ; 1.000        ; 2.000          ; Min Period       ; inst10 ; Rise       ; transmitter:inst14|tcount[10]                    ;
; -1.000 ; 1.000        ; 2.000          ; Min Period       ; inst10 ; Rise       ; transmitter:inst14|tcount[11]                    ;
; -1.000 ; 1.000        ; 2.000          ; Min Period       ; inst10 ; Rise       ; transmitter:inst14|tcount[12]                    ;
; -1.000 ; 1.000        ; 2.000          ; Min Period       ; inst10 ; Rise       ; transmitter:inst14|tcount[1]                     ;
; -1.000 ; 1.000        ; 2.000          ; Min Period       ; inst10 ; Rise       ; transmitter:inst14|tcount[2]                     ;
; -1.000 ; 1.000        ; 2.000          ; Min Period       ; inst10 ; Rise       ; transmitter:inst14|tcount[3]                     ;
; -1.000 ; 1.000        ; 2.000          ; Min Period       ; inst10 ; Rise       ; transmitter:inst14|tcount[4]                     ;
; -1.000 ; 1.000        ; 2.000          ; Min Period       ; inst10 ; Rise       ; transmitter:inst14|tcount[5]                     ;
; -1.000 ; 1.000        ; 2.000          ; Min Period       ; inst10 ; Rise       ; transmitter:inst14|tcount[6]                     ;
; -1.000 ; 1.000        ; 2.000          ; Min Period       ; inst10 ; Rise       ; transmitter:inst14|tcount[7]                     ;
; -1.000 ; 1.000        ; 2.000          ; Min Period       ; inst10 ; Rise       ; transmitter:inst14|tcount[8]                     ;
; -1.000 ; 1.000        ; 2.000          ; Min Period       ; inst10 ; Rise       ; transmitter:inst14|tcount[9]                     ;
; -1.000 ; 1.000        ; 2.000          ; Min Period       ; inst10 ; Rise       ; transmitter:inst14|tx                            ;
; 0.253  ; 0.437        ; 0.184          ; Low Pulse Width  ; inst10 ; Rise       ; transmitter:inst14|tcount[0]                     ;
; 0.253  ; 0.437        ; 0.184          ; Low Pulse Width  ; inst10 ; Rise       ; transmitter:inst14|tcount[10]                    ;
; 0.253  ; 0.437        ; 0.184          ; Low Pulse Width  ; inst10 ; Rise       ; transmitter:inst14|tcount[11]                    ;
; 0.253  ; 0.437        ; 0.184          ; Low Pulse Width  ; inst10 ; Rise       ; transmitter:inst14|tcount[12]                    ;
; 0.253  ; 0.437        ; 0.184          ; Low Pulse Width  ; inst10 ; Rise       ; transmitter:inst14|tcount[1]                     ;
; 0.253  ; 0.437        ; 0.184          ; Low Pulse Width  ; inst10 ; Rise       ; transmitter:inst14|tcount[2]                     ;
; 0.253  ; 0.437        ; 0.184          ; Low Pulse Width  ; inst10 ; Rise       ; transmitter:inst14|tcount[3]                     ;
; 0.253  ; 0.437        ; 0.184          ; Low Pulse Width  ; inst10 ; Rise       ; transmitter:inst14|tcount[4]                     ;
; 0.253  ; 0.437        ; 0.184          ; Low Pulse Width  ; inst10 ; Rise       ; transmitter:inst14|tcount[5]                     ;
; 0.253  ; 0.437        ; 0.184          ; Low Pulse Width  ; inst10 ; Rise       ; transmitter:inst14|tcount[6]                     ;
; 0.253  ; 0.437        ; 0.184          ; Low Pulse Width  ; inst10 ; Rise       ; transmitter:inst14|tcount[7]                     ;
; 0.253  ; 0.437        ; 0.184          ; Low Pulse Width  ; inst10 ; Rise       ; transmitter:inst14|tcount[8]                     ;
; 0.253  ; 0.437        ; 0.184          ; Low Pulse Width  ; inst10 ; Rise       ; transmitter:inst14|tcount[9]                     ;
; 0.254  ; 0.438        ; 0.184          ; Low Pulse Width  ; inst10 ; Rise       ; transmitter:inst14|dcount[0]                     ;
; 0.254  ; 0.438        ; 0.184          ; Low Pulse Width  ; inst10 ; Rise       ; transmitter:inst14|dcount[1]                     ;
; 0.254  ; 0.438        ; 0.184          ; Low Pulse Width  ; inst10 ; Rise       ; transmitter:inst14|dcount[2]                     ;
; 0.254  ; 0.438        ; 0.184          ; Low Pulse Width  ; inst10 ; Rise       ; transmitter:inst14|dint[0]                       ;
; 0.254  ; 0.438        ; 0.184          ; Low Pulse Width  ; inst10 ; Rise       ; transmitter:inst14|present_state.clear_timer     ;
; 0.254  ; 0.438        ; 0.184          ; Low Pulse Width  ; inst10 ; Rise       ; transmitter:inst14|present_state.idle            ;
; 0.254  ; 0.438        ; 0.184          ; Low Pulse Width  ; inst10 ; Rise       ; transmitter:inst14|present_state.shift_count     ;
; 0.254  ; 0.438        ; 0.184          ; Low Pulse Width  ; inst10 ; Rise       ; transmitter:inst14|present_state.test_eoc        ;
; 0.254  ; 0.438        ; 0.184          ; Low Pulse Width  ; inst10 ; Rise       ; transmitter:inst14|present_state.write_din_data  ;
; 0.254  ; 0.438        ; 0.184          ; Low Pulse Width  ; inst10 ; Rise       ; transmitter:inst14|present_state.write_din_start ;
; 0.254  ; 0.438        ; 0.184          ; Low Pulse Width  ; inst10 ; Rise       ; transmitter:inst14|present_state.write_din_stop  ;
; 0.254  ; 0.438        ; 0.184          ; Low Pulse Width  ; inst10 ; Rise       ; transmitter:inst14|tx                            ;
; 0.255  ; 0.439        ; 0.184          ; Low Pulse Width  ; inst10 ; Rise       ; rise:inst|sampled1                               ;
; 0.255  ; 0.439        ; 0.184          ; Low Pulse Width  ; inst10 ; Rise       ; rise:inst|sampled2                               ;
; 0.255  ; 0.439        ; 0.184          ; Low Pulse Width  ; inst10 ; Rise       ; transmitter:inst14|dint[1]                       ;
; 0.255  ; 0.439        ; 0.184          ; Low Pulse Width  ; inst10 ; Rise       ; transmitter:inst14|dint[2]                       ;
; 0.255  ; 0.439        ; 0.184          ; Low Pulse Width  ; inst10 ; Rise       ; transmitter:inst14|dint[3]                       ;
; 0.255  ; 0.439        ; 0.184          ; Low Pulse Width  ; inst10 ; Rise       ; transmitter:inst14|dint[4]                       ;
; 0.255  ; 0.439        ; 0.184          ; Low Pulse Width  ; inst10 ; Rise       ; transmitter:inst14|dint[5]                       ;
; 0.255  ; 0.439        ; 0.184          ; Low Pulse Width  ; inst10 ; Rise       ; transmitter:inst14|dint[6]                       ;
; 0.255  ; 0.439        ; 0.184          ; Low Pulse Width  ; inst10 ; Rise       ; transmitter:inst14|dint[7]                       ;
; 0.340  ; 0.556        ; 0.216          ; High Pulse Width ; inst10 ; Rise       ; rise:inst|sampled1                               ;
; 0.340  ; 0.556        ; 0.216          ; High Pulse Width ; inst10 ; Rise       ; rise:inst|sampled2                               ;
; 0.340  ; 0.556        ; 0.216          ; High Pulse Width ; inst10 ; Rise       ; transmitter:inst14|dint[1]                       ;
; 0.340  ; 0.556        ; 0.216          ; High Pulse Width ; inst10 ; Rise       ; transmitter:inst14|dint[2]                       ;
; 0.340  ; 0.556        ; 0.216          ; High Pulse Width ; inst10 ; Rise       ; transmitter:inst14|dint[3]                       ;
; 0.340  ; 0.556        ; 0.216          ; High Pulse Width ; inst10 ; Rise       ; transmitter:inst14|dint[4]                       ;
; 0.340  ; 0.556        ; 0.216          ; High Pulse Width ; inst10 ; Rise       ; transmitter:inst14|dint[5]                       ;
; 0.340  ; 0.556        ; 0.216          ; High Pulse Width ; inst10 ; Rise       ; transmitter:inst14|dint[6]                       ;
; 0.340  ; 0.556        ; 0.216          ; High Pulse Width ; inst10 ; Rise       ; transmitter:inst14|dint[7]                       ;
; 0.342  ; 0.558        ; 0.216          ; High Pulse Width ; inst10 ; Rise       ; transmitter:inst14|dcount[0]                     ;
; 0.342  ; 0.558        ; 0.216          ; High Pulse Width ; inst10 ; Rise       ; transmitter:inst14|dcount[1]                     ;
; 0.342  ; 0.558        ; 0.216          ; High Pulse Width ; inst10 ; Rise       ; transmitter:inst14|dcount[2]                     ;
; 0.342  ; 0.558        ; 0.216          ; High Pulse Width ; inst10 ; Rise       ; transmitter:inst14|dint[0]                       ;
; 0.342  ; 0.558        ; 0.216          ; High Pulse Width ; inst10 ; Rise       ; transmitter:inst14|present_state.clear_timer     ;
; 0.342  ; 0.558        ; 0.216          ; High Pulse Width ; inst10 ; Rise       ; transmitter:inst14|present_state.idle            ;
; 0.342  ; 0.558        ; 0.216          ; High Pulse Width ; inst10 ; Rise       ; transmitter:inst14|present_state.shift_count     ;
; 0.342  ; 0.558        ; 0.216          ; High Pulse Width ; inst10 ; Rise       ; transmitter:inst14|present_state.test_eoc        ;
; 0.342  ; 0.558        ; 0.216          ; High Pulse Width ; inst10 ; Rise       ; transmitter:inst14|present_state.write_din_data  ;
; 0.342  ; 0.558        ; 0.216          ; High Pulse Width ; inst10 ; Rise       ; transmitter:inst14|present_state.write_din_start ;
; 0.342  ; 0.558        ; 0.216          ; High Pulse Width ; inst10 ; Rise       ; transmitter:inst14|present_state.write_din_stop  ;
; 0.342  ; 0.558        ; 0.216          ; High Pulse Width ; inst10 ; Rise       ; transmitter:inst14|tcount[0]                     ;
; 0.342  ; 0.558        ; 0.216          ; High Pulse Width ; inst10 ; Rise       ; transmitter:inst14|tcount[10]                    ;
; 0.342  ; 0.558        ; 0.216          ; High Pulse Width ; inst10 ; Rise       ; transmitter:inst14|tcount[11]                    ;
; 0.342  ; 0.558        ; 0.216          ; High Pulse Width ; inst10 ; Rise       ; transmitter:inst14|tcount[12]                    ;
; 0.342  ; 0.558        ; 0.216          ; High Pulse Width ; inst10 ; Rise       ; transmitter:inst14|tcount[1]                     ;
; 0.342  ; 0.558        ; 0.216          ; High Pulse Width ; inst10 ; Rise       ; transmitter:inst14|tcount[2]                     ;
; 0.342  ; 0.558        ; 0.216          ; High Pulse Width ; inst10 ; Rise       ; transmitter:inst14|tcount[3]                     ;
; 0.342  ; 0.558        ; 0.216          ; High Pulse Width ; inst10 ; Rise       ; transmitter:inst14|tcount[4]                     ;
; 0.342  ; 0.558        ; 0.216          ; High Pulse Width ; inst10 ; Rise       ; transmitter:inst14|tcount[5]                     ;
; 0.342  ; 0.558        ; 0.216          ; High Pulse Width ; inst10 ; Rise       ; transmitter:inst14|tcount[6]                     ;
; 0.342  ; 0.558        ; 0.216          ; High Pulse Width ; inst10 ; Rise       ; transmitter:inst14|tcount[7]                     ;
; 0.342  ; 0.558        ; 0.216          ; High Pulse Width ; inst10 ; Rise       ; transmitter:inst14|tcount[8]                     ;
+--------+--------------+----------------+------------------+--------+------------+--------------------------------------------------+


+-----------------------------------------------------------------------+
; Setup Times                                                           ;
+-----------+------------+-------+-------+------------+-----------------+
; Data Port ; Clock Port ; Rise  ; Fall  ; Clock Edge ; Clock Reference ;
+-----------+------------+-------+-------+------------+-----------------+
; din[*]    ; inst10     ; 1.538 ; 1.940 ; Rise       ; inst10          ;
;  din[0]   ; inst10     ; 1.339 ; 1.686 ; Rise       ; inst10          ;
;  din[1]   ; inst10     ; 1.538 ; 1.906 ; Rise       ; inst10          ;
;  din[2]   ; inst10     ; 1.250 ; 1.580 ; Rise       ; inst10          ;
;  din[3]   ; inst10     ; 1.377 ; 1.773 ; Rise       ; inst10          ;
;  din[4]   ; inst10     ; 1.345 ; 1.720 ; Rise       ; inst10          ;
;  din[5]   ; inst10     ; 1.516 ; 1.940 ; Rise       ; inst10          ;
;  din[6]   ; inst10     ; 1.280 ; 1.649 ; Rise       ; inst10          ;
;  din[7]   ; inst10     ; 1.178 ; 1.511 ; Rise       ; inst10          ;
; write_din ; inst10     ; 1.331 ; 1.704 ; Rise       ; inst10          ;
+-----------+------------+-------+-------+------------+-----------------+


+-------------------------------------------------------------------------+
; Hold Times                                                              ;
+-----------+------------+--------+--------+------------+-----------------+
; Data Port ; Clock Port ; Rise   ; Fall   ; Clock Edge ; Clock Reference ;
+-----------+------------+--------+--------+------------+-----------------+
; din[*]    ; inst10     ; -0.807 ; -1.126 ; Rise       ; inst10          ;
;  din[0]   ; inst10     ; -0.917 ; -1.240 ; Rise       ; inst10          ;
;  din[1]   ; inst10     ; -1.110 ; -1.452 ; Rise       ; inst10          ;
;  din[2]   ; inst10     ; -0.833 ; -1.139 ; Rise       ; inst10          ;
;  din[3]   ; inst10     ; -0.955 ; -1.323 ; Rise       ; inst10          ;
;  din[4]   ; inst10     ; -0.920 ; -1.267 ; Rise       ; inst10          ;
;  din[5]   ; inst10     ; -1.088 ; -1.483 ; Rise       ; inst10          ;
;  din[6]   ; inst10     ; -0.858 ; -1.199 ; Rise       ; inst10          ;
;  din[7]   ; inst10     ; -0.807 ; -1.126 ; Rise       ; inst10          ;
; write_din ; inst10     ; -0.948 ; -1.317 ; Rise       ; inst10          ;
+-----------+------------+--------+--------+------------+-----------------+


+-----------------------------------------------------------------------+
; Clock to Output Times                                                 ;
+-----------+------------+-------+-------+------------+-----------------+
; Data Port ; Clock Port ; Rise  ; Fall  ; Clock Edge ; Clock Reference ;
+-----------+------------+-------+-------+------------+-----------------+
; tx        ; inst10     ; 8.296 ; 8.240 ; Rise       ; inst10          ;
+-----------+------------+-------+-------+------------+-----------------+


+-----------------------------------------------------------------------+
; Minimum Clock to Output Times                                         ;
+-----------+------------+-------+-------+------------+-----------------+
; Data Port ; Clock Port ; Rise  ; Fall  ; Clock Edge ; Clock Reference ;
+-----------+------------+-------+-------+------------+-----------------+
; tx        ; inst10     ; 8.046 ; 7.992 ; Rise       ; inst10          ;
+-----------+------------+-------+-------+------------+-----------------+


+----------------------------------------------------------+
; Propagation Delay                                        ;
+------------+-------------+-------+-------+-------+-------+
; Input Port ; Output Port ; RR    ; RF    ; FR    ; FF    ;
+------------+-------------+-------+-------+-------+-------+
; din[0]     ; HEX0S[0]    ; 6.219 ; 6.312 ; 6.596 ; 6.697 ;
; din[0]     ; HEX0S[1]    ; 6.487 ;       ;       ; 6.753 ;
; din[0]     ; HEX0S[2]    ; 6.315 ;       ;       ; 6.595 ;
; din[0]     ; HEX0S[3]    ; 6.517 ; 6.403 ; 6.897 ; 6.775 ;
; din[0]     ; HEX0S[4]    ;       ; 6.243 ; 6.717 ;       ;
; din[0]     ; HEX0S[5]    ; 6.791 ; 6.661 ; 7.174 ; 7.036 ;
; din[0]     ; HEX0S[6]    ; 6.590 ; 6.483 ; 6.970 ; 6.855 ;
; din[0]     ; LEDR[0]     ; 5.333 ;       ;       ; 5.666 ;
; din[1]     ; HEX0S[0]    ; 6.294 ; 6.389 ; 6.698 ; 6.762 ;
; din[1]     ; HEX0S[1]    ; 6.562 ; 6.450 ; 6.936 ; 6.855 ;
; din[1]     ; HEX0S[2]    ;       ; 6.298 ; 6.767 ;       ;
; din[1]     ; HEX0S[3]    ; 6.595 ; 6.479 ; 6.967 ; 6.880 ;
; din[1]     ; HEX0S[4]    ; 6.415 ;       ;       ; 6.720 ;
; din[1]     ; HEX0S[5]    ; 6.870 ; 6.738 ; 7.241 ; 7.140 ;
; din[1]     ; HEX0S[6]    ; 6.661 ; 6.554 ; 7.036 ; 6.956 ;
; din[1]     ; LEDR[1]     ; 5.629 ;       ;       ; 5.984 ;
; din[2]     ; HEX0S[0]    ; 6.478 ; 6.544 ; 6.869 ; 6.971 ;
; din[2]     ; HEX0S[1]    ; 6.656 ; 6.607 ; 7.116 ; 6.989 ;
; din[2]     ; HEX0S[2]    ; 6.547 ; 6.428 ; 6.930 ; 6.869 ;
; din[2]     ; HEX0S[3]    ; 6.747 ; 6.655 ; 7.164 ; 7.052 ;
; din[2]     ; HEX0S[4]    ; 6.549 ; 6.472 ; 6.964 ; 6.907 ;
; din[2]     ; HEX0S[5]    ; 7.012 ;       ;       ; 7.326 ;
; din[2]     ; HEX0S[6]    ; 6.820 ; 6.697 ; 7.203 ; 7.129 ;
; din[2]     ; LEDR[2]     ; 6.527 ;       ;       ; 6.972 ;
; din[3]     ; HEX0S[0]    ; 6.722 ; 6.784 ; 7.104 ; 7.213 ;
; din[3]     ; HEX0S[1]    ; 6.898 ; 6.853 ; 7.352 ; 7.226 ;
; din[3]     ; HEX0S[2]    ;       ; 6.721 ; 7.213 ;       ;
; din[3]     ; HEX0S[3]    ; 6.974 ; 6.902 ; 7.416 ; 7.260 ;
; din[3]     ; HEX0S[4]    ; 6.792 ; 6.717 ; 7.197 ; 7.140 ;
; din[3]     ; HEX0S[5]    ; 7.247 ; 7.109 ; 7.648 ; 7.560 ;
; din[3]     ; HEX0S[6]    ; 7.020 ; 6.988 ; 7.495 ; 7.336 ;
; din[3]     ; LEDR[3]     ; 5.407 ;       ;       ; 5.764 ;
; din[4]     ; HEX1S[0]    ; 7.057 ; 7.136 ; 7.423 ; 7.473 ;
; din[4]     ; HEX1S[1]    ; 7.252 ;       ;       ; 7.493 ;
; din[4]     ; HEX1S[2]    ; 6.938 ;       ;       ; 7.229 ;
; din[4]     ; HEX1S[3]    ; 6.835 ; 6.813 ; 7.181 ; 7.188 ;
; din[4]     ; HEX1S[4]    ;       ; 6.779 ; 7.200 ;       ;
; din[4]     ; HEX1S[5]    ; 6.796 ; 6.758 ; 7.138 ; 7.129 ;
; din[4]     ; HEX1S[6]    ; 6.835 ; 6.744 ; 7.182 ; 7.122 ;
; din[4]     ; LEDR[4]     ; 5.348 ;       ;       ; 5.685 ;
; din[5]     ; HEX1S[0]    ; 7.399 ; 7.450 ; 7.752 ; 7.834 ;
; din[5]     ; HEX1S[1]    ; 7.564 ; 7.431 ; 7.919 ; 7.823 ;
; din[5]     ; HEX1S[2]    ;       ; 7.184 ; 7.645 ;       ;
; din[5]     ; HEX1S[3]    ; 7.112 ; 7.147 ; 7.549 ; 7.506 ;
; din[5]     ; HEX1S[4]    ; 7.159 ;       ;       ; 7.474 ;
; din[5]     ; HEX1S[5]    ; 7.084 ; 7.087 ; 7.494 ; 7.470 ;
; din[5]     ; HEX1S[6]    ; 7.088 ; 7.076 ; 7.545 ; 7.381 ;
; din[5]     ; LEDR[5]     ; 5.340 ;       ;       ; 5.681 ;
; din[6]     ; HEX1S[0]    ; 7.012 ; 7.067 ; 7.333 ; 7.408 ;
; din[6]     ; HEX1S[1]    ; 7.137 ; 7.088 ; 7.533 ; 7.341 ;
; din[6]     ; HEX1S[2]    ; 7.000 ; 6.885 ; 7.310 ; 7.284 ;
; din[6]     ; HEX1S[3]    ; 6.897 ; 6.876 ; 7.234 ; 7.235 ;
; din[6]     ; HEX1S[4]    ; 6.874 ; 6.870 ; 7.288 ; 7.164 ;
; din[6]     ; HEX1S[5]    ; 6.847 ;       ;       ; 7.197 ;
; din[6]     ; HEX1S[6]    ; 6.897 ; 6.809 ; 7.241 ; 7.175 ;
; din[6]     ; LEDR[6]     ; 5.357 ;       ;       ; 5.676 ;
; din[7]     ; HEX1S[0]    ; 6.753 ; 6.830 ; 7.097 ; 7.182 ;
; din[7]     ; HEX1S[1]    ; 6.945 ; 6.824 ; 7.297 ; 7.168 ;
; din[7]     ; HEX1S[2]    ;       ; 6.808 ; 7.227 ;       ;
; din[7]     ; HEX1S[3]    ; 6.786 ; 6.766 ; 7.128 ; 7.100 ;
; din[7]     ; HEX1S[4]    ; 6.809 ; 6.732 ; 7.147 ; 7.062 ;
; din[7]     ; HEX1S[5]    ; 6.746 ; 6.710 ; 7.085 ; 7.041 ;
; din[7]     ; HEX1S[6]    ; 6.783 ; 6.696 ; 7.128 ; 7.033 ;
; din[7]     ; LEDR[7]     ; 5.540 ;       ;       ; 5.857 ;
+------------+-------------+-------+-------+-------+-------+


+----------------------------------------------------------+
; Minimum Propagation Delay                                ;
+------------+-------------+-------+-------+-------+-------+
; Input Port ; Output Port ; RR    ; RF    ; FR    ; FF    ;
+------------+-------------+-------+-------+-------+-------+
; din[0]     ; HEX0S[0]    ; 6.078 ; 6.169 ; 6.445 ; 6.542 ;
; din[0]     ; HEX0S[1]    ; 6.336 ;       ;       ; 6.595 ;
; din[0]     ; HEX0S[2]    ; 6.171 ;       ;       ; 6.443 ;
; din[0]     ; HEX0S[3]    ; 6.366 ; 6.254 ; 6.735 ; 6.617 ;
; din[0]     ; HEX0S[4]    ;       ; 6.100 ; 6.561 ;       ;
; din[0]     ; HEX0S[5]    ; 6.629 ; 6.502 ; 7.000 ; 6.867 ;
; din[0]     ; HEX0S[6]    ; 6.434 ; 6.329 ; 6.804 ; 6.693 ;
; din[0]     ; LEDR[0]     ; 5.235 ;       ;       ; 5.559 ;
; din[1]     ; HEX0S[0]    ; 6.149 ; 6.240 ; 6.541 ; 6.606 ;
; din[1]     ; HEX0S[1]    ; 6.407 ; 6.299 ; 6.774 ; 6.692 ;
; din[1]     ; HEX0S[2]    ;       ; 6.150 ; 6.609 ;       ;
; din[1]     ; HEX0S[3]    ; 6.438 ; 6.324 ; 6.801 ; 6.715 ;
; din[1]     ; HEX0S[4]    ; 6.265 ;       ;       ; 6.562 ;
; din[1]     ; HEX0S[5]    ; 6.702 ; 6.575 ; 7.066 ; 6.965 ;
; din[1]     ; HEX0S[6]    ; 6.503 ; 6.396 ; 6.866 ; 6.788 ;
; din[1]     ; LEDR[1]     ; 5.520 ;       ;       ; 5.865 ;
; din[2]     ; HEX0S[0]    ; 6.266 ; 6.347 ; 6.652 ; 6.747 ;
; din[2]     ; HEX0S[1]    ; 6.499 ; 6.420 ; 6.913 ; 6.821 ;
; din[2]     ; HEX0S[2]    ; 6.394 ; 6.278 ; 6.767 ; 6.705 ;
; din[2]     ; HEX0S[3]    ; 6.528 ; 6.444 ; 6.941 ; 6.822 ;
; din[2]     ; HEX0S[4]    ; 6.355 ; 6.320 ; 6.800 ; 6.691 ;
; din[2]     ; HEX0S[5]    ; 6.807 ;       ;       ; 7.074 ;
; din[2]     ; HEX0S[6]    ; 6.596 ; 6.520 ; 7.007 ; 6.918 ;
; din[2]     ; LEDR[2]     ; 6.430 ;       ;       ; 6.866 ;
; din[3]     ; HEX0S[0]    ; 6.561 ; 6.568 ; 6.878 ; 7.039 ;
; din[3]     ; HEX0S[1]    ; 6.732 ; 6.651 ; 7.139 ; 7.049 ;
; din[3]     ; HEX0S[2]    ;       ; 6.500 ; 6.973 ;       ;
; din[3]     ; HEX0S[3]    ; 6.804 ; 6.674 ; 7.166 ; 7.082 ;
; din[3]     ; HEX0S[4]    ; 6.587 ; 6.555 ; 7.024 ; 6.913 ;
; din[3]     ; HEX0S[5]    ; 7.025 ; 6.933 ; 7.457 ; 7.295 ;
; din[3]     ; HEX0S[6]    ; 6.833 ; 6.755 ; 7.241 ; 7.130 ;
; din[3]     ; LEDR[3]     ; 5.307 ;       ;       ; 5.654 ;
; din[4]     ; HEX1S[0]    ; 6.881 ; 6.959 ; 7.238 ; 7.288 ;
; din[4]     ; HEX1S[1]    ; 7.068 ;       ;       ; 7.304 ;
; din[4]     ; HEX1S[2]    ; 6.768 ;       ;       ; 7.051 ;
; din[4]     ; HEX1S[3]    ; 6.669 ; 6.645 ; 7.007 ; 7.011 ;
; din[4]     ; HEX1S[4]    ;       ; 6.613 ; 7.025 ;       ;
; din[4]     ; HEX1S[5]    ; 6.632 ; 6.593 ; 6.966 ; 6.955 ;
; din[4]     ; HEX1S[6]    ; 6.669 ; 6.581 ; 7.009 ; 6.948 ;
; din[4]     ; LEDR[4]     ; 5.250 ;       ;       ; 5.578 ;
; din[5]     ; HEX1S[0]    ; 7.211 ; 7.205 ; 7.520 ; 7.635 ;
; din[5]     ; HEX1S[1]    ; 7.348 ; 7.242 ; 7.716 ; 7.616 ;
; din[5]     ; HEX1S[2]    ;       ; 6.946 ; 7.388 ;       ;
; din[5]     ; HEX1S[3]    ; 6.906 ; 6.944 ; 7.328 ; 7.270 ;
; din[5]     ; HEX1S[4]    ; 6.929 ;       ;       ; 7.249 ;
; din[5]     ; HEX1S[5]    ; 6.869 ; 6.912 ; 7.309 ; 7.209 ;
; din[5]     ; HEX1S[6]    ; 6.915 ; 6.861 ; 7.319 ; 7.198 ;
; din[5]     ; LEDR[5]     ; 5.243 ;       ;       ; 5.574 ;
; din[6]     ; HEX1S[0]    ; 6.788 ; 6.883 ; 7.126 ; 7.175 ;
; din[6]     ; HEX1S[1]    ; 6.960 ; 6.884 ; 7.317 ; 7.159 ;
; din[6]     ; HEX1S[2]    ; 6.830 ; 6.718 ; 7.133 ; 7.105 ;
; din[6]     ; HEX1S[3]    ; 6.672 ; 6.685 ; 7.048 ; 7.021 ;
; din[6]     ; HEX1S[4]    ; 6.694 ; 6.703 ; 7.111 ; 6.971 ;
; din[6]     ; HEX1S[5]    ; 6.634 ;       ;       ; 6.952 ;
; din[6]     ; HEX1S[6]    ; 6.687 ; 6.630 ; 7.055 ; 6.941 ;
; din[6]     ; LEDR[6]     ; 5.260 ;       ;       ; 5.570 ;
; din[7]     ; HEX1S[0]    ; 6.591 ; 6.667 ; 6.927 ; 7.009 ;
; din[7]     ; HEX1S[1]    ; 6.776 ; 6.658 ; 7.118 ; 6.994 ;
; din[7]     ; HEX1S[2]    ;       ; 6.643 ; 7.053 ;       ;
; din[7]     ; HEX1S[3]    ; 6.624 ; 6.602 ; 6.957 ; 6.929 ;
; din[7]     ; HEX1S[4]    ; 6.647 ; 6.570 ; 6.976 ; 6.893 ;
; din[7]     ; HEX1S[5]    ; 6.587 ; 6.550 ; 6.916 ; 6.873 ;
; din[7]     ; HEX1S[6]    ; 6.622 ; 6.536 ; 6.957 ; 6.865 ;
; din[7]     ; LEDR[7]     ; 5.436 ;       ;       ; 5.745 ;
+------------+-------------+-------+-------+-------+-------+


---------------------------------------------
; Slow 1200mV 0C Model Metastability Report ;
---------------------------------------------
No synchronizer chains to report.


+------------------------------------+
; Fast 1200mV 0C Model Setup Summary ;
+--------+--------+------------------+
; Clock  ; Slack  ; End Point TNS    ;
+--------+--------+------------------+
; inst10 ; -0.950 ; -14.939          ;
; clk    ; 0.312  ; 0.000            ;
+--------+--------+------------------+


+-----------------------------------+
; Fast 1200mV 0C Model Hold Summary ;
+--------+--------+-----------------+
; Clock  ; Slack  ; End Point TNS   ;
+--------+--------+-----------------+
; clk    ; -0.155 ; -0.155          ;
; inst10 ; 0.166  ; 0.000           ;
+--------+--------+-----------------+


-----------------------------------------
; Fast 1200mV 0C Model Recovery Summary ;
-----------------------------------------
No paths to report.


----------------------------------------
; Fast 1200mV 0C Model Removal Summary ;
----------------------------------------
No paths to report.


+--------------------------------------------------+
; Fast 1200mV 0C Model Minimum Pulse Width Summary ;
+--------+--------+--------------------------------+
; Clock  ; Slack  ; End Point TNS                  ;
+--------+--------+--------------------------------+
; clk    ; -3.000 ; -4.000                         ;
; inst10 ; -1.000 ; -34.000                        ;
+--------+--------+--------------------------------+


+----------------------------------------------------------------------------------------------------------------------------------------------+
; Fast 1200mV 0C Model Setup: 'inst10'                                                                                                         ;
+--------+-------------------------------+-------------------------------+--------------+-------------+--------------+------------+------------+
; Slack  ; From Node                     ; To Node                       ; Launch Clock ; Latch Clock ; Relationship ; Clock Skew ; Data Delay ;
+--------+-------------------------------+-------------------------------+--------------+-------------+--------------+------------+------------+
; -0.950 ; transmitter:inst14|tcount[5]  ; transmitter:inst14|tcount[12] ; inst10       ; inst10      ; 1.000        ; -0.036     ; 1.901      ;
; -0.946 ; transmitter:inst14|tcount[5]  ; transmitter:inst14|tcount[11] ; inst10       ; inst10      ; 1.000        ; -0.036     ; 1.897      ;
; -0.882 ; transmitter:inst14|tcount[5]  ; transmitter:inst14|tcount[10] ; inst10       ; inst10      ; 1.000        ; -0.036     ; 1.833      ;
; -0.878 ; transmitter:inst14|tcount[5]  ; transmitter:inst14|tcount[9]  ; inst10       ; inst10      ; 1.000        ; -0.036     ; 1.829      ;
; -0.869 ; transmitter:inst14|tcount[6]  ; transmitter:inst14|tcount[12] ; inst10       ; inst10      ; 1.000        ; -0.036     ; 1.820      ;
; -0.865 ; transmitter:inst14|tcount[6]  ; transmitter:inst14|tcount[11] ; inst10       ; inst10      ; 1.000        ; -0.036     ; 1.816      ;
; -0.843 ; transmitter:inst14|tcount[11] ; transmitter:inst14|tcount[12] ; inst10       ; inst10      ; 1.000        ; -0.036     ; 1.794      ;
; -0.839 ; transmitter:inst14|tcount[11] ; transmitter:inst14|tcount[11] ; inst10       ; inst10      ; 1.000        ; -0.036     ; 1.790      ;
; -0.837 ; transmitter:inst14|tcount[10] ; transmitter:inst14|tcount[12] ; inst10       ; inst10      ; 1.000        ; -0.036     ; 1.788      ;
; -0.833 ; transmitter:inst14|tcount[10] ; transmitter:inst14|tcount[11] ; inst10       ; inst10      ; 1.000        ; -0.036     ; 1.784      ;
; -0.822 ; transmitter:inst14|tcount[3]  ; transmitter:inst14|tcount[12] ; inst10       ; inst10      ; 1.000        ; -0.036     ; 1.773      ;
; -0.821 ; transmitter:inst14|tcount[9]  ; transmitter:inst14|tcount[12] ; inst10       ; inst10      ; 1.000        ; -0.036     ; 1.772      ;
; -0.820 ; transmitter:inst14|tcount[7]  ; transmitter:inst14|tcount[12] ; inst10       ; inst10      ; 1.000        ; -0.036     ; 1.771      ;
; -0.818 ; transmitter:inst14|tcount[3]  ; transmitter:inst14|tcount[11] ; inst10       ; inst10      ; 1.000        ; -0.036     ; 1.769      ;
; -0.817 ; transmitter:inst14|tcount[9]  ; transmitter:inst14|tcount[11] ; inst10       ; inst10      ; 1.000        ; -0.036     ; 1.768      ;
; -0.816 ; transmitter:inst14|tcount[7]  ; transmitter:inst14|tcount[11] ; inst10       ; inst10      ; 1.000        ; -0.036     ; 1.767      ;
; -0.814 ; transmitter:inst14|tcount[5]  ; transmitter:inst14|tcount[8]  ; inst10       ; inst10      ; 1.000        ; -0.036     ; 1.765      ;
; -0.810 ; transmitter:inst14|tcount[5]  ; transmitter:inst14|tcount[7]  ; inst10       ; inst10      ; 1.000        ; -0.036     ; 1.761      ;
; -0.801 ; transmitter:inst14|tcount[6]  ; transmitter:inst14|tcount[10] ; inst10       ; inst10      ; 1.000        ; -0.036     ; 1.752      ;
; -0.797 ; transmitter:inst14|tcount[6]  ; transmitter:inst14|tcount[9]  ; inst10       ; inst10      ; 1.000        ; -0.036     ; 1.748      ;
; -0.786 ; transmitter:inst14|tcount[2]  ; transmitter:inst14|tcount[12] ; inst10       ; inst10      ; 1.000        ; -0.036     ; 1.737      ;
; -0.782 ; transmitter:inst14|tcount[2]  ; transmitter:inst14|tcount[11] ; inst10       ; inst10      ; 1.000        ; -0.036     ; 1.733      ;
; -0.775 ; transmitter:inst14|tcount[11] ; transmitter:inst14|tcount[10] ; inst10       ; inst10      ; 1.000        ; -0.036     ; 1.726      ;
; -0.771 ; transmitter:inst14|tcount[11] ; transmitter:inst14|tcount[9]  ; inst10       ; inst10      ; 1.000        ; -0.036     ; 1.722      ;
; -0.769 ; transmitter:inst14|tcount[10] ; transmitter:inst14|tcount[10] ; inst10       ; inst10      ; 1.000        ; -0.036     ; 1.720      ;
; -0.765 ; transmitter:inst14|tcount[10] ; transmitter:inst14|tcount[9]  ; inst10       ; inst10      ; 1.000        ; -0.036     ; 1.716      ;
; -0.760 ; transmitter:inst14|tcount[4]  ; transmitter:inst14|tcount[12] ; inst10       ; inst10      ; 1.000        ; -0.036     ; 1.711      ;
; -0.756 ; transmitter:inst14|tcount[4]  ; transmitter:inst14|tcount[11] ; inst10       ; inst10      ; 1.000        ; -0.036     ; 1.707      ;
; -0.754 ; transmitter:inst14|tcount[3]  ; transmitter:inst14|tcount[10] ; inst10       ; inst10      ; 1.000        ; -0.036     ; 1.705      ;
; -0.753 ; transmitter:inst14|tcount[9]  ; transmitter:inst14|tcount[10] ; inst10       ; inst10      ; 1.000        ; -0.036     ; 1.704      ;
; -0.752 ; transmitter:inst14|tcount[7]  ; transmitter:inst14|tcount[10] ; inst10       ; inst10      ; 1.000        ; -0.036     ; 1.703      ;
; -0.750 ; transmitter:inst14|tcount[3]  ; transmitter:inst14|tcount[9]  ; inst10       ; inst10      ; 1.000        ; -0.036     ; 1.701      ;
; -0.749 ; transmitter:inst14|tcount[9]  ; transmitter:inst14|tcount[9]  ; inst10       ; inst10      ; 1.000        ; -0.036     ; 1.700      ;
; -0.748 ; transmitter:inst14|tcount[7]  ; transmitter:inst14|tcount[9]  ; inst10       ; inst10      ; 1.000        ; -0.036     ; 1.699      ;
; -0.746 ; transmitter:inst14|tcount[5]  ; transmitter:inst14|tcount[6]  ; inst10       ; inst10      ; 1.000        ; -0.036     ; 1.697      ;
; -0.742 ; transmitter:inst14|tcount[5]  ; transmitter:inst14|tcount[5]  ; inst10       ; inst10      ; 1.000        ; -0.036     ; 1.693      ;
; -0.733 ; transmitter:inst14|tcount[6]  ; transmitter:inst14|tcount[8]  ; inst10       ; inst10      ; 1.000        ; -0.036     ; 1.684      ;
; -0.729 ; transmitter:inst14|tcount[6]  ; transmitter:inst14|tcount[7]  ; inst10       ; inst10      ; 1.000        ; -0.036     ; 1.680      ;
; -0.727 ; transmitter:inst14|tcount[1]  ; transmitter:inst14|tcount[12] ; inst10       ; inst10      ; 1.000        ; -0.036     ; 1.678      ;
; -0.723 ; transmitter:inst14|tcount[1]  ; transmitter:inst14|tcount[11] ; inst10       ; inst10      ; 1.000        ; -0.036     ; 1.674      ;
; -0.718 ; transmitter:inst14|tcount[2]  ; transmitter:inst14|tcount[10] ; inst10       ; inst10      ; 1.000        ; -0.036     ; 1.669      ;
; -0.714 ; transmitter:inst14|tcount[2]  ; transmitter:inst14|tcount[9]  ; inst10       ; inst10      ; 1.000        ; -0.036     ; 1.665      ;
; -0.707 ; transmitter:inst14|tcount[11] ; transmitter:inst14|tcount[8]  ; inst10       ; inst10      ; 1.000        ; -0.036     ; 1.658      ;
; -0.703 ; transmitter:inst14|tcount[11] ; transmitter:inst14|tcount[7]  ; inst10       ; inst10      ; 1.000        ; -0.036     ; 1.654      ;
; -0.701 ; transmitter:inst14|tcount[10] ; transmitter:inst14|tcount[8]  ; inst10       ; inst10      ; 1.000        ; -0.036     ; 1.652      ;
; -0.700 ; transmitter:inst14|tcount[8]  ; transmitter:inst14|tcount[12] ; inst10       ; inst10      ; 1.000        ; -0.036     ; 1.651      ;
; -0.697 ; transmitter:inst14|tcount[0]  ; transmitter:inst14|tcount[12] ; inst10       ; inst10      ; 1.000        ; -0.036     ; 1.648      ;
; -0.697 ; transmitter:inst14|tcount[10] ; transmitter:inst14|tcount[7]  ; inst10       ; inst10      ; 1.000        ; -0.036     ; 1.648      ;
; -0.696 ; transmitter:inst14|tcount[8]  ; transmitter:inst14|tcount[11] ; inst10       ; inst10      ; 1.000        ; -0.036     ; 1.647      ;
; -0.693 ; transmitter:inst14|tcount[0]  ; transmitter:inst14|tcount[11] ; inst10       ; inst10      ; 1.000        ; -0.036     ; 1.644      ;
; -0.692 ; transmitter:inst14|tcount[4]  ; transmitter:inst14|tcount[10] ; inst10       ; inst10      ; 1.000        ; -0.036     ; 1.643      ;
; -0.688 ; transmitter:inst14|tcount[4]  ; transmitter:inst14|tcount[9]  ; inst10       ; inst10      ; 1.000        ; -0.036     ; 1.639      ;
; -0.686 ; transmitter:inst14|tcount[3]  ; transmitter:inst14|tcount[8]  ; inst10       ; inst10      ; 1.000        ; -0.036     ; 1.637      ;
; -0.685 ; transmitter:inst14|tcount[9]  ; transmitter:inst14|tcount[8]  ; inst10       ; inst10      ; 1.000        ; -0.036     ; 1.636      ;
; -0.684 ; transmitter:inst14|tcount[7]  ; transmitter:inst14|tcount[8]  ; inst10       ; inst10      ; 1.000        ; -0.036     ; 1.635      ;
; -0.682 ; transmitter:inst14|tcount[3]  ; transmitter:inst14|tcount[7]  ; inst10       ; inst10      ; 1.000        ; -0.036     ; 1.633      ;
; -0.681 ; transmitter:inst14|tcount[9]  ; transmitter:inst14|tcount[7]  ; inst10       ; inst10      ; 1.000        ; -0.036     ; 1.632      ;
; -0.680 ; transmitter:inst14|tcount[7]  ; transmitter:inst14|tcount[7]  ; inst10       ; inst10      ; 1.000        ; -0.036     ; 1.631      ;
; -0.678 ; transmitter:inst14|tcount[5]  ; transmitter:inst14|tcount[4]  ; inst10       ; inst10      ; 1.000        ; -0.036     ; 1.629      ;
; -0.674 ; transmitter:inst14|tcount[5]  ; transmitter:inst14|tcount[3]  ; inst10       ; inst10      ; 1.000        ; -0.036     ; 1.625      ;
; -0.665 ; transmitter:inst14|tcount[6]  ; transmitter:inst14|tcount[6]  ; inst10       ; inst10      ; 1.000        ; -0.036     ; 1.616      ;
; -0.661 ; transmitter:inst14|tcount[6]  ; transmitter:inst14|tcount[5]  ; inst10       ; inst10      ; 1.000        ; -0.036     ; 1.612      ;
; -0.659 ; transmitter:inst14|tcount[1]  ; transmitter:inst14|tcount[10] ; inst10       ; inst10      ; 1.000        ; -0.036     ; 1.610      ;
; -0.655 ; transmitter:inst14|tcount[1]  ; transmitter:inst14|tcount[9]  ; inst10       ; inst10      ; 1.000        ; -0.036     ; 1.606      ;
; -0.650 ; transmitter:inst14|tcount[2]  ; transmitter:inst14|tcount[8]  ; inst10       ; inst10      ; 1.000        ; -0.036     ; 1.601      ;
; -0.646 ; transmitter:inst14|tcount[2]  ; transmitter:inst14|tcount[7]  ; inst10       ; inst10      ; 1.000        ; -0.036     ; 1.597      ;
; -0.639 ; transmitter:inst14|tcount[11] ; transmitter:inst14|tcount[6]  ; inst10       ; inst10      ; 1.000        ; -0.036     ; 1.590      ;
; -0.635 ; transmitter:inst14|tcount[11] ; transmitter:inst14|tcount[5]  ; inst10       ; inst10      ; 1.000        ; -0.036     ; 1.586      ;
; -0.633 ; transmitter:inst14|tcount[10] ; transmitter:inst14|tcount[6]  ; inst10       ; inst10      ; 1.000        ; -0.036     ; 1.584      ;
; -0.632 ; transmitter:inst14|tcount[8]  ; transmitter:inst14|tcount[10] ; inst10       ; inst10      ; 1.000        ; -0.036     ; 1.583      ;
; -0.629 ; transmitter:inst14|tcount[0]  ; transmitter:inst14|tcount[10] ; inst10       ; inst10      ; 1.000        ; -0.036     ; 1.580      ;
; -0.629 ; transmitter:inst14|tcount[10] ; transmitter:inst14|tcount[5]  ; inst10       ; inst10      ; 1.000        ; -0.036     ; 1.580      ;
; -0.628 ; transmitter:inst14|tcount[8]  ; transmitter:inst14|tcount[9]  ; inst10       ; inst10      ; 1.000        ; -0.036     ; 1.579      ;
; -0.625 ; transmitter:inst14|tcount[0]  ; transmitter:inst14|tcount[9]  ; inst10       ; inst10      ; 1.000        ; -0.036     ; 1.576      ;
; -0.624 ; transmitter:inst14|tcount[4]  ; transmitter:inst14|tcount[8]  ; inst10       ; inst10      ; 1.000        ; -0.036     ; 1.575      ;
; -0.620 ; transmitter:inst14|tcount[4]  ; transmitter:inst14|tcount[7]  ; inst10       ; inst10      ; 1.000        ; -0.036     ; 1.571      ;
; -0.618 ; transmitter:inst14|tcount[3]  ; transmitter:inst14|tcount[6]  ; inst10       ; inst10      ; 1.000        ; -0.036     ; 1.569      ;
; -0.617 ; transmitter:inst14|tcount[9]  ; transmitter:inst14|tcount[6]  ; inst10       ; inst10      ; 1.000        ; -0.036     ; 1.568      ;
; -0.616 ; transmitter:inst14|tcount[7]  ; transmitter:inst14|tcount[6]  ; inst10       ; inst10      ; 1.000        ; -0.036     ; 1.567      ;
; -0.614 ; transmitter:inst14|tcount[3]  ; transmitter:inst14|tcount[5]  ; inst10       ; inst10      ; 1.000        ; -0.036     ; 1.565      ;
; -0.613 ; transmitter:inst14|tcount[9]  ; transmitter:inst14|tcount[5]  ; inst10       ; inst10      ; 1.000        ; -0.036     ; 1.564      ;
; -0.612 ; transmitter:inst14|tcount[7]  ; transmitter:inst14|tcount[5]  ; inst10       ; inst10      ; 1.000        ; -0.036     ; 1.563      ;
; -0.610 ; transmitter:inst14|tcount[5]  ; transmitter:inst14|tcount[2]  ; inst10       ; inst10      ; 1.000        ; -0.036     ; 1.561      ;
; -0.606 ; transmitter:inst14|tcount[5]  ; transmitter:inst14|tcount[1]  ; inst10       ; inst10      ; 1.000        ; -0.036     ; 1.557      ;
; -0.597 ; transmitter:inst14|tcount[6]  ; transmitter:inst14|tcount[4]  ; inst10       ; inst10      ; 1.000        ; -0.036     ; 1.548      ;
; -0.593 ; transmitter:inst14|tcount[6]  ; transmitter:inst14|tcount[3]  ; inst10       ; inst10      ; 1.000        ; -0.036     ; 1.544      ;
; -0.591 ; transmitter:inst14|tcount[1]  ; transmitter:inst14|tcount[8]  ; inst10       ; inst10      ; 1.000        ; -0.036     ; 1.542      ;
; -0.587 ; transmitter:inst14|tcount[1]  ; transmitter:inst14|tcount[7]  ; inst10       ; inst10      ; 1.000        ; -0.036     ; 1.538      ;
; -0.582 ; transmitter:inst14|tcount[2]  ; transmitter:inst14|tcount[6]  ; inst10       ; inst10      ; 1.000        ; -0.036     ; 1.533      ;
; -0.578 ; transmitter:inst14|tcount[2]  ; transmitter:inst14|tcount[5]  ; inst10       ; inst10      ; 1.000        ; -0.036     ; 1.529      ;
; -0.571 ; transmitter:inst14|tcount[11] ; transmitter:inst14|tcount[4]  ; inst10       ; inst10      ; 1.000        ; -0.036     ; 1.522      ;
; -0.567 ; transmitter:inst14|tcount[11] ; transmitter:inst14|tcount[3]  ; inst10       ; inst10      ; 1.000        ; -0.036     ; 1.518      ;
; -0.565 ; transmitter:inst14|tcount[10] ; transmitter:inst14|tcount[4]  ; inst10       ; inst10      ; 1.000        ; -0.036     ; 1.516      ;
; -0.564 ; transmitter:inst14|tcount[8]  ; transmitter:inst14|tcount[8]  ; inst10       ; inst10      ; 1.000        ; -0.036     ; 1.515      ;
; -0.561 ; transmitter:inst14|tcount[0]  ; transmitter:inst14|tcount[8]  ; inst10       ; inst10      ; 1.000        ; -0.036     ; 1.512      ;
; -0.561 ; transmitter:inst14|tcount[10] ; transmitter:inst14|tcount[3]  ; inst10       ; inst10      ; 1.000        ; -0.036     ; 1.512      ;
; -0.560 ; transmitter:inst14|tcount[8]  ; transmitter:inst14|tcount[7]  ; inst10       ; inst10      ; 1.000        ; -0.036     ; 1.511      ;
; -0.557 ; transmitter:inst14|tcount[0]  ; transmitter:inst14|tcount[7]  ; inst10       ; inst10      ; 1.000        ; -0.036     ; 1.508      ;
; -0.556 ; transmitter:inst14|tcount[4]  ; transmitter:inst14|tcount[6]  ; inst10       ; inst10      ; 1.000        ; -0.036     ; 1.507      ;
; -0.552 ; transmitter:inst14|tcount[4]  ; transmitter:inst14|tcount[5]  ; inst10       ; inst10      ; 1.000        ; -0.036     ; 1.503      ;
+--------+-------------------------------+-------------------------------+--------------+-------------+--------------+------------+------------+


+---------------------------------------------------------------------------------------------------+
; Fast 1200mV 0C Model Setup: 'clk'                                                                 ;
+-------+-----------+---------+--------------+-------------+--------------+------------+------------+
; Slack ; From Node ; To Node ; Launch Clock ; Latch Clock ; Relationship ; Clock Skew ; Data Delay ;
+-------+-----------+---------+--------------+-------------+--------------+------------+------------+
; 0.312 ; inst10    ; inst10  ; inst10       ; clk         ; 0.500        ; 1.262      ; 1.532      ;
; 0.820 ; inst10    ; inst10  ; inst10       ; clk         ; 1.000        ; 1.262      ; 1.524      ;
+-------+-----------+---------+--------------+-------------+--------------+------------+------------+


+----------------------------------------------------------------------------------------------------+
; Fast 1200mV 0C Model Hold: 'clk'                                                                   ;
+--------+-----------+---------+--------------+-------------+--------------+------------+------------+
; Slack  ; From Node ; To Node ; Launch Clock ; Latch Clock ; Relationship ; Clock Skew ; Data Delay ;
+--------+-----------+---------+--------------+-------------+--------------+------------+------------+
; -0.155 ; inst10    ; inst10  ; inst10       ; clk         ; 0.000        ; 1.308      ; 1.372      ;
; 0.360  ; inst10    ; inst10  ; inst10       ; clk         ; -0.500       ; 1.308      ; 1.387      ;
+--------+-----------+---------+--------------+-------------+--------------+------------+------------+


+-----------------------------------------------------------------------------------------------------------------------------------------------------------------------------------+
; Fast 1200mV 0C Model Hold: 'inst10'                                                                                                                                               ;
+-------+--------------------------------------------------+--------------------------------------------------+--------------+-------------+--------------+------------+------------+
; Slack ; From Node                                        ; To Node                                          ; Launch Clock ; Latch Clock ; Relationship ; Clock Skew ; Data Delay ;
+-------+--------------------------------------------------+--------------------------------------------------+--------------+-------------+--------------+------------+------------+
; 0.166 ; transmitter:inst14|present_state.write_din_data  ; transmitter:inst14|present_state.write_din_data  ; inst10       ; inst10      ; 0.000        ; 0.037      ; 0.307      ;
; 0.166 ; transmitter:inst14|present_state.write_din_stop  ; transmitter:inst14|present_state.write_din_stop  ; inst10       ; inst10      ; 0.000        ; 0.037      ; 0.307      ;
; 0.166 ; transmitter:inst14|present_state.write_din_start ; transmitter:inst14|present_state.write_din_start ; inst10       ; inst10      ; 0.000        ; 0.037      ; 0.307      ;
; 0.166 ; transmitter:inst14|dcount[1]                     ; transmitter:inst14|dcount[1]                     ; inst10       ; inst10      ; 0.000        ; 0.037      ; 0.307      ;
; 0.166 ; transmitter:inst14|dcount[0]                     ; transmitter:inst14|dcount[0]                     ; inst10       ; inst10      ; 0.000        ; 0.037      ; 0.307      ;
; 0.167 ; transmitter:inst14|dint[7]                       ; transmitter:inst14|dint[7]                       ; inst10       ; inst10      ; 0.000        ; 0.036      ; 0.307      ;
; 0.175 ; transmitter:inst14|dint[5]                       ; transmitter:inst14|dint[4]                       ; inst10       ; inst10      ; 0.000        ; 0.036      ; 0.315      ;
; 0.179 ; transmitter:inst14|present_state.test_eoc        ; transmitter:inst14|present_state.shift_count     ; inst10       ; inst10      ; 0.000        ; 0.037      ; 0.320      ;
; 0.186 ; transmitter:inst14|dcount[0]                     ; transmitter:inst14|dcount[1]                     ; inst10       ; inst10      ; 0.000        ; 0.037      ; 0.327      ;
; 0.233 ; transmitter:inst14|dint[6]                       ; transmitter:inst14|dint[5]                       ; inst10       ; inst10      ; 0.000        ; 0.036      ; 0.373      ;
; 0.234 ; transmitter:inst14|dint[4]                       ; transmitter:inst14|dint[3]                       ; inst10       ; inst10      ; 0.000        ; 0.036      ; 0.374      ;
; 0.241 ; transmitter:inst14|present_state.write_din_data  ; transmitter:inst14|present_state.test_eoc        ; inst10       ; inst10      ; 0.000        ; 0.037      ; 0.382      ;
; 0.243 ; transmitter:inst14|present_state.write_din_stop  ; transmitter:inst14|present_state.idle            ; inst10       ; inst10      ; 0.000        ; 0.037      ; 0.384      ;
; 0.274 ; transmitter:inst14|dint[3]                       ; transmitter:inst14|dint[2]                       ; inst10       ; inst10      ; 0.000        ; 0.036      ; 0.414      ;
; 0.275 ; transmitter:inst14|dint[2]                       ; transmitter:inst14|dint[1]                       ; inst10       ; inst10      ; 0.000        ; 0.036      ; 0.415      ;
; 0.275 ; transmitter:inst14|dint[7]                       ; transmitter:inst14|dint[6]                       ; inst10       ; inst10      ; 0.000        ; 0.036      ; 0.415      ;
; 0.278 ; transmitter:inst14|tcount[0]                     ; transmitter:inst14|tcount[0]                     ; inst10       ; inst10      ; 0.000        ; 0.036      ; 0.418      ;
; 0.279 ; transmitter:inst14|tcount[2]                     ; transmitter:inst14|tcount[2]                     ; inst10       ; inst10      ; 0.000        ; 0.036      ; 0.419      ;
; 0.280 ; transmitter:inst14|tcount[12]                    ; transmitter:inst14|tcount[12]                    ; inst10       ; inst10      ; 0.000        ; 0.036      ; 0.420      ;
; 0.280 ; transmitter:inst14|tcount[10]                    ; transmitter:inst14|tcount[10]                    ; inst10       ; inst10      ; 0.000        ; 0.036      ; 0.420      ;
; 0.282 ; transmitter:inst14|present_state.write_din_start ; transmitter:inst14|present_state.clear_timer     ; inst10       ; inst10      ; 0.000        ; 0.037      ; 0.423      ;
; 0.282 ; transmitter:inst14|present_state.write_din_start ; transmitter:inst14|tx                            ; inst10       ; inst10      ; 0.000        ; 0.037      ; 0.423      ;
; 0.282 ; transmitter:inst14|present_state.clear_timer     ; transmitter:inst14|present_state.write_din_data  ; inst10       ; inst10      ; 0.000        ; 0.037      ; 0.423      ;
; 0.285 ; transmitter:inst14|tcount[5]                     ; transmitter:inst14|tcount[5]                     ; inst10       ; inst10      ; 0.000        ; 0.036      ; 0.425      ;
; 0.286 ; transmitter:inst14|tcount[7]                     ; transmitter:inst14|tcount[7]                     ; inst10       ; inst10      ; 0.000        ; 0.036      ; 0.426      ;
; 0.286 ; transmitter:inst14|tcount[4]                     ; transmitter:inst14|tcount[4]                     ; inst10       ; inst10      ; 0.000        ; 0.036      ; 0.426      ;
; 0.287 ; transmitter:inst14|tcount[6]                     ; transmitter:inst14|tcount[6]                     ; inst10       ; inst10      ; 0.000        ; 0.036      ; 0.427      ;
; 0.294 ; transmitter:inst14|present_state.idle            ; transmitter:inst14|dcount[0]                     ; inst10       ; inst10      ; 0.000        ; 0.037      ; 0.435      ;
; 0.295 ; transmitter:inst14|present_state.idle            ; transmitter:inst14|dcount[1]                     ; inst10       ; inst10      ; 0.000        ; 0.037      ; 0.436      ;
; 0.296 ; transmitter:inst14|present_state.idle            ; transmitter:inst14|dcount[2]                     ; inst10       ; inst10      ; 0.000        ; 0.037      ; 0.437      ;
; 0.309 ; transmitter:inst14|dcount[1]                     ; transmitter:inst14|present_state.shift_count     ; inst10       ; inst10      ; 0.000        ; 0.037      ; 0.450      ;
; 0.313 ; transmitter:inst14|dcount[2]                     ; transmitter:inst14|present_state.shift_count     ; inst10       ; inst10      ; 0.000        ; 0.037      ; 0.454      ;
; 0.341 ; rise:inst|sampled1                               ; rise:inst|sampled2                               ; inst10       ; inst10      ; 0.000        ; 0.036      ; 0.481      ;
; 0.342 ; transmitter:inst14|dcount[0]                     ; transmitter:inst14|present_state.shift_count     ; inst10       ; inst10      ; 0.000        ; 0.037      ; 0.483      ;
; 0.347 ; transmitter:inst14|tcount[9]                     ; transmitter:inst14|tcount[9]                     ; inst10       ; inst10      ; 0.000        ; 0.036      ; 0.487      ;
; 0.350 ; transmitter:inst14|tcount[3]                     ; transmitter:inst14|tcount[3]                     ; inst10       ; inst10      ; 0.000        ; 0.036      ; 0.490      ;
; 0.350 ; transmitter:inst14|tcount[1]                     ; transmitter:inst14|tcount[1]                     ; inst10       ; inst10      ; 0.000        ; 0.036      ; 0.490      ;
; 0.352 ; transmitter:inst14|tcount[8]                     ; transmitter:inst14|tcount[8]                     ; inst10       ; inst10      ; 0.000        ; 0.036      ; 0.492      ;
; 0.353 ; transmitter:inst14|tcount[11]                    ; transmitter:inst14|tcount[11]                    ; inst10       ; inst10      ; 0.000        ; 0.036      ; 0.493      ;
; 0.356 ; transmitter:inst14|tx                            ; transmitter:inst14|tx                            ; inst10       ; inst10      ; 0.000        ; 0.037      ; 0.497      ;
; 0.387 ; transmitter:inst14|present_state.shift_count     ; transmitter:inst14|dcount[1]                     ; inst10       ; inst10      ; 0.000        ; 0.037      ; 0.528      ;
; 0.390 ; transmitter:inst14|present_state.shift_count     ; transmitter:inst14|dcount[0]                     ; inst10       ; inst10      ; 0.000        ; 0.037      ; 0.531      ;
; 0.396 ; transmitter:inst14|present_state.shift_count     ; transmitter:inst14|present_state.write_din_data  ; inst10       ; inst10      ; 0.000        ; 0.037      ; 0.537      ;
; 0.398 ; transmitter:inst14|present_state.write_din_stop  ; transmitter:inst14|tx                            ; inst10       ; inst10      ; 0.000        ; 0.037      ; 0.539      ;
; 0.404 ; transmitter:inst14|dint[1]                       ; transmitter:inst14|dint[0]                       ; inst10       ; inst10      ; 0.000        ; 0.037      ; 0.545      ;
; 0.430 ; transmitter:inst14|dint[0]                       ; transmitter:inst14|tx                            ; inst10       ; inst10      ; 0.000        ; 0.037      ; 0.571      ;
; 0.431 ; transmitter:inst14|present_state.test_eoc        ; transmitter:inst14|present_state.write_din_stop  ; inst10       ; inst10      ; 0.000        ; 0.037      ; 0.572      ;
; 0.434 ; transmitter:inst14|tcount[5]                     ; transmitter:inst14|tcount[6]                     ; inst10       ; inst10      ; 0.000        ; 0.036      ; 0.574      ;
; 0.435 ; transmitter:inst14|tcount[7]                     ; transmitter:inst14|tcount[8]                     ; inst10       ; inst10      ; 0.000        ; 0.036      ; 0.575      ;
; 0.437 ; transmitter:inst14|tcount[2]                     ; transmitter:inst14|tcount[3]                     ; inst10       ; inst10      ; 0.000        ; 0.036      ; 0.577      ;
; 0.437 ; transmitter:inst14|tcount[0]                     ; transmitter:inst14|tcount[1]                     ; inst10       ; inst10      ; 0.000        ; 0.036      ; 0.577      ;
; 0.438 ; transmitter:inst14|tcount[10]                    ; transmitter:inst14|tcount[11]                    ; inst10       ; inst10      ; 0.000        ; 0.036      ; 0.578      ;
; 0.439 ; transmitter:inst14|present_state.write_din_data  ; transmitter:inst14|tx                            ; inst10       ; inst10      ; 0.000        ; 0.037      ; 0.580      ;
; 0.440 ; transmitter:inst14|tcount[0]                     ; transmitter:inst14|tcount[2]                     ; inst10       ; inst10      ; 0.000        ; 0.036      ; 0.580      ;
; 0.440 ; transmitter:inst14|tcount[2]                     ; transmitter:inst14|tcount[4]                     ; inst10       ; inst10      ; 0.000        ; 0.036      ; 0.580      ;
; 0.441 ; transmitter:inst14|tcount[10]                    ; transmitter:inst14|tcount[12]                    ; inst10       ; inst10      ; 0.000        ; 0.036      ; 0.581      ;
; 0.444 ; transmitter:inst14|tcount[4]                     ; transmitter:inst14|tcount[5]                     ; inst10       ; inst10      ; 0.000        ; 0.036      ; 0.584      ;
; 0.445 ; transmitter:inst14|tcount[6]                     ; transmitter:inst14|tcount[7]                     ; inst10       ; inst10      ; 0.000        ; 0.036      ; 0.585      ;
; 0.447 ; transmitter:inst14|tcount[4]                     ; transmitter:inst14|tcount[6]                     ; inst10       ; inst10      ; 0.000        ; 0.036      ; 0.587      ;
; 0.448 ; transmitter:inst14|tcount[6]                     ; transmitter:inst14|tcount[8]                     ; inst10       ; inst10      ; 0.000        ; 0.036      ; 0.588      ;
; 0.483 ; rise:inst|sampled2                               ; transmitter:inst14|dint[2]                       ; inst10       ; inst10      ; 0.000        ; 0.036      ; 0.623      ;
; 0.487 ; rise:inst|sampled2                               ; transmitter:inst14|dint[4]                       ; inst10       ; inst10      ; 0.000        ; 0.036      ; 0.627      ;
; 0.488 ; rise:inst|sampled2                               ; transmitter:inst14|dint[1]                       ; inst10       ; inst10      ; 0.000        ; 0.036      ; 0.628      ;
; 0.489 ; rise:inst|sampled2                               ; transmitter:inst14|dint[6]                       ; inst10       ; inst10      ; 0.000        ; 0.036      ; 0.629      ;
; 0.496 ; transmitter:inst14|tcount[9]                     ; transmitter:inst14|tcount[10]                    ; inst10       ; inst10      ; 0.000        ; 0.036      ; 0.636      ;
; 0.497 ; transmitter:inst14|tcount[5]                     ; transmitter:inst14|tcount[7]                     ; inst10       ; inst10      ; 0.000        ; 0.036      ; 0.637      ;
; 0.498 ; transmitter:inst14|tcount[7]                     ; transmitter:inst14|tcount[9]                     ; inst10       ; inst10      ; 0.000        ; 0.036      ; 0.638      ;
; 0.499 ; transmitter:inst14|tcount[1]                     ; transmitter:inst14|tcount[2]                     ; inst10       ; inst10      ; 0.000        ; 0.036      ; 0.639      ;
; 0.499 ; transmitter:inst14|tcount[3]                     ; transmitter:inst14|tcount[4]                     ; inst10       ; inst10      ; 0.000        ; 0.036      ; 0.639      ;
; 0.500 ; transmitter:inst14|present_state.shift_count     ; transmitter:inst14|dcount[2]                     ; inst10       ; inst10      ; 0.000        ; 0.037      ; 0.641      ;
; 0.500 ; transmitter:inst14|tcount[5]                     ; transmitter:inst14|tcount[8]                     ; inst10       ; inst10      ; 0.000        ; 0.036      ; 0.640      ;
; 0.501 ; transmitter:inst14|tcount[7]                     ; transmitter:inst14|tcount[10]                    ; inst10       ; inst10      ; 0.000        ; 0.036      ; 0.641      ;
; 0.501 ; transmitter:inst14|dcount[2]                     ; transmitter:inst14|dcount[2]                     ; inst10       ; inst10      ; 0.000        ; 0.037      ; 0.642      ;
; 0.502 ; transmitter:inst14|tcount[11]                    ; transmitter:inst14|tcount[12]                    ; inst10       ; inst10      ; 0.000        ; 0.036      ; 0.642      ;
; 0.503 ; transmitter:inst14|tcount[0]                     ; transmitter:inst14|tcount[3]                     ; inst10       ; inst10      ; 0.000        ; 0.036      ; 0.643      ;
; 0.503 ; transmitter:inst14|tcount[2]                     ; transmitter:inst14|tcount[5]                     ; inst10       ; inst10      ; 0.000        ; 0.036      ; 0.643      ;
; 0.504 ; transmitter:inst14|dcount[1]                     ; transmitter:inst14|dcount[2]                     ; inst10       ; inst10      ; 0.000        ; 0.037      ; 0.645      ;
; 0.506 ; transmitter:inst14|tcount[0]                     ; transmitter:inst14|tcount[4]                     ; inst10       ; inst10      ; 0.000        ; 0.036      ; 0.646      ;
; 0.506 ; transmitter:inst14|tcount[2]                     ; transmitter:inst14|tcount[6]                     ; inst10       ; inst10      ; 0.000        ; 0.036      ; 0.646      ;
; 0.510 ; transmitter:inst14|tcount[4]                     ; transmitter:inst14|tcount[7]                     ; inst10       ; inst10      ; 0.000        ; 0.036      ; 0.650      ;
; 0.510 ; transmitter:inst14|tcount[8]                     ; transmitter:inst14|tcount[9]                     ; inst10       ; inst10      ; 0.000        ; 0.036      ; 0.650      ;
; 0.511 ; transmitter:inst14|tcount[6]                     ; transmitter:inst14|tcount[9]                     ; inst10       ; inst10      ; 0.000        ; 0.036      ; 0.651      ;
; 0.513 ; transmitter:inst14|tcount[4]                     ; transmitter:inst14|tcount[8]                     ; inst10       ; inst10      ; 0.000        ; 0.036      ; 0.653      ;
; 0.513 ; transmitter:inst14|tcount[8]                     ; transmitter:inst14|tcount[10]                    ; inst10       ; inst10      ; 0.000        ; 0.036      ; 0.653      ;
; 0.514 ; transmitter:inst14|tcount[6]                     ; transmitter:inst14|tcount[10]                    ; inst10       ; inst10      ; 0.000        ; 0.036      ; 0.654      ;
; 0.530 ; rise:inst|sampled2                               ; transmitter:inst14|dint[7]                       ; inst10       ; inst10      ; 0.000        ; 0.036      ; 0.670      ;
; 0.532 ; rise:inst|sampled2                               ; transmitter:inst14|dint[5]                       ; inst10       ; inst10      ; 0.000        ; 0.036      ; 0.672      ;
; 0.533 ; rise:inst|sampled2                               ; transmitter:inst14|dint[3]                       ; inst10       ; inst10      ; 0.000        ; 0.036      ; 0.673      ;
; 0.538 ; transmitter:inst14|dcount[2]                     ; transmitter:inst14|present_state.write_din_stop  ; inst10       ; inst10      ; 0.000        ; 0.037      ; 0.679      ;
; 0.539 ; transmitter:inst14|dcount[1]                     ; transmitter:inst14|present_state.write_din_stop  ; inst10       ; inst10      ; 0.000        ; 0.037      ; 0.680      ;
; 0.542 ; transmitter:inst14|present_state.shift_count     ; transmitter:inst14|dint[7]                       ; inst10       ; inst10      ; 0.000        ; 0.036      ; 0.682      ;
; 0.557 ; transmitter:inst14|dcount[0]                     ; transmitter:inst14|dcount[2]                     ; inst10       ; inst10      ; 0.000        ; 0.037      ; 0.698      ;
; 0.559 ; transmitter:inst14|tcount[9]                     ; transmitter:inst14|tcount[11]                    ; inst10       ; inst10      ; 0.000        ; 0.036      ; 0.699      ;
; 0.562 ; transmitter:inst14|tcount[9]                     ; transmitter:inst14|tcount[12]                    ; inst10       ; inst10      ; 0.000        ; 0.036      ; 0.702      ;
; 0.562 ; transmitter:inst14|tcount[1]                     ; transmitter:inst14|tcount[3]                     ; inst10       ; inst10      ; 0.000        ; 0.036      ; 0.702      ;
; 0.562 ; transmitter:inst14|tcount[3]                     ; transmitter:inst14|tcount[5]                     ; inst10       ; inst10      ; 0.000        ; 0.036      ; 0.702      ;
; 0.563 ; transmitter:inst14|tcount[5]                     ; transmitter:inst14|tcount[9]                     ; inst10       ; inst10      ; 0.000        ; 0.036      ; 0.703      ;
; 0.564 ; transmitter:inst14|tcount[7]                     ; transmitter:inst14|tcount[11]                    ; inst10       ; inst10      ; 0.000        ; 0.036      ; 0.704      ;
; 0.565 ; transmitter:inst14|tcount[1]                     ; transmitter:inst14|tcount[4]                     ; inst10       ; inst10      ; 0.000        ; 0.036      ; 0.705      ;
; 0.565 ; transmitter:inst14|tcount[3]                     ; transmitter:inst14|tcount[6]                     ; inst10       ; inst10      ; 0.000        ; 0.036      ; 0.705      ;
+-------+--------------------------------------------------+--------------------------------------------------+--------------+-------------+--------------+------------+------------+


+----------------------------------------------------------------------------------------------+
; Fast 1200mV 0C Model Minimum Pulse Width: 'clk'                                              ;
+--------+--------------+----------------+------------------+-------+------------+-------------+
; Slack  ; Actual Width ; Required Width ; Type             ; Clock ; Clock Edge ; Target      ;
+--------+--------------+----------------+------------------+-------+------------+-------------+
; -3.000 ; 1.000        ; 4.000          ; Port Rate        ; clk   ; Rise       ; clk         ;
; -1.000 ; 1.000        ; 2.000          ; Min Period       ; clk   ; Rise       ; inst10      ;
; 0.001  ; 0.185        ; 0.184          ; Low Pulse Width  ; clk   ; Rise       ; inst10      ;
; 0.118  ; 0.118        ; 0.000          ; Low Pulse Width  ; clk   ; Rise       ; clk~input|o ;
; 0.179  ; 0.179        ; 0.000          ; Low Pulse Width  ; clk   ; Rise       ; inst10|clk  ;
; 0.500  ; 0.500        ; 0.000          ; High Pulse Width ; clk   ; Rise       ; clk~input|i ;
; 0.500  ; 0.500        ; 0.000          ; Low Pulse Width  ; clk   ; Rise       ; clk~input|i ;
; 0.597  ; 0.813        ; 0.216          ; High Pulse Width ; clk   ; Rise       ; inst10      ;
; 0.817  ; 0.817        ; 0.000          ; High Pulse Width ; clk   ; Rise       ; inst10|clk  ;
; 0.882  ; 0.882        ; 0.000          ; High Pulse Width ; clk   ; Rise       ; clk~input|o ;
+--------+--------------+----------------+------------------+-------+------------+-------------+


+------------------------------------------------------------------------------------------------------------------------------------+
; Fast 1200mV 0C Model Minimum Pulse Width: 'inst10'                                                                                 ;
+--------+--------------+----------------+------------------+--------+------------+--------------------------------------------------+
; Slack  ; Actual Width ; Required Width ; Type             ; Clock  ; Clock Edge ; Target                                           ;
+--------+--------------+----------------+------------------+--------+------------+--------------------------------------------------+
; -1.000 ; 1.000        ; 2.000          ; Min Period       ; inst10 ; Rise       ; rise:inst|sampled1                               ;
; -1.000 ; 1.000        ; 2.000          ; Min Period       ; inst10 ; Rise       ; rise:inst|sampled2                               ;
; -1.000 ; 1.000        ; 2.000          ; Min Period       ; inst10 ; Rise       ; transmitter:inst14|dcount[0]                     ;
; -1.000 ; 1.000        ; 2.000          ; Min Period       ; inst10 ; Rise       ; transmitter:inst14|dcount[1]                     ;
; -1.000 ; 1.000        ; 2.000          ; Min Period       ; inst10 ; Rise       ; transmitter:inst14|dcount[2]                     ;
; -1.000 ; 1.000        ; 2.000          ; Min Period       ; inst10 ; Rise       ; transmitter:inst14|dint[0]                       ;
; -1.000 ; 1.000        ; 2.000          ; Min Period       ; inst10 ; Rise       ; transmitter:inst14|dint[1]                       ;
; -1.000 ; 1.000        ; 2.000          ; Min Period       ; inst10 ; Rise       ; transmitter:inst14|dint[2]                       ;
; -1.000 ; 1.000        ; 2.000          ; Min Period       ; inst10 ; Rise       ; transmitter:inst14|dint[3]                       ;
; -1.000 ; 1.000        ; 2.000          ; Min Period       ; inst10 ; Rise       ; transmitter:inst14|dint[4]                       ;
; -1.000 ; 1.000        ; 2.000          ; Min Period       ; inst10 ; Rise       ; transmitter:inst14|dint[5]                       ;
; -1.000 ; 1.000        ; 2.000          ; Min Period       ; inst10 ; Rise       ; transmitter:inst14|dint[6]                       ;
; -1.000 ; 1.000        ; 2.000          ; Min Period       ; inst10 ; Rise       ; transmitter:inst14|dint[7]                       ;
; -1.000 ; 1.000        ; 2.000          ; Min Period       ; inst10 ; Rise       ; transmitter:inst14|present_state.clear_timer     ;
; -1.000 ; 1.000        ; 2.000          ; Min Period       ; inst10 ; Rise       ; transmitter:inst14|present_state.idle            ;
; -1.000 ; 1.000        ; 2.000          ; Min Period       ; inst10 ; Rise       ; transmitter:inst14|present_state.shift_count     ;
; -1.000 ; 1.000        ; 2.000          ; Min Period       ; inst10 ; Rise       ; transmitter:inst14|present_state.test_eoc        ;
; -1.000 ; 1.000        ; 2.000          ; Min Period       ; inst10 ; Rise       ; transmitter:inst14|present_state.write_din_data  ;
; -1.000 ; 1.000        ; 2.000          ; Min Period       ; inst10 ; Rise       ; transmitter:inst14|present_state.write_din_start ;
; -1.000 ; 1.000        ; 2.000          ; Min Period       ; inst10 ; Rise       ; transmitter:inst14|present_state.write_din_stop  ;
; -1.000 ; 1.000        ; 2.000          ; Min Period       ; inst10 ; Rise       ; transmitter:inst14|tcount[0]                     ;
; -1.000 ; 1.000        ; 2.000          ; Min Period       ; inst10 ; Rise       ; transmitter:inst14|tcount[10]                    ;
; -1.000 ; 1.000        ; 2.000          ; Min Period       ; inst10 ; Rise       ; transmitter:inst14|tcount[11]                    ;
; -1.000 ; 1.000        ; 2.000          ; Min Period       ; inst10 ; Rise       ; transmitter:inst14|tcount[12]                    ;
; -1.000 ; 1.000        ; 2.000          ; Min Period       ; inst10 ; Rise       ; transmitter:inst14|tcount[1]                     ;
; -1.000 ; 1.000        ; 2.000          ; Min Period       ; inst10 ; Rise       ; transmitter:inst14|tcount[2]                     ;
; -1.000 ; 1.000        ; 2.000          ; Min Period       ; inst10 ; Rise       ; transmitter:inst14|tcount[3]                     ;
; -1.000 ; 1.000        ; 2.000          ; Min Period       ; inst10 ; Rise       ; transmitter:inst14|tcount[4]                     ;
; -1.000 ; 1.000        ; 2.000          ; Min Period       ; inst10 ; Rise       ; transmitter:inst14|tcount[5]                     ;
; -1.000 ; 1.000        ; 2.000          ; Min Period       ; inst10 ; Rise       ; transmitter:inst14|tcount[6]                     ;
; -1.000 ; 1.000        ; 2.000          ; Min Period       ; inst10 ; Rise       ; transmitter:inst14|tcount[7]                     ;
; -1.000 ; 1.000        ; 2.000          ; Min Period       ; inst10 ; Rise       ; transmitter:inst14|tcount[8]                     ;
; -1.000 ; 1.000        ; 2.000          ; Min Period       ; inst10 ; Rise       ; transmitter:inst14|tcount[9]                     ;
; -1.000 ; 1.000        ; 2.000          ; Min Period       ; inst10 ; Rise       ; transmitter:inst14|tx                            ;
; 0.206  ; 0.390        ; 0.184          ; Low Pulse Width  ; inst10 ; Rise       ; transmitter:inst14|dcount[0]                     ;
; 0.206  ; 0.390        ; 0.184          ; Low Pulse Width  ; inst10 ; Rise       ; transmitter:inst14|dcount[1]                     ;
; 0.206  ; 0.390        ; 0.184          ; Low Pulse Width  ; inst10 ; Rise       ; transmitter:inst14|dcount[2]                     ;
; 0.206  ; 0.390        ; 0.184          ; Low Pulse Width  ; inst10 ; Rise       ; transmitter:inst14|dint[0]                       ;
; 0.206  ; 0.390        ; 0.184          ; Low Pulse Width  ; inst10 ; Rise       ; transmitter:inst14|present_state.clear_timer     ;
; 0.206  ; 0.390        ; 0.184          ; Low Pulse Width  ; inst10 ; Rise       ; transmitter:inst14|present_state.idle            ;
; 0.206  ; 0.390        ; 0.184          ; Low Pulse Width  ; inst10 ; Rise       ; transmitter:inst14|present_state.shift_count     ;
; 0.206  ; 0.390        ; 0.184          ; Low Pulse Width  ; inst10 ; Rise       ; transmitter:inst14|present_state.test_eoc        ;
; 0.206  ; 0.390        ; 0.184          ; Low Pulse Width  ; inst10 ; Rise       ; transmitter:inst14|present_state.write_din_data  ;
; 0.206  ; 0.390        ; 0.184          ; Low Pulse Width  ; inst10 ; Rise       ; transmitter:inst14|present_state.write_din_start ;
; 0.206  ; 0.390        ; 0.184          ; Low Pulse Width  ; inst10 ; Rise       ; transmitter:inst14|present_state.write_din_stop  ;
; 0.206  ; 0.390        ; 0.184          ; Low Pulse Width  ; inst10 ; Rise       ; transmitter:inst14|tcount[0]                     ;
; 0.206  ; 0.390        ; 0.184          ; Low Pulse Width  ; inst10 ; Rise       ; transmitter:inst14|tcount[10]                    ;
; 0.206  ; 0.390        ; 0.184          ; Low Pulse Width  ; inst10 ; Rise       ; transmitter:inst14|tcount[11]                    ;
; 0.206  ; 0.390        ; 0.184          ; Low Pulse Width  ; inst10 ; Rise       ; transmitter:inst14|tcount[12]                    ;
; 0.206  ; 0.390        ; 0.184          ; Low Pulse Width  ; inst10 ; Rise       ; transmitter:inst14|tcount[1]                     ;
; 0.206  ; 0.390        ; 0.184          ; Low Pulse Width  ; inst10 ; Rise       ; transmitter:inst14|tcount[2]                     ;
; 0.206  ; 0.390        ; 0.184          ; Low Pulse Width  ; inst10 ; Rise       ; transmitter:inst14|tcount[3]                     ;
; 0.206  ; 0.390        ; 0.184          ; Low Pulse Width  ; inst10 ; Rise       ; transmitter:inst14|tcount[4]                     ;
; 0.206  ; 0.390        ; 0.184          ; Low Pulse Width  ; inst10 ; Rise       ; transmitter:inst14|tcount[5]                     ;
; 0.206  ; 0.390        ; 0.184          ; Low Pulse Width  ; inst10 ; Rise       ; transmitter:inst14|tcount[6]                     ;
; 0.206  ; 0.390        ; 0.184          ; Low Pulse Width  ; inst10 ; Rise       ; transmitter:inst14|tcount[7]                     ;
; 0.206  ; 0.390        ; 0.184          ; Low Pulse Width  ; inst10 ; Rise       ; transmitter:inst14|tcount[8]                     ;
; 0.206  ; 0.390        ; 0.184          ; Low Pulse Width  ; inst10 ; Rise       ; transmitter:inst14|tcount[9]                     ;
; 0.206  ; 0.390        ; 0.184          ; Low Pulse Width  ; inst10 ; Rise       ; transmitter:inst14|tx                            ;
; 0.208  ; 0.392        ; 0.184          ; Low Pulse Width  ; inst10 ; Rise       ; rise:inst|sampled1                               ;
; 0.208  ; 0.392        ; 0.184          ; Low Pulse Width  ; inst10 ; Rise       ; rise:inst|sampled2                               ;
; 0.208  ; 0.392        ; 0.184          ; Low Pulse Width  ; inst10 ; Rise       ; transmitter:inst14|dint[1]                       ;
; 0.208  ; 0.392        ; 0.184          ; Low Pulse Width  ; inst10 ; Rise       ; transmitter:inst14|dint[2]                       ;
; 0.208  ; 0.392        ; 0.184          ; Low Pulse Width  ; inst10 ; Rise       ; transmitter:inst14|dint[3]                       ;
; 0.208  ; 0.392        ; 0.184          ; Low Pulse Width  ; inst10 ; Rise       ; transmitter:inst14|dint[4]                       ;
; 0.208  ; 0.392        ; 0.184          ; Low Pulse Width  ; inst10 ; Rise       ; transmitter:inst14|dint[5]                       ;
; 0.208  ; 0.392        ; 0.184          ; Low Pulse Width  ; inst10 ; Rise       ; transmitter:inst14|dint[6]                       ;
; 0.208  ; 0.392        ; 0.184          ; Low Pulse Width  ; inst10 ; Rise       ; transmitter:inst14|dint[7]                       ;
; 0.385  ; 0.601        ; 0.216          ; High Pulse Width ; inst10 ; Rise       ; rise:inst|sampled1                               ;
; 0.385  ; 0.601        ; 0.216          ; High Pulse Width ; inst10 ; Rise       ; rise:inst|sampled2                               ;
; 0.385  ; 0.601        ; 0.216          ; High Pulse Width ; inst10 ; Rise       ; transmitter:inst14|dint[1]                       ;
; 0.385  ; 0.601        ; 0.216          ; High Pulse Width ; inst10 ; Rise       ; transmitter:inst14|dint[2]                       ;
; 0.385  ; 0.601        ; 0.216          ; High Pulse Width ; inst10 ; Rise       ; transmitter:inst14|dint[3]                       ;
; 0.385  ; 0.601        ; 0.216          ; High Pulse Width ; inst10 ; Rise       ; transmitter:inst14|dint[4]                       ;
; 0.385  ; 0.601        ; 0.216          ; High Pulse Width ; inst10 ; Rise       ; transmitter:inst14|dint[5]                       ;
; 0.385  ; 0.601        ; 0.216          ; High Pulse Width ; inst10 ; Rise       ; transmitter:inst14|dint[6]                       ;
; 0.385  ; 0.601        ; 0.216          ; High Pulse Width ; inst10 ; Rise       ; transmitter:inst14|dint[7]                       ;
; 0.386  ; 0.386        ; 0.000          ; Low Pulse Width  ; inst10 ; Rise       ; inst14|dcount[0]|clk                             ;
; 0.386  ; 0.386        ; 0.000          ; Low Pulse Width  ; inst10 ; Rise       ; inst14|dcount[1]|clk                             ;
; 0.386  ; 0.386        ; 0.000          ; Low Pulse Width  ; inst10 ; Rise       ; inst14|dcount[2]|clk                             ;
; 0.386  ; 0.386        ; 0.000          ; Low Pulse Width  ; inst10 ; Rise       ; inst14|dint[0]|clk                               ;
; 0.386  ; 0.386        ; 0.000          ; Low Pulse Width  ; inst10 ; Rise       ; inst14|present_state.clear_timer|clk             ;
; 0.386  ; 0.386        ; 0.000          ; Low Pulse Width  ; inst10 ; Rise       ; inst14|present_state.idle|clk                    ;
; 0.386  ; 0.386        ; 0.000          ; Low Pulse Width  ; inst10 ; Rise       ; inst14|present_state.shift_count|clk             ;
; 0.386  ; 0.386        ; 0.000          ; Low Pulse Width  ; inst10 ; Rise       ; inst14|present_state.test_eoc|clk                ;
; 0.386  ; 0.386        ; 0.000          ; Low Pulse Width  ; inst10 ; Rise       ; inst14|present_state.write_din_data|clk          ;
; 0.386  ; 0.386        ; 0.000          ; Low Pulse Width  ; inst10 ; Rise       ; inst14|present_state.write_din_start|clk         ;
; 0.386  ; 0.386        ; 0.000          ; Low Pulse Width  ; inst10 ; Rise       ; inst14|present_state.write_din_stop|clk          ;
; 0.386  ; 0.386        ; 0.000          ; Low Pulse Width  ; inst10 ; Rise       ; inst14|tcount[0]|clk                             ;
; 0.386  ; 0.386        ; 0.000          ; Low Pulse Width  ; inst10 ; Rise       ; inst14|tcount[10]|clk                            ;
; 0.386  ; 0.386        ; 0.000          ; Low Pulse Width  ; inst10 ; Rise       ; inst14|tcount[11]|clk                            ;
; 0.386  ; 0.386        ; 0.000          ; Low Pulse Width  ; inst10 ; Rise       ; inst14|tcount[12]|clk                            ;
; 0.386  ; 0.386        ; 0.000          ; Low Pulse Width  ; inst10 ; Rise       ; inst14|tcount[1]|clk                             ;
; 0.386  ; 0.386        ; 0.000          ; Low Pulse Width  ; inst10 ; Rise       ; inst14|tcount[2]|clk                             ;
; 0.386  ; 0.386        ; 0.000          ; Low Pulse Width  ; inst10 ; Rise       ; inst14|tcount[3]|clk                             ;
; 0.386  ; 0.386        ; 0.000          ; Low Pulse Width  ; inst10 ; Rise       ; inst14|tcount[4]|clk                             ;
; 0.386  ; 0.386        ; 0.000          ; Low Pulse Width  ; inst10 ; Rise       ; inst14|tcount[5]|clk                             ;
; 0.386  ; 0.386        ; 0.000          ; Low Pulse Width  ; inst10 ; Rise       ; inst14|tcount[6]|clk                             ;
; 0.386  ; 0.386        ; 0.000          ; Low Pulse Width  ; inst10 ; Rise       ; inst14|tcount[7]|clk                             ;
; 0.386  ; 0.386        ; 0.000          ; Low Pulse Width  ; inst10 ; Rise       ; inst14|tcount[8]|clk                             ;
+--------+--------------+----------------+------------------+--------+------------+--------------------------------------------------+


+-----------------------------------------------------------------------+
; Setup Times                                                           ;
+-----------+------------+-------+-------+------------+-----------------+
; Data Port ; Clock Port ; Rise  ; Fall  ; Clock Edge ; Clock Reference ;
+-----------+------------+-------+-------+------------+-----------------+
; din[*]    ; inst10     ; 0.942 ; 1.595 ; Rise       ; inst10          ;
;  din[0]   ; inst10     ; 0.804 ; 1.406 ; Rise       ; inst10          ;
;  din[1]   ; inst10     ; 0.933 ; 1.575 ; Rise       ; inst10          ;
;  din[2]   ; inst10     ; 0.732 ; 1.327 ; Rise       ; inst10          ;
;  din[3]   ; inst10     ; 0.839 ; 1.464 ; Rise       ; inst10          ;
;  din[4]   ; inst10     ; 0.817 ; 1.425 ; Rise       ; inst10          ;
;  din[5]   ; inst10     ; 0.942 ; 1.595 ; Rise       ; inst10          ;
;  din[6]   ; inst10     ; 0.759 ; 1.366 ; Rise       ; inst10          ;
;  din[7]   ; inst10     ; 0.705 ; 1.306 ; Rise       ; inst10          ;
; write_din ; inst10     ; 0.822 ; 1.431 ; Rise       ; inst10          ;
+-----------+------------+-------+-------+------------+-----------------+


+-------------------------------------------------------------------------+
; Hold Times                                                              ;
+-----------+------------+--------+--------+------------+-----------------+
; Data Port ; Clock Port ; Rise   ; Fall   ; Clock Edge ; Clock Reference ;
+-----------+------------+--------+--------+------------+-----------------+
; din[*]    ; inst10     ; -0.468 ; -1.039 ; Rise       ; inst10          ;
;  din[0]   ; inst10     ; -0.536 ; -1.113 ; Rise       ; inst10          ;
;  din[1]   ; inst10     ; -0.661 ; -1.277 ; Rise       ; inst10          ;
;  din[2]   ; inst10     ; -0.468 ; -1.039 ; Rise       ; inst10          ;
;  din[3]   ; inst10     ; -0.568 ; -1.175 ; Rise       ; inst10          ;
;  din[4]   ; inst10     ; -0.548 ; -1.134 ; Rise       ; inst10          ;
;  din[5]   ; inst10     ; -0.667 ; -1.299 ; Rise       ; inst10          ;
;  din[6]   ; inst10     ; -0.493 ; -1.077 ; Rise       ; inst10          ;
;  din[7]   ; inst10     ; -0.468 ; -1.055 ; Rise       ; inst10          ;
; write_din ; inst10     ; -0.573 ; -1.182 ; Rise       ; inst10          ;
+-----------+------------+--------+--------+------------+-----------------+


+-----------------------------------------------------------------------+
; Clock to Output Times                                                 ;
+-----------+------------+-------+-------+------------+-----------------+
; Data Port ; Clock Port ; Rise  ; Fall  ; Clock Edge ; Clock Reference ;
+-----------+------------+-------+-------+------------+-----------------+
; tx        ; inst10     ; 5.630 ; 5.348 ; Rise       ; inst10          ;
+-----------+------------+-------+-------+------------+-----------------+


+-----------------------------------------------------------------------+
; Minimum Clock to Output Times                                         ;
+-----------+------------+-------+-------+------------+-----------------+
; Data Port ; Clock Port ; Rise  ; Fall  ; Clock Edge ; Clock Reference ;
+-----------+------------+-------+-------+------------+-----------------+
; tx        ; inst10     ; 5.458 ; 5.188 ; Rise       ; inst10          ;
+-----------+------------+-------+-------+------------+-----------------+


+----------------------------------------------------------+
; Propagation Delay                                        ;
+------------+-------------+-------+-------+-------+-------+
; Input Port ; Output Port ; RR    ; RF    ; FR    ; FF    ;
+------------+-------------+-------+-------+-------+-------+
; din[0]     ; HEX0S[0]    ; 3.991 ; 3.980 ; 4.615 ; 4.611 ;
; din[0]     ; HEX0S[1]    ; 4.082 ;       ;       ; 4.724 ;
; din[0]     ; HEX0S[2]    ; 3.987 ;       ;       ; 4.621 ;
; din[0]     ; HEX0S[3]    ; 4.099 ; 4.116 ; 4.731 ; 4.741 ;
; din[0]     ; HEX0S[4]    ;       ; 4.010 ; 4.631 ;       ;
; din[0]     ; HEX0S[5]    ; 4.256 ; 4.302 ; 4.889 ; 4.928 ;
; din[0]     ; HEX0S[6]    ; 4.145 ; 4.179 ; 4.777 ; 4.804 ;
; din[0]     ; LEDR[0]     ; 3.470 ;       ;       ; 4.007 ;
; din[1]     ; HEX0S[0]    ; 4.029 ; 4.021 ; 4.673 ; 4.646 ;
; din[1]     ; HEX0S[1]    ; 4.122 ; 4.136 ; 4.747 ; 4.780 ;
; din[1]     ; HEX0S[2]    ;       ; 4.034 ; 4.654 ;       ;
; din[1]     ; HEX0S[3]    ; 4.141 ; 4.155 ; 4.769 ; 4.801 ;
; din[1]     ; HEX0S[4]    ; 4.041 ;       ;       ; 4.695 ;
; din[1]     ; HEX0S[5]    ; 4.298 ; 4.341 ; 4.922 ; 4.984 ;
; din[1]     ; HEX0S[6]    ; 4.181 ; 4.212 ; 4.806 ; 4.855 ;
; din[1]     ; LEDR[1]     ; 3.676 ;       ;       ; 4.232 ;
; din[2]     ; HEX0S[0]    ; 4.153 ; 4.128 ; 4.782 ; 4.789 ;
; din[2]     ; HEX0S[1]    ; 4.192 ; 4.237 ; 4.869 ; 4.869 ;
; din[2]     ; HEX0S[2]    ; 4.134 ; 4.125 ; 4.766 ; 4.784 ;
; din[2]     ; HEX0S[3]    ; 4.247 ; 4.274 ; 4.899 ; 4.906 ;
; din[2]     ; HEX0S[4]    ; 4.141 ; 4.150 ; 4.786 ; 4.811 ;
; din[2]     ; HEX0S[5]    ; 4.397 ;       ;       ; 5.102 ;
; din[2]     ; HEX0S[6]    ; 4.294 ; 4.315 ; 4.924 ; 4.967 ;
; din[2]     ; LEDR[2]     ; 4.281 ;       ;       ; 4.963 ;
; din[3]     ; HEX0S[0]    ; 4.306 ; 4.280 ; 4.954 ; 4.968 ;
; din[3]     ; HEX0S[1]    ; 4.345 ; 4.392 ; 5.041 ; 5.045 ;
; din[3]     ; HEX0S[2]    ;       ; 4.308 ; 4.972 ;       ;
; din[3]     ; HEX0S[3]    ; 4.389 ; 4.429 ; 5.086 ; 5.063 ;
; din[3]     ; HEX0S[4]    ; 4.290 ; 4.301 ; 4.957 ; 4.986 ;
; din[3]     ; HEX0S[5]    ; 4.547 ; 4.582 ; 5.215 ; 5.278 ;
; din[3]     ; HEX0S[6]    ; 4.422 ; 4.500 ; 5.139 ; 5.132 ;
; din[3]     ; LEDR[3]     ; 3.512 ;       ;       ; 4.078 ;
; din[4]     ; HEX1S[0]    ; 4.580 ; 4.502 ; 5.195 ; 5.098 ;
; din[4]     ; HEX1S[1]    ; 4.563 ;       ;       ; 5.243 ;
; din[4]     ; HEX1S[2]    ; 4.379 ;       ;       ; 5.051 ;
; din[4]     ; HEX1S[3]    ; 4.354 ; 4.437 ; 4.926 ; 5.027 ;
; din[4]     ; HEX1S[4]    ;       ; 4.410 ; 4.917 ;       ;
; din[4]     ; HEX1S[5]    ; 4.315 ; 4.397 ; 4.886 ; 4.986 ;
; din[4]     ; HEX1S[6]    ; 4.325 ; 4.390 ; 4.896 ; 4.980 ;
; din[4]     ; LEDR[4]     ; 3.490 ;       ;       ; 4.025 ;
; din[5]     ; HEX1S[0]    ; 4.784 ; 4.691 ; 5.431 ; 5.366 ;
; din[5]     ; HEX1S[1]    ; 4.751 ; 4.807 ; 5.406 ; 5.479 ;
; din[5]     ; HEX1S[2]    ;       ; 4.678 ; 5.222 ;       ;
; din[5]     ; HEX1S[3]    ; 4.544 ; 4.659 ; 5.204 ; 5.266 ;
; din[5]     ; HEX1S[4]    ; 4.549 ;       ;       ; 5.238 ;
; din[5]     ; HEX1S[5]    ; 4.512 ; 4.614 ; 5.156 ; 5.239 ;
; din[5]     ; HEX1S[6]    ; 4.497 ; 4.610 ; 5.171 ; 5.179 ;
; din[5]     ; LEDR[5]     ; 3.482 ;       ;       ; 4.020 ;
; din[6]     ; HEX1S[0]    ; 4.532 ; 4.440 ; 5.124 ; 5.052 ;
; din[6]     ; HEX1S[1]    ; 4.471 ; 4.583 ; 5.120 ; 5.135 ;
; din[6]     ; HEX1S[2]    ; 4.403 ; 4.459 ; 4.971 ; 5.080 ;
; din[6]     ; HEX1S[3]    ; 4.376 ; 4.453 ; 4.961 ; 5.050 ;
; din[6]     ; HEX1S[4]    ; 4.336 ; 4.448 ; 4.973 ; 5.003 ;
; din[6]     ; HEX1S[5]    ; 4.329 ;       ;       ; 5.021 ;
; din[6]     ; HEX1S[6]    ; 4.350 ; 4.410 ; 4.937 ; 5.009 ;
; din[6]     ; LEDR[6]     ; 3.487 ;       ;       ; 4.025 ;
; din[7]     ; HEX1S[0]    ; 4.390 ; 4.308 ; 4.979 ; 4.904 ;
; din[7]     ; HEX1S[1]    ; 4.368 ; 4.437 ; 4.965 ; 5.027 ;
; din[7]     ; HEX1S[2]    ;       ; 4.426 ; 4.936 ;       ;
; din[7]     ; HEX1S[3]    ; 4.317 ; 4.403 ; 4.914 ; 4.993 ;
; din[7]     ; HEX1S[4]    ; 4.306 ; 4.374 ; 4.902 ; 4.963 ;
; din[7]     ; HEX1S[5]    ; 4.276 ; 4.361 ; 4.872 ; 4.950 ;
; din[7]     ; HEX1S[6]    ; 4.286 ; 4.355 ; 4.883 ; 4.945 ;
; din[7]     ; LEDR[7]     ; 3.584 ;       ;       ; 4.139 ;
+------------+-------------+-------+-------+-------+-------+


+----------------------------------------------------------+
; Minimum Propagation Delay                                ;
+------------+-------------+-------+-------+-------+-------+
; Input Port ; Output Port ; RR    ; RF    ; FR    ; FF    ;
+------------+-------------+-------+-------+-------+-------+
; din[0]     ; HEX0S[0]    ; 3.892 ; 3.882 ; 4.509 ; 4.506 ;
; din[0]     ; HEX0S[1]    ; 3.981 ;       ;       ; 4.614 ;
; din[0]     ; HEX0S[2]    ; 3.890 ;       ;       ; 4.516 ;
; din[0]     ; HEX0S[3]    ; 3.997 ; 4.013 ; 4.621 ; 4.630 ;
; din[0]     ; HEX0S[4]    ;       ; 3.913 ; 4.526 ;       ;
; din[0]     ; HEX0S[5]    ; 4.148 ; 4.192 ; 4.772 ; 4.809 ;
; din[0]     ; HEX0S[6]    ; 4.041 ; 4.075 ; 4.665 ; 4.692 ;
; din[0]     ; LEDR[0]     ; 3.400 ;       ;       ; 3.932 ;
; din[1]     ; HEX0S[0]    ; 3.929 ; 3.923 ; 4.564 ; 4.539 ;
; din[1]     ; HEX0S[1]    ; 4.020 ; 4.033 ; 4.636 ; 4.668 ;
; din[1]     ; HEX0S[2]    ;       ; 3.934 ; 4.546 ;       ;
; din[1]     ; HEX0S[3]    ; 4.038 ; 4.049 ; 4.656 ; 4.687 ;
; din[1]     ; HEX0S[4]    ; 3.943 ;       ;       ; 4.587 ;
; din[1]     ; HEX0S[5]    ; 4.188 ; 4.228 ; 4.804 ; 4.863 ;
; din[1]     ; HEX0S[6]    ; 4.076 ; 4.105 ; 4.691 ; 4.740 ;
; din[1]     ; LEDR[1]     ; 3.597 ;       ;       ; 4.148 ;
; din[2]     ; HEX0S[0]    ; 4.006 ; 3.997 ; 4.636 ; 4.637 ;
; din[2]     ; HEX0S[1]    ; 4.087 ; 4.112 ; 4.732 ; 4.753 ;
; din[2]     ; HEX0S[2]    ; 4.032 ; 4.022 ; 4.655 ; 4.672 ;
; din[2]     ; HEX0S[3]    ; 4.106 ; 4.129 ; 4.749 ; 4.754 ;
; din[2]     ; HEX0S[4]    ; 4.011 ; 4.047 ; 4.676 ; 4.669 ;
; din[2]     ; HEX0S[5]    ; 4.262 ;       ;       ; 4.933 ;
; din[2]     ; HEX0S[6]    ; 4.149 ; 4.191 ; 4.791 ; 4.829 ;
; din[2]     ; LEDR[2]     ; 4.212 ;       ;       ; 4.888 ;
; din[3]     ; HEX0S[0]    ; 4.194 ; 4.138 ; 4.802 ; 4.849 ;
; din[3]     ; HEX0S[1]    ; 4.234 ; 4.259 ; 4.897 ; 4.923 ;
; din[3]     ; HEX0S[2]    ;       ; 4.158 ; 4.805 ;       ;
; din[3]     ; HEX0S[3]    ; 4.278 ; 4.275 ; 4.914 ; 4.940 ;
; din[3]     ; HEX0S[4]    ; 4.155 ; 4.193 ; 4.840 ; 4.835 ;
; din[3]     ; HEX0S[5]    ; 4.401 ; 4.461 ; 5.086 ; 5.096 ;
; din[3]     ; HEX0S[6]    ; 4.301 ; 4.343 ; 4.964 ; 4.988 ;
; din[3]     ; LEDR[3]     ; 3.441 ;       ;       ; 4.000 ;
; din[4]     ; HEX1S[0]    ; 4.460 ; 4.386 ; 5.067 ; 4.974 ;
; din[4]     ; HEX1S[1]    ; 4.442 ;       ;       ; 5.112 ;
; din[4]     ; HEX1S[2]    ; 4.267 ;       ;       ; 4.929 ;
; din[4]     ; HEX1S[3]    ; 4.244 ; 4.322 ; 4.807 ; 4.905 ;
; din[4]     ; HEX1S[4]    ;       ; 4.295 ; 4.797 ;       ;
; din[4]     ; HEX1S[5]    ; 4.205 ; 4.282 ; 4.769 ; 4.866 ;
; din[4]     ; HEX1S[6]    ; 4.216 ; 4.278 ; 4.780 ; 4.861 ;
; din[4]     ; LEDR[4]     ; 3.420 ;       ;       ; 3.949 ;
; din[5]     ; HEX1S[0]    ; 4.655 ; 4.533 ; 5.278 ; 5.231 ;
; din[5]     ; HEX1S[1]    ; 4.610 ; 4.677 ; 5.269 ; 5.338 ;
; din[5]     ; HEX1S[2]    ;       ; 4.514 ; 5.045 ;       ;
; din[5]     ; HEX1S[3]    ; 4.406 ; 4.516 ; 5.050 ; 5.102 ;
; din[5]     ; HEX1S[4]    ; 4.396 ;       ;       ; 5.090 ;
; din[5]     ; HEX1S[5]    ; 4.367 ; 4.491 ; 5.029 ; 5.060 ;
; din[5]     ; HEX1S[6]    ; 4.381 ; 4.462 ; 5.018 ; 5.052 ;
; din[5]     ; LEDR[5]     ; 3.412 ;       ;       ; 3.945 ;
; din[6]     ; HEX1S[0]    ; 4.378 ; 4.320 ; 4.985 ; 4.896 ;
; din[6]     ; HEX1S[1]    ; 4.355 ; 4.440 ; 4.975 ; 5.009 ;
; din[6]     ; HEX1S[2]    ; 4.291 ; 4.344 ; 4.852 ; 4.957 ;
; din[6]     ; HEX1S[3]    ; 4.230 ; 4.329 ; 4.838 ; 4.909 ;
; din[6]     ; HEX1S[4]    ; 4.218 ; 4.331 ; 4.853 ; 4.869 ;
; din[6]     ; HEX1S[5]    ; 4.190 ;       ;       ; 4.856 ;
; din[6]     ; HEX1S[6]    ; 4.212 ; 4.293 ; 4.814 ; 4.854 ;
; din[6]     ; LEDR[6]     ; 3.418 ;       ;       ; 3.950 ;
; din[7]     ; HEX1S[0]    ; 4.278 ; 4.199 ; 4.861 ; 4.789 ;
; din[7]     ; HEX1S[1]    ; 4.255 ; 4.322 ; 4.845 ; 4.905 ;
; din[7]     ; HEX1S[2]    ;       ; 4.313 ; 4.819 ;       ;
; din[7]     ; HEX1S[3]    ; 4.207 ; 4.290 ; 4.798 ; 4.874 ;
; din[7]     ; HEX1S[4]    ; 4.195 ; 4.261 ; 4.785 ; 4.844 ;
; din[7]     ; HEX1S[5]    ; 4.167 ; 4.249 ; 4.757 ; 4.832 ;
; din[7]     ; HEX1S[6]    ; 4.178 ; 4.245 ; 4.767 ; 4.827 ;
; din[7]     ; LEDR[7]     ; 3.511 ;       ;       ; 4.061 ;
+------------+-------------+-------+-------+-------+-------+


---------------------------------------------
; Fast 1200mV 0C Model Metastability Report ;
---------------------------------------------
No synchronizer chains to report.


+--------------------------------------------------------------------------------+
; Multicorner Timing Analysis Summary                                            ;
+------------------+---------+--------+----------+---------+---------------------+
; Clock            ; Setup   ; Hold   ; Recovery ; Removal ; Minimum Pulse Width ;
+------------------+---------+--------+----------+---------+---------------------+
; Worst-case Slack ; -2.502  ; -0.209 ; N/A      ; N/A     ; -3.000              ;
;  clk             ; 0.085   ; -0.209 ; N/A      ; N/A     ; -3.000              ;
;  inst10          ; -2.502  ; 0.166  ; N/A      ; N/A     ; -1.000              ;
; Design-wide TNS  ; -49.707 ; -0.209 ; 0.0      ; 0.0     ; -38.0               ;
;  clk             ; 0.000   ; -0.209 ; N/A      ; N/A     ; -4.000              ;
;  inst10          ; -49.707 ; 0.000  ; N/A      ; N/A     ; -34.000             ;
+------------------+---------+--------+----------+---------+---------------------+


+-----------------------------------------------------------------------+
; Setup Times                                                           ;
+-----------+------------+-------+-------+------------+-----------------+
; Data Port ; Clock Port ; Rise  ; Fall  ; Clock Edge ; Clock Reference ;
+-----------+------------+-------+-------+------------+-----------------+
; din[*]    ; inst10     ; 1.744 ; 2.240 ; Rise       ; inst10          ;
;  din[0]   ; inst10     ; 1.529 ; 1.952 ; Rise       ; inst10          ;
;  din[1]   ; inst10     ; 1.744 ; 2.199 ; Rise       ; inst10          ;
;  din[2]   ; inst10     ; 1.423 ; 1.844 ; Rise       ; inst10          ;
;  din[3]   ; inst10     ; 1.576 ; 2.044 ; Rise       ; inst10          ;
;  din[4]   ; inst10     ; 1.538 ; 1.988 ; Rise       ; inst10          ;
;  din[5]   ; inst10     ; 1.723 ; 2.240 ; Rise       ; inst10          ;
;  din[6]   ; inst10     ; 1.461 ; 1.908 ; Rise       ; inst10          ;
;  din[7]   ; inst10     ; 1.346 ; 1.762 ; Rise       ; inst10          ;
; write_din ; inst10     ; 1.520 ; 1.965 ; Rise       ; inst10          ;
+-----------+------------+-------+-------+------------+-----------------+


+-------------------------------------------------------------------------+
; Hold Times                                                              ;
+-----------+------------+--------+--------+------------+-----------------+
; Data Port ; Clock Port ; Rise   ; Fall   ; Clock Edge ; Clock Reference ;
+-----------+------------+--------+--------+------------+-----------------+
; din[*]    ; inst10     ; -0.468 ; -1.039 ; Rise       ; inst10          ;
;  din[0]   ; inst10     ; -0.536 ; -1.113 ; Rise       ; inst10          ;
;  din[1]   ; inst10     ; -0.661 ; -1.277 ; Rise       ; inst10          ;
;  din[2]   ; inst10     ; -0.468 ; -1.039 ; Rise       ; inst10          ;
;  din[3]   ; inst10     ; -0.568 ; -1.175 ; Rise       ; inst10          ;
;  din[4]   ; inst10     ; -0.548 ; -1.134 ; Rise       ; inst10          ;
;  din[5]   ; inst10     ; -0.667 ; -1.299 ; Rise       ; inst10          ;
;  din[6]   ; inst10     ; -0.493 ; -1.077 ; Rise       ; inst10          ;
;  din[7]   ; inst10     ; -0.468 ; -1.055 ; Rise       ; inst10          ;
; write_din ; inst10     ; -0.573 ; -1.182 ; Rise       ; inst10          ;
+-----------+------------+--------+--------+------------+-----------------+


+-----------------------------------------------------------------------+
; Clock to Output Times                                                 ;
+-----------+------------+-------+-------+------------+-----------------+
; Data Port ; Clock Port ; Rise  ; Fall  ; Clock Edge ; Clock Reference ;
+-----------+------------+-------+-------+------------+-----------------+
; tx        ; inst10     ; 8.943 ; 8.802 ; Rise       ; inst10          ;
+-----------+------------+-------+-------+------------+-----------------+


+-----------------------------------------------------------------------+
; Minimum Clock to Output Times                                         ;
+-----------+------------+-------+-------+------------+-----------------+
; Data Port ; Clock Port ; Rise  ; Fall  ; Clock Edge ; Clock Reference ;
+-----------+------------+-------+-------+------------+-----------------+
; tx        ; inst10     ; 5.458 ; 5.188 ; Rise       ; inst10          ;
+-----------+------------+-------+-------+------------+-----------------+


+----------------------------------------------------------+
; Progagation Delay                                        ;
+------------+-------------+-------+-------+-------+-------+
; Input Port ; Output Port ; RR    ; RF    ; FR    ; FF    ;
+------------+-------------+-------+-------+-------+-------+
; din[0]     ; HEX0S[0]    ; 6.710 ; 6.784 ; 7.199 ; 7.282 ;
; din[0]     ; HEX0S[1]    ; 6.976 ;       ;       ; 7.378 ;
; din[0]     ; HEX0S[2]    ; 6.787 ;       ;       ; 7.194 ;
; din[0]     ; HEX0S[3]    ; 7.007 ; 6.917 ; 7.499 ; 7.400 ;
; din[0]     ; HEX0S[4]    ;       ; 6.735 ; 7.300 ;       ;
; din[0]     ; HEX0S[5]    ; 7.293 ; 7.209 ; 7.785 ; 7.692 ;
; din[0]     ; HEX0S[6]    ; 7.084 ; 7.007 ; 7.575 ; 7.489 ;
; din[0]     ; LEDR[0]     ; 5.727 ;       ;       ; 6.127 ;
; din[1]     ; HEX0S[0]    ; 6.810 ; 6.886 ; 7.300 ; 7.343 ;
; din[1]     ; HEX0S[1]    ; 7.076 ; 6.988 ; 7.535 ; 7.480 ;
; din[1]     ; HEX0S[2]    ;       ; 6.811 ; 7.345 ;       ;
; din[1]     ; HEX0S[3]    ; 7.110 ; 7.018 ; 7.564 ; 7.504 ;
; din[1]     ; HEX0S[4]    ; 6.912 ;       ;       ; 7.322 ;
; din[1]     ; HEX0S[5]    ; 7.396 ; 7.310 ; 7.851 ; 7.798 ;
; din[1]     ; HEX0S[6]    ; 7.179 ; 7.102 ; 7.637 ; 7.590 ;
; din[1]     ; LEDR[1]     ; 6.050 ;       ;       ; 6.486 ;
; din[2]     ; HEX0S[0]    ; 7.012 ; 7.054 ; 7.493 ; 7.579 ;
; din[2]     ; HEX0S[1]    ; 7.177 ; 7.152 ; 7.737 ; 7.632 ;
; din[2]     ; HEX0S[2]    ; 7.054 ; 6.954 ; 7.532 ; 7.490 ;
; din[2]     ; HEX0S[3]    ; 7.275 ; 7.209 ; 7.786 ; 7.699 ;
; din[2]     ; HEX0S[4]    ; 7.062 ; 6.997 ; 7.569 ; 7.535 ;
; din[2]     ; HEX0S[5]    ; 7.547 ;       ;       ; 8.006 ;
; din[2]     ; HEX0S[6]    ; 7.350 ; 7.257 ; 7.827 ; 7.785 ;
; din[2]     ; LEDR[2]     ; 6.919 ;       ;       ; 7.432 ;
; din[3]     ; HEX0S[0]    ; 7.283 ; 7.322 ; 7.744 ; 7.840 ;
; din[3]     ; HEX0S[1]    ; 7.448 ; 7.429 ; 7.988 ; 7.886 ;
; din[3]     ; HEX0S[2]    ;       ; 7.277 ; 7.839 ;       ;
; din[3]     ; HEX0S[3]    ; 7.526 ; 7.484 ; 8.061 ; 7.918 ;
; din[3]     ; HEX0S[4]    ; 7.329 ; 7.269 ; 7.817 ; 7.785 ;
; din[3]     ; HEX0S[5]    ; 7.813 ; 7.720 ; 8.300 ; 8.259 ;
; din[3]     ; HEX0S[6]    ; 7.573 ; 7.580 ; 8.144 ; 8.007 ;
; din[3]     ; LEDR[3]     ; 5.806 ;       ;       ; 6.221 ;
; din[4]     ; HEX1S[0]    ; 7.660 ; 7.685 ; 8.110 ; 8.102 ;
; din[4]     ; HEX1S[1]    ; 7.813 ;       ;       ; 8.199 ;
; din[4]     ; HEX1S[2]    ; 7.481 ;       ;       ; 7.860 ;
; din[4]     ; HEX1S[3]    ; 7.375 ; 7.398 ; 7.772 ; 7.827 ;
; din[4]     ; HEX1S[4]    ;       ; 7.343 ; 7.787 ;       ;
; din[4]     ; HEX1S[5]    ; 7.328 ; 7.342 ; 7.726 ; 7.772 ;
; din[4]     ; HEX1S[6]    ; 7.367 ; 7.312 ; 7.769 ; 7.749 ;
; din[4]     ; LEDR[4]     ; 5.741 ;       ;       ; 6.144 ;
; din[5]     ; HEX1S[0]    ; 8.039 ; 8.033 ; 8.467 ; 8.495 ;
; din[5]     ; HEX1S[1]    ; 8.159 ; 8.086 ; 8.590 ; 8.556 ;
; din[5]     ; HEX1S[2]    ;       ; 7.793 ; 8.299 ;       ;
; din[5]     ; HEX1S[3]    ; 7.681 ; 7.765 ; 8.200 ; 8.196 ;
; din[5]     ; HEX1S[4]    ; 7.721 ;       ;       ; 8.147 ;
; din[5]     ; HEX1S[5]    ; 7.648 ; 7.703 ; 8.137 ; 8.167 ;
; din[5]     ; HEX1S[6]    ; 7.646 ; 7.680 ; 8.191 ; 8.050 ;
; din[5]     ; LEDR[5]     ; 5.731 ;       ;       ; 6.120 ;
; din[6]     ; HEX1S[0]    ; 7.615 ; 7.613 ; 8.018 ; 8.037 ;
; din[6]     ; HEX1S[1]    ; 7.690 ; 7.712 ; 8.179 ; 8.038 ;
; din[6]     ; HEX1S[2]    ; 7.549 ; 7.455 ; 7.922 ; 7.931 ;
; din[6]     ; HEX1S[3]    ; 7.441 ; 7.460 ; 7.846 ; 7.893 ;
; din[6]     ; HEX1S[4]    ; 7.406 ; 7.444 ; 7.896 ; 7.798 ;
; din[6]     ; HEX1S[5]    ; 7.382 ;       ;       ; 7.857 ;
; din[6]     ; HEX1S[6]    ; 7.434 ; 7.378 ; 7.845 ; 7.817 ;
; din[6]     ; LEDR[6]     ; 5.752 ;       ;       ; 6.128 ;
; din[7]     ; HEX1S[0]    ; 7.324 ; 7.346 ; 7.736 ; 7.767 ;
; din[7]     ; HEX1S[1]    ; 7.472 ; 7.412 ; 7.893 ; 7.824 ;
; din[7]     ; HEX1S[2]    ;       ; 7.371 ; 7.834 ;       ;
; din[7]     ; HEX1S[3]    ; 7.315 ; 7.340 ; 7.731 ; 7.747 ;
; din[7]     ; HEX1S[4]    ; 7.330 ; 7.285 ; 7.742 ; 7.688 ;
; din[7]     ; HEX1S[5]    ; 7.265 ; 7.281 ; 7.681 ; 7.688 ;
; din[7]     ; HEX1S[6]    ; 7.305 ; 7.255 ; 7.725 ; 7.666 ;
; din[7]     ; LEDR[7]     ; 5.940 ;       ;       ; 6.330 ;
+------------+-------------+-------+-------+-------+-------+


+----------------------------------------------------------+
; Minimum Progagation Delay                                ;
+------------+-------------+-------+-------+-------+-------+
; Input Port ; Output Port ; RR    ; RF    ; FR    ; FF    ;
+------------+-------------+-------+-------+-------+-------+
; din[0]     ; HEX0S[0]    ; 3.892 ; 3.882 ; 4.509 ; 4.506 ;
; din[0]     ; HEX0S[1]    ; 3.981 ;       ;       ; 4.614 ;
; din[0]     ; HEX0S[2]    ; 3.890 ;       ;       ; 4.516 ;
; din[0]     ; HEX0S[3]    ; 3.997 ; 4.013 ; 4.621 ; 4.630 ;
; din[0]     ; HEX0S[4]    ;       ; 3.913 ; 4.526 ;       ;
; din[0]     ; HEX0S[5]    ; 4.148 ; 4.192 ; 4.772 ; 4.809 ;
; din[0]     ; HEX0S[6]    ; 4.041 ; 4.075 ; 4.665 ; 4.692 ;
; din[0]     ; LEDR[0]     ; 3.400 ;       ;       ; 3.932 ;
; din[1]     ; HEX0S[0]    ; 3.929 ; 3.923 ; 4.564 ; 4.539 ;
; din[1]     ; HEX0S[1]    ; 4.020 ; 4.033 ; 4.636 ; 4.668 ;
; din[1]     ; HEX0S[2]    ;       ; 3.934 ; 4.546 ;       ;
; din[1]     ; HEX0S[3]    ; 4.038 ; 4.049 ; 4.656 ; 4.687 ;
; din[1]     ; HEX0S[4]    ; 3.943 ;       ;       ; 4.587 ;
; din[1]     ; HEX0S[5]    ; 4.188 ; 4.228 ; 4.804 ; 4.863 ;
; din[1]     ; HEX0S[6]    ; 4.076 ; 4.105 ; 4.691 ; 4.740 ;
; din[1]     ; LEDR[1]     ; 3.597 ;       ;       ; 4.148 ;
; din[2]     ; HEX0S[0]    ; 4.006 ; 3.997 ; 4.636 ; 4.637 ;
; din[2]     ; HEX0S[1]    ; 4.087 ; 4.112 ; 4.732 ; 4.753 ;
; din[2]     ; HEX0S[2]    ; 4.032 ; 4.022 ; 4.655 ; 4.672 ;
; din[2]     ; HEX0S[3]    ; 4.106 ; 4.129 ; 4.749 ; 4.754 ;
; din[2]     ; HEX0S[4]    ; 4.011 ; 4.047 ; 4.676 ; 4.669 ;
; din[2]     ; HEX0S[5]    ; 4.262 ;       ;       ; 4.933 ;
; din[2]     ; HEX0S[6]    ; 4.149 ; 4.191 ; 4.791 ; 4.829 ;
; din[2]     ; LEDR[2]     ; 4.212 ;       ;       ; 4.888 ;
; din[3]     ; HEX0S[0]    ; 4.194 ; 4.138 ; 4.802 ; 4.849 ;
; din[3]     ; HEX0S[1]    ; 4.234 ; 4.259 ; 4.897 ; 4.923 ;
; din[3]     ; HEX0S[2]    ;       ; 4.158 ; 4.805 ;       ;
; din[3]     ; HEX0S[3]    ; 4.278 ; 4.275 ; 4.914 ; 4.940 ;
; din[3]     ; HEX0S[4]    ; 4.155 ; 4.193 ; 4.840 ; 4.835 ;
; din[3]     ; HEX0S[5]    ; 4.401 ; 4.461 ; 5.086 ; 5.096 ;
; din[3]     ; HEX0S[6]    ; 4.301 ; 4.343 ; 4.964 ; 4.988 ;
; din[3]     ; LEDR[3]     ; 3.441 ;       ;       ; 4.000 ;
; din[4]     ; HEX1S[0]    ; 4.460 ; 4.386 ; 5.067 ; 4.974 ;
; din[4]     ; HEX1S[1]    ; 4.442 ;       ;       ; 5.112 ;
; din[4]     ; HEX1S[2]    ; 4.267 ;       ;       ; 4.929 ;
; din[4]     ; HEX1S[3]    ; 4.244 ; 4.322 ; 4.807 ; 4.905 ;
; din[4]     ; HEX1S[4]    ;       ; 4.295 ; 4.797 ;       ;
; din[4]     ; HEX1S[5]    ; 4.205 ; 4.282 ; 4.769 ; 4.866 ;
; din[4]     ; HEX1S[6]    ; 4.216 ; 4.278 ; 4.780 ; 4.861 ;
; din[4]     ; LEDR[4]     ; 3.420 ;       ;       ; 3.949 ;
; din[5]     ; HEX1S[0]    ; 4.655 ; 4.533 ; 5.278 ; 5.231 ;
; din[5]     ; HEX1S[1]    ; 4.610 ; 4.677 ; 5.269 ; 5.338 ;
; din[5]     ; HEX1S[2]    ;       ; 4.514 ; 5.045 ;       ;
; din[5]     ; HEX1S[3]    ; 4.406 ; 4.516 ; 5.050 ; 5.102 ;
; din[5]     ; HEX1S[4]    ; 4.396 ;       ;       ; 5.090 ;
; din[5]     ; HEX1S[5]    ; 4.367 ; 4.491 ; 5.029 ; 5.060 ;
; din[5]     ; HEX1S[6]    ; 4.381 ; 4.462 ; 5.018 ; 5.052 ;
; din[5]     ; LEDR[5]     ; 3.412 ;       ;       ; 3.945 ;
; din[6]     ; HEX1S[0]    ; 4.378 ; 4.320 ; 4.985 ; 4.896 ;
; din[6]     ; HEX1S[1]    ; 4.355 ; 4.440 ; 4.975 ; 5.009 ;
; din[6]     ; HEX1S[2]    ; 4.291 ; 4.344 ; 4.852 ; 4.957 ;
; din[6]     ; HEX1S[3]    ; 4.230 ; 4.329 ; 4.838 ; 4.909 ;
; din[6]     ; HEX1S[4]    ; 4.218 ; 4.331 ; 4.853 ; 4.869 ;
; din[6]     ; HEX1S[5]    ; 4.190 ;       ;       ; 4.856 ;
; din[6]     ; HEX1S[6]    ; 4.212 ; 4.293 ; 4.814 ; 4.854 ;
; din[6]     ; LEDR[6]     ; 3.418 ;       ;       ; 3.950 ;
; din[7]     ; HEX1S[0]    ; 4.278 ; 4.199 ; 4.861 ; 4.789 ;
; din[7]     ; HEX1S[1]    ; 4.255 ; 4.322 ; 4.845 ; 4.905 ;
; din[7]     ; HEX1S[2]    ;       ; 4.313 ; 4.819 ;       ;
; din[7]     ; HEX1S[3]    ; 4.207 ; 4.290 ; 4.798 ; 4.874 ;
; din[7]     ; HEX1S[4]    ; 4.195 ; 4.261 ; 4.785 ; 4.844 ;
; din[7]     ; HEX1S[5]    ; 4.167 ; 4.249 ; 4.757 ; 4.832 ;
; din[7]     ; HEX1S[6]    ; 4.178 ; 4.245 ; 4.767 ; 4.827 ;
; din[7]     ; LEDR[7]     ; 3.511 ;       ;       ; 4.061 ;
+------------+-------------+-------+-------+-------+-------+


+------------------------------------------------------------------------------------------------------------------------------------------------------------------------------------------------------------------------------------------------------------------------------------------------------------------------------------------------------------------+
; Board Trace Model Assignments                                                                                                                                                                                                                                                                                                                                    ;
+---------------+--------------+-------------------+-------------------------+-------------------------+---------------+---------------------+----------------+------------------+--------+------------------+------------------------+------------------------+--------------+---------------+-----------------+-------+---------------------+--------------------+
; Pin           ; I/O Standard ; Near Tline Length ; Near Tline L per Length ; Near Tline C per Length ; Near Series R ; Near Differential R ; Near Pull-up R ; Near Pull-down R ; Near C ; Far Tline Length ; Far Tline L per Length ; Far Tline C per Length ; Far Series R ; Far Pull-up R ; Far Pull-down R ; Far C ; Termination Voltage ; Far Differential R ;
+---------------+--------------+-------------------+-------------------------+-------------------------+---------------+---------------------+----------------+------------------+--------+------------------+------------------------+------------------------+--------------+---------------+-----------------+-------+---------------------+--------------------+
; tx            ; 2.5 V        ; 0 in              ; 0 H/in                  ; 0 F/in                  ; short         ; -                   ; open           ; open             ; open   ; 0 in             ; 0 H/in                 ; 0 F/in                 ; short        ; open          ; open            ; open  ; 0 V                 ; -                  ;
; HEX0S[6]      ; 2.5 V        ; 0 in              ; 0 H/in                  ; 0 F/in                  ; short         ; -                   ; open           ; open             ; open   ; 0 in             ; 0 H/in                 ; 0 F/in                 ; short        ; open          ; open            ; open  ; 0 V                 ; -                  ;
; HEX0S[5]      ; 2.5 V        ; 0 in              ; 0 H/in                  ; 0 F/in                  ; short         ; -                   ; open           ; open             ; open   ; 0 in             ; 0 H/in                 ; 0 F/in                 ; short        ; open          ; open            ; open  ; 0 V                 ; -                  ;
; HEX0S[4]      ; 2.5 V        ; 0 in              ; 0 H/in                  ; 0 F/in                  ; short         ; -                   ; open           ; open             ; open   ; 0 in             ; 0 H/in                 ; 0 F/in                 ; short        ; open          ; open            ; open  ; 0 V                 ; -                  ;
; HEX0S[3]      ; 2.5 V        ; 0 in              ; 0 H/in                  ; 0 F/in                  ; short         ; -                   ; open           ; open             ; open   ; 0 in             ; 0 H/in                 ; 0 F/in                 ; short        ; open          ; open            ; open  ; 0 V                 ; -                  ;
; HEX0S[2]      ; 2.5 V        ; 0 in              ; 0 H/in                  ; 0 F/in                  ; short         ; -                   ; open           ; open             ; open   ; 0 in             ; 0 H/in                 ; 0 F/in                 ; short        ; open          ; open            ; open  ; 0 V                 ; -                  ;
; HEX0S[1]      ; 2.5 V        ; 0 in              ; 0 H/in                  ; 0 F/in                  ; short         ; -                   ; open           ; open             ; open   ; 0 in             ; 0 H/in                 ; 0 F/in                 ; short        ; open          ; open            ; open  ; 0 V                 ; -                  ;
; HEX0S[0]      ; 2.5 V        ; 0 in              ; 0 H/in                  ; 0 F/in                  ; short         ; -                   ; open           ; open             ; open   ; 0 in             ; 0 H/in                 ; 0 F/in                 ; short        ; open          ; open            ; open  ; 0 V                 ; -                  ;
; HEX1S[6]      ; 2.5 V        ; 0 in              ; 0 H/in                  ; 0 F/in                  ; short         ; -                   ; open           ; open             ; open   ; 0 in             ; 0 H/in                 ; 0 F/in                 ; short        ; open          ; open            ; open  ; 0 V                 ; -                  ;
; HEX1S[5]      ; 2.5 V        ; 0 in              ; 0 H/in                  ; 0 F/in                  ; short         ; -                   ; open           ; open             ; open   ; 0 in             ; 0 H/in                 ; 0 F/in                 ; short        ; open          ; open            ; open  ; 0 V                 ; -                  ;
; HEX1S[4]      ; 2.5 V        ; 0 in              ; 0 H/in                  ; 0 F/in                  ; short         ; -                   ; open           ; open             ; open   ; 0 in             ; 0 H/in                 ; 0 F/in                 ; short        ; open          ; open            ; open  ; 0 V                 ; -                  ;
; HEX1S[3]      ; 2.5 V        ; 0 in              ; 0 H/in                  ; 0 F/in                  ; short         ; -                   ; open           ; open             ; open   ; 0 in             ; 0 H/in                 ; 0 F/in                 ; short        ; open          ; open            ; open  ; 0 V                 ; -                  ;
; HEX1S[2]      ; 2.5 V        ; 0 in              ; 0 H/in                  ; 0 F/in                  ; short         ; -                   ; open           ; open             ; open   ; 0 in             ; 0 H/in                 ; 0 F/in                 ; short        ; open          ; open            ; open  ; 0 V                 ; -                  ;
; HEX1S[1]      ; 2.5 V        ; 0 in              ; 0 H/in                  ; 0 F/in                  ; short         ; -                   ; open           ; open             ; open   ; 0 in             ; 0 H/in                 ; 0 F/in                 ; short        ; open          ; open            ; open  ; 0 V                 ; -                  ;
; HEX1S[0]      ; 2.5 V        ; 0 in              ; 0 H/in                  ; 0 F/in                  ; short         ; -                   ; open           ; open             ; open   ; 0 in             ; 0 H/in                 ; 0 F/in                 ; short        ; open          ; open            ; open  ; 0 V                 ; -                  ;
; LEDR[7]       ; 2.5 V        ; 0 in              ; 0 H/in                  ; 0 F/in                  ; short         ; -                   ; open           ; open             ; open   ; 0 in             ; 0 H/in                 ; 0 F/in                 ; short        ; open          ; open            ; open  ; 0 V                 ; -                  ;
; LEDR[6]       ; 2.5 V        ; 0 in              ; 0 H/in                  ; 0 F/in                  ; short         ; -                   ; open           ; open             ; open   ; 0 in             ; 0 H/in                 ; 0 F/in                 ; short        ; open          ; open            ; open  ; 0 V                 ; -                  ;
; LEDR[5]       ; 2.5 V        ; 0 in              ; 0 H/in                  ; 0 F/in                  ; short         ; -                   ; open           ; open             ; open   ; 0 in             ; 0 H/in                 ; 0 F/in                 ; short        ; open          ; open            ; open  ; 0 V                 ; -                  ;
; LEDR[4]       ; 2.5 V        ; 0 in              ; 0 H/in                  ; 0 F/in                  ; short         ; -                   ; open           ; open             ; open   ; 0 in             ; 0 H/in                 ; 0 F/in                 ; short        ; open          ; open            ; open  ; 0 V                 ; -                  ;
; LEDR[3]       ; 2.5 V        ; 0 in              ; 0 H/in                  ; 0 F/in                  ; short         ; -                   ; open           ; open             ; open   ; 0 in             ; 0 H/in                 ; 0 F/in                 ; short        ; open          ; open            ; open  ; 0 V                 ; -                  ;
; LEDR[2]       ; 2.5 V        ; 0 in              ; 0 H/in                  ; 0 F/in                  ; short         ; -                   ; open           ; open             ; open   ; 0 in             ; 0 H/in                 ; 0 F/in                 ; short        ; open          ; open            ; open  ; 0 V                 ; -                  ;
; LEDR[1]       ; 2.5 V        ; 0 in              ; 0 H/in                  ; 0 F/in                  ; short         ; -                   ; open           ; open             ; open   ; 0 in             ; 0 H/in                 ; 0 F/in                 ; short        ; open          ; open            ; open  ; 0 V                 ; -                  ;
; LEDR[0]       ; 2.5 V        ; 0 in              ; 0 H/in                  ; 0 F/in                  ; short         ; -                   ; open           ; open             ; open   ; 0 in             ; 0 H/in                 ; 0 F/in                 ; short        ; open          ; open            ; open  ; 0 V                 ; -                  ;
; ~ALTERA_DCLK~ ; 2.5 V        ; 0 in              ; 0 H/in                  ; 0 F/in                  ; short         ; -                   ; open           ; open             ; open   ; 0 in             ; 0 H/in                 ; 0 F/in                 ; short        ; open          ; open            ; open  ; 0 V                 ; -                  ;
+---------------+--------------+-------------------+-------------------------+-------------------------+---------------+---------------------+----------------+------------------+--------+------------------+------------------------+------------------------+--------------+---------------+-----------------+-------+---------------------+--------------------+


+----------------------------------------------------------------------------+
; Input Transition Times                                                     ;
+-------------------------+--------------+-----------------+-----------------+
; Pin                     ; I/O Standard ; 10-90 Rise Time ; 90-10 Fall Time ;
+-------------------------+--------------+-----------------+-----------------+
; din[0]                  ; 2.5 V        ; 2000 ps         ; 2000 ps         ;
; din[3]                  ; 2.5 V        ; 2000 ps         ; 2000 ps         ;
; din[2]                  ; 2.5 V        ; 2000 ps         ; 2000 ps         ;
; din[1]                  ; 2.5 V        ; 2000 ps         ; 2000 ps         ;
; din[4]                  ; 2.5 V        ; 2000 ps         ; 2000 ps         ;
; din[7]                  ; 2.5 V        ; 2000 ps         ; 2000 ps         ;
; din[6]                  ; 2.5 V        ; 2000 ps         ; 2000 ps         ;
; din[5]                  ; 2.5 V        ; 2000 ps         ; 2000 ps         ;
; resetN                  ; 2.5 V        ; 2000 ps         ; 2000 ps         ;
; clk                     ; 2.5 V        ; 2000 ps         ; 2000 ps         ;
; write_din               ; 2.5 V        ; 2000 ps         ; 2000 ps         ;
; ~ALTERA_ASDO_DATA1~     ; 2.5 V        ; 2000 ps         ; 2000 ps         ;
; ~ALTERA_FLASH_nCE_nCSO~ ; 2.5 V        ; 2000 ps         ; 2000 ps         ;
; ~ALTERA_DATA0~          ; 2.5 V        ; 2000 ps         ; 2000 ps         ;
+-------------------------+--------------+-----------------+-----------------+


+--------------------------------------------------------------------------------------------------------------------------------------------------------------------------------------------------------------------------------------------------------------------------------------------------------------------------------------------------------------------------------------------------------------------------------------------------------------------------------------------------------------------------------------------------------------------------------------------------------------------------------------------------------------------------------------------+
; Slow Corner Signal Integrity Metrics                                                                                                                                                                                                                                                                                                                                                                                                                                                                                                                                                                                                                                                       ;
+---------------+--------------+---------------------+---------------------+------------------------------+------------------------------+---------------------+---------------------+--------------------------------------+--------------------------------------+-----------------------------+-----------------------------+----------------------------+----------------------------+-----------------------------+-----------------------------+--------------------+--------------------+-------------------------------------+-------------------------------------+----------------------------+----------------------------+---------------------------+---------------------------+
; Pin           ; I/O Standard ; Board Delay on Rise ; Board Delay on Fall ; Steady State Voh at FPGA Pin ; Steady State Vol at FPGA Pin ; Voh Max at FPGA Pin ; Vol Min at FPGA Pin ; Ringback Voltage on Rise at FPGA Pin ; Ringback Voltage on Fall at FPGA Pin ; 10-90 Rise Time at FPGA Pin ; 90-10 Fall Time at FPGA Pin ; Monotonic Rise at FPGA Pin ; Monotonic Fall at FPGA Pin ; Steady State Voh at Far-end ; Steady State Vol at Far-end ; Voh Max at Far-end ; Vol Min at Far-end ; Ringback Voltage on Rise at Far-end ; Ringback Voltage on Fall at Far-end ; 10-90 Rise Time at Far-end ; 90-10 Fall Time at Far-end ; Monotonic Rise at Far-end ; Monotonic Fall at Far-end ;
+---------------+--------------+---------------------+---------------------+------------------------------+------------------------------+---------------------+---------------------+--------------------------------------+--------------------------------------+-----------------------------+-----------------------------+----------------------------+----------------------------+-----------------------------+-----------------------------+--------------------+--------------------+-------------------------------------+-------------------------------------+----------------------------+----------------------------+---------------------------+---------------------------+
; tx            ; 2.5 V        ; 0 s                 ; 0 s                 ; 2.32 V                       ; 7.26e-007 V                  ; 2.35 V              ; -0.0109 V           ; 0.113 V                              ; 0.035 V                              ; 7.76e-010 s                 ; 8.05e-010 s                 ; Yes                        ; Yes                        ; 2.32 V                      ; 7.26e-007 V                 ; 2.35 V             ; -0.0109 V          ; 0.113 V                             ; 0.035 V                             ; 7.76e-010 s                ; 8.05e-010 s                ; Yes                       ; Yes                       ;
; HEX0S[6]      ; 2.5 V        ; 0 s                 ; 0 s                 ; 2.32 V                       ; 1.08e-006 V                  ; 2.36 V              ; -0.0106 V           ; 0.122 V                              ; 0.021 V                              ; 4.5e-010 s                  ; 4.45e-010 s                 ; Yes                        ; Yes                        ; 2.32 V                      ; 1.08e-006 V                 ; 2.36 V             ; -0.0106 V          ; 0.122 V                             ; 0.021 V                             ; 4.5e-010 s                 ; 4.45e-010 s                ; Yes                       ; Yes                       ;
; HEX0S[5]      ; 2.5 V        ; 0 s                 ; 0 s                 ; 2.32 V                       ; 1.08e-006 V                  ; 2.36 V              ; -0.0106 V           ; 0.122 V                              ; 0.021 V                              ; 4.5e-010 s                  ; 4.45e-010 s                 ; Yes                        ; Yes                        ; 2.32 V                      ; 1.08e-006 V                 ; 2.36 V             ; -0.0106 V          ; 0.122 V                             ; 0.021 V                             ; 4.5e-010 s                 ; 4.45e-010 s                ; Yes                       ; Yes                       ;
; HEX0S[4]      ; 2.5 V        ; 0 s                 ; 0 s                 ; 2.32 V                       ; 1.08e-006 V                  ; 2.36 V              ; -0.0106 V           ; 0.122 V                              ; 0.021 V                              ; 4.5e-010 s                  ; 4.45e-010 s                 ; Yes                        ; Yes                        ; 2.32 V                      ; 1.08e-006 V                 ; 2.36 V             ; -0.0106 V          ; 0.122 V                             ; 0.021 V                             ; 4.5e-010 s                 ; 4.45e-010 s                ; Yes                       ; Yes                       ;
; HEX0S[3]      ; 2.5 V        ; 0 s                 ; 0 s                 ; 2.32 V                       ; 1.08e-006 V                  ; 2.36 V              ; -0.0106 V           ; 0.122 V                              ; 0.021 V                              ; 4.5e-010 s                  ; 4.45e-010 s                 ; Yes                        ; Yes                        ; 2.32 V                      ; 1.08e-006 V                 ; 2.36 V             ; -0.0106 V          ; 0.122 V                             ; 0.021 V                             ; 4.5e-010 s                 ; 4.45e-010 s                ; Yes                       ; Yes                       ;
; HEX0S[2]      ; 2.5 V        ; 0 s                 ; 0 s                 ; 2.32 V                       ; 1.08e-006 V                  ; 2.36 V              ; -0.0106 V           ; 0.122 V                              ; 0.021 V                              ; 4.5e-010 s                  ; 4.45e-010 s                 ; Yes                        ; Yes                        ; 2.32 V                      ; 1.08e-006 V                 ; 2.36 V             ; -0.0106 V          ; 0.122 V                             ; 0.021 V                             ; 4.5e-010 s                 ; 4.45e-010 s                ; Yes                       ; Yes                       ;
; HEX0S[1]      ; 2.5 V        ; 0 s                 ; 0 s                 ; 2.32 V                       ; 1.08e-006 V                  ; 2.36 V              ; -0.0106 V           ; 0.122 V                              ; 0.021 V                              ; 4.5e-010 s                  ; 4.45e-010 s                 ; Yes                        ; Yes                        ; 2.32 V                      ; 1.08e-006 V                 ; 2.36 V             ; -0.0106 V          ; 0.122 V                             ; 0.021 V                             ; 4.5e-010 s                 ; 4.45e-010 s                ; Yes                       ; Yes                       ;
; HEX0S[0]      ; 2.5 V        ; 0 s                 ; 0 s                 ; 2.32 V                       ; 1.08e-006 V                  ; 2.36 V              ; -0.0106 V           ; 0.122 V                              ; 0.021 V                              ; 4.5e-010 s                  ; 4.45e-010 s                 ; Yes                        ; Yes                        ; 2.32 V                      ; 1.08e-006 V                 ; 2.36 V             ; -0.0106 V          ; 0.122 V                             ; 0.021 V                             ; 4.5e-010 s                 ; 4.45e-010 s                ; Yes                       ; Yes                       ;
; HEX1S[6]      ; 2.5 V        ; 0 s                 ; 0 s                 ; 2.32 V                       ; 1.08e-006 V                  ; 2.36 V              ; -0.0106 V           ; 0.122 V                              ; 0.021 V                              ; 4.5e-010 s                  ; 4.45e-010 s                 ; Yes                        ; Yes                        ; 2.32 V                      ; 1.08e-006 V                 ; 2.36 V             ; -0.0106 V          ; 0.122 V                             ; 0.021 V                             ; 4.5e-010 s                 ; 4.45e-010 s                ; Yes                       ; Yes                       ;
; HEX1S[5]      ; 2.5 V        ; 0 s                 ; 0 s                 ; 2.32 V                       ; 1.08e-006 V                  ; 2.36 V              ; -0.0106 V           ; 0.122 V                              ; 0.021 V                              ; 4.5e-010 s                  ; 4.45e-010 s                 ; Yes                        ; Yes                        ; 2.32 V                      ; 1.08e-006 V                 ; 2.36 V             ; -0.0106 V          ; 0.122 V                             ; 0.021 V                             ; 4.5e-010 s                 ; 4.45e-010 s                ; Yes                       ; Yes                       ;
; HEX1S[4]      ; 2.5 V        ; 0 s                 ; 0 s                 ; 2.32 V                       ; 1.08e-006 V                  ; 2.36 V              ; -0.0106 V           ; 0.122 V                              ; 0.021 V                              ; 4.5e-010 s                  ; 4.45e-010 s                 ; Yes                        ; Yes                        ; 2.32 V                      ; 1.08e-006 V                 ; 2.36 V             ; -0.0106 V          ; 0.122 V                             ; 0.021 V                             ; 4.5e-010 s                 ; 4.45e-010 s                ; Yes                       ; Yes                       ;
; HEX1S[3]      ; 2.5 V        ; 0 s                 ; 0 s                 ; 2.32 V                       ; 1.08e-006 V                  ; 2.36 V              ; -0.0106 V           ; 0.122 V                              ; 0.021 V                              ; 4.5e-010 s                  ; 4.45e-010 s                 ; Yes                        ; Yes                        ; 2.32 V                      ; 1.08e-006 V                 ; 2.36 V             ; -0.0106 V          ; 0.122 V                             ; 0.021 V                             ; 4.5e-010 s                 ; 4.45e-010 s                ; Yes                       ; Yes                       ;
; HEX1S[2]      ; 2.5 V        ; 0 s                 ; 0 s                 ; 2.32 V                       ; 1.08e-006 V                  ; 2.36 V              ; -0.0106 V           ; 0.122 V                              ; 0.021 V                              ; 4.5e-010 s                  ; 4.45e-010 s                 ; Yes                        ; Yes                        ; 2.32 V                      ; 1.08e-006 V                 ; 2.36 V             ; -0.0106 V          ; 0.122 V                             ; 0.021 V                             ; 4.5e-010 s                 ; 4.45e-010 s                ; Yes                       ; Yes                       ;
; HEX1S[1]      ; 2.5 V        ; 0 s                 ; 0 s                 ; 2.32 V                       ; 1.08e-006 V                  ; 2.36 V              ; -0.0106 V           ; 0.122 V                              ; 0.021 V                              ; 4.5e-010 s                  ; 4.45e-010 s                 ; Yes                        ; Yes                        ; 2.32 V                      ; 1.08e-006 V                 ; 2.36 V             ; -0.0106 V          ; 0.122 V                             ; 0.021 V                             ; 4.5e-010 s                 ; 4.45e-010 s                ; Yes                       ; Yes                       ;
; HEX1S[0]      ; 2.5 V        ; 0 s                 ; 0 s                 ; 2.32 V                       ; 1.08e-006 V                  ; 2.36 V              ; -0.0106 V           ; 0.122 V                              ; 0.021 V                              ; 4.5e-010 s                  ; 4.45e-010 s                 ; Yes                        ; Yes                        ; 2.32 V                      ; 1.08e-006 V                 ; 2.36 V             ; -0.0106 V          ; 0.122 V                             ; 0.021 V                             ; 4.5e-010 s                 ; 4.45e-010 s                ; Yes                       ; Yes                       ;
; LEDR[7]       ; 2.5 V        ; 0 s                 ; 0 s                 ; 2.32 V                       ; 7.26e-007 V                  ; 2.35 V              ; -0.0109 V           ; 0.113 V                              ; 0.035 V                              ; 7.76e-010 s                 ; 8.05e-010 s                 ; Yes                        ; Yes                        ; 2.32 V                      ; 7.26e-007 V                 ; 2.35 V             ; -0.0109 V          ; 0.113 V                             ; 0.035 V                             ; 7.76e-010 s                ; 8.05e-010 s                ; Yes                       ; Yes                       ;
; LEDR[6]       ; 2.5 V        ; 0 s                 ; 0 s                 ; 2.32 V                       ; 7.26e-007 V                  ; 2.35 V              ; -0.0109 V           ; 0.113 V                              ; 0.035 V                              ; 7.76e-010 s                 ; 8.05e-010 s                 ; Yes                        ; Yes                        ; 2.32 V                      ; 7.26e-007 V                 ; 2.35 V             ; -0.0109 V          ; 0.113 V                             ; 0.035 V                             ; 7.76e-010 s                ; 8.05e-010 s                ; Yes                       ; Yes                       ;
; LEDR[5]       ; 2.5 V        ; 0 s                 ; 0 s                 ; 2.32 V                       ; 7.26e-007 V                  ; 2.35 V              ; -0.0109 V           ; 0.113 V                              ; 0.035 V                              ; 7.76e-010 s                 ; 8.05e-010 s                 ; Yes                        ; Yes                        ; 2.32 V                      ; 7.26e-007 V                 ; 2.35 V             ; -0.0109 V          ; 0.113 V                             ; 0.035 V                             ; 7.76e-010 s                ; 8.05e-010 s                ; Yes                       ; Yes                       ;
; LEDR[4]       ; 2.5 V        ; 0 s                 ; 0 s                 ; 2.32 V                       ; 7.26e-007 V                  ; 2.35 V              ; -0.0109 V           ; 0.113 V                              ; 0.035 V                              ; 7.76e-010 s                 ; 8.05e-010 s                 ; Yes                        ; Yes                        ; 2.32 V                      ; 7.26e-007 V                 ; 2.35 V             ; -0.0109 V          ; 0.113 V                             ; 0.035 V                             ; 7.76e-010 s                ; 8.05e-010 s                ; Yes                       ; Yes                       ;
; LEDR[3]       ; 2.5 V        ; 0 s                 ; 0 s                 ; 2.32 V                       ; 7.26e-007 V                  ; 2.35 V              ; -0.0109 V           ; 0.113 V                              ; 0.035 V                              ; 7.76e-010 s                 ; 8.05e-010 s                 ; Yes                        ; Yes                        ; 2.32 V                      ; 7.26e-007 V                 ; 2.35 V             ; -0.0109 V          ; 0.113 V                             ; 0.035 V                             ; 7.76e-010 s                ; 8.05e-010 s                ; Yes                       ; Yes                       ;
; LEDR[2]       ; 2.5 V        ; 0 s                 ; 0 s                 ; 2.32 V                       ; 7.26e-007 V                  ; 2.33 V              ; -0.00317 V          ; 0.162 V                              ; 0.063 V                              ; 3.54e-009 s                 ; 3.41e-009 s                 ; Yes                        ; Yes                        ; 2.32 V                      ; 7.26e-007 V                 ; 2.33 V             ; -0.00317 V         ; 0.162 V                             ; 0.063 V                             ; 3.54e-009 s                ; 3.41e-009 s                ; Yes                       ; Yes                       ;
; LEDR[1]       ; 2.5 V        ; 0 s                 ; 0 s                 ; 2.32 V                       ; 7.26e-007 V                  ; 2.35 V              ; -0.0109 V           ; 0.113 V                              ; 0.035 V                              ; 7.76e-010 s                 ; 8.05e-010 s                 ; Yes                        ; Yes                        ; 2.32 V                      ; 7.26e-007 V                 ; 2.35 V             ; -0.0109 V          ; 0.113 V                             ; 0.035 V                             ; 7.76e-010 s                ; 8.05e-010 s                ; Yes                       ; Yes                       ;
; LEDR[0]       ; 2.5 V        ; 0 s                 ; 0 s                 ; 2.32 V                       ; 7.26e-007 V                  ; 2.35 V              ; -0.0109 V           ; 0.113 V                              ; 0.035 V                              ; 7.76e-010 s                 ; 8.05e-010 s                 ; Yes                        ; Yes                        ; 2.32 V                      ; 7.26e-007 V                 ; 2.35 V             ; -0.0109 V          ; 0.113 V                             ; 0.035 V                             ; 7.76e-010 s                ; 8.05e-010 s                ; Yes                       ; Yes                       ;
; ~ALTERA_DCLK~ ; 2.5 V        ; 0 s                 ; 0 s                 ; 2.32 V                       ; 5.68e-007 V                  ; 2.35 V              ; -0.0132 V           ; 0.2 V                                ; 0.027 V                              ; 5.26e-010 s                 ; 4.81e-010 s                 ; Yes                        ; Yes                        ; 2.32 V                      ; 5.68e-007 V                 ; 2.35 V             ; -0.0132 V          ; 0.2 V                               ; 0.027 V                             ; 5.26e-010 s                ; 4.81e-010 s                ; Yes                       ; Yes                       ;
+---------------+--------------+---------------------+---------------------+------------------------------+------------------------------+---------------------+---------------------+--------------------------------------+--------------------------------------+-----------------------------+-----------------------------+----------------------------+----------------------------+-----------------------------+-----------------------------+--------------------+--------------------+-------------------------------------+-------------------------------------+----------------------------+----------------------------+---------------------------+---------------------------+


+--------------------------------------------------------------------------------------------------------------------------------------------------------------------------------------------------------------------------------------------------------------------------------------------------------------------------------------------------------------------------------------------------------------------------------------------------------------------------------------------------------------------------------------------------------------------------------------------------------------------------------------------------------------------------------------------+
; Fast Corner Signal Integrity Metrics                                                                                                                                                                                                                                                                                                                                                                                                                                                                                                                                                                                                                                                       ;
+---------------+--------------+---------------------+---------------------+------------------------------+------------------------------+---------------------+---------------------+--------------------------------------+--------------------------------------+-----------------------------+-----------------------------+----------------------------+----------------------------+-----------------------------+-----------------------------+--------------------+--------------------+-------------------------------------+-------------------------------------+----------------------------+----------------------------+---------------------------+---------------------------+
; Pin           ; I/O Standard ; Board Delay on Rise ; Board Delay on Fall ; Steady State Voh at FPGA Pin ; Steady State Vol at FPGA Pin ; Voh Max at FPGA Pin ; Vol Min at FPGA Pin ; Ringback Voltage on Rise at FPGA Pin ; Ringback Voltage on Fall at FPGA Pin ; 10-90 Rise Time at FPGA Pin ; 90-10 Fall Time at FPGA Pin ; Monotonic Rise at FPGA Pin ; Monotonic Fall at FPGA Pin ; Steady State Voh at Far-end ; Steady State Vol at Far-end ; Voh Max at Far-end ; Vol Min at Far-end ; Ringback Voltage on Rise at Far-end ; Ringback Voltage on Fall at Far-end ; 10-90 Rise Time at Far-end ; 90-10 Fall Time at Far-end ; Monotonic Rise at Far-end ; Monotonic Fall at Far-end ;
+---------------+--------------+---------------------+---------------------+------------------------------+------------------------------+---------------------+---------------------+--------------------------------------+--------------------------------------+-----------------------------+-----------------------------+----------------------------+----------------------------+-----------------------------+-----------------------------+--------------------+--------------------+-------------------------------------+-------------------------------------+----------------------------+----------------------------+---------------------------+---------------------------+
; tx            ; 2.5 V        ; 0 s                 ; 0 s                 ; 2.62 V                       ; 2.78e-008 V                  ; 2.71 V              ; -0.0352 V           ; 0.253 V                              ; 0.07 V                               ; 4.96e-010 s                 ; 5.19e-010 s                 ; No                         ; Yes                        ; 2.62 V                      ; 2.78e-008 V                 ; 2.71 V             ; -0.0352 V          ; 0.253 V                             ; 0.07 V                              ; 4.96e-010 s                ; 5.19e-010 s                ; No                        ; Yes                       ;
; HEX0S[6]      ; 2.5 V        ; 0 s                 ; 0 s                 ; 2.62 V                       ; 4.11e-008 V                  ; 2.73 V              ; -0.0569 V           ; 0.191 V                              ; 0.121 V                              ; 2.69e-010 s                 ; 2.76e-010 s                 ; Yes                        ; Yes                        ; 2.62 V                      ; 4.11e-008 V                 ; 2.73 V             ; -0.0569 V          ; 0.191 V                             ; 0.121 V                             ; 2.69e-010 s                ; 2.76e-010 s                ; Yes                       ; Yes                       ;
; HEX0S[5]      ; 2.5 V        ; 0 s                 ; 0 s                 ; 2.62 V                       ; 4.11e-008 V                  ; 2.73 V              ; -0.0569 V           ; 0.191 V                              ; 0.121 V                              ; 2.69e-010 s                 ; 2.76e-010 s                 ; Yes                        ; Yes                        ; 2.62 V                      ; 4.11e-008 V                 ; 2.73 V             ; -0.0569 V          ; 0.191 V                             ; 0.121 V                             ; 2.69e-010 s                ; 2.76e-010 s                ; Yes                       ; Yes                       ;
; HEX0S[4]      ; 2.5 V        ; 0 s                 ; 0 s                 ; 2.62 V                       ; 4.11e-008 V                  ; 2.73 V              ; -0.0569 V           ; 0.191 V                              ; 0.121 V                              ; 2.69e-010 s                 ; 2.76e-010 s                 ; Yes                        ; Yes                        ; 2.62 V                      ; 4.11e-008 V                 ; 2.73 V             ; -0.0569 V          ; 0.191 V                             ; 0.121 V                             ; 2.69e-010 s                ; 2.76e-010 s                ; Yes                       ; Yes                       ;
; HEX0S[3]      ; 2.5 V        ; 0 s                 ; 0 s                 ; 2.62 V                       ; 4.11e-008 V                  ; 2.73 V              ; -0.0569 V           ; 0.191 V                              ; 0.121 V                              ; 2.69e-010 s                 ; 2.76e-010 s                 ; Yes                        ; Yes                        ; 2.62 V                      ; 4.11e-008 V                 ; 2.73 V             ; -0.0569 V          ; 0.191 V                             ; 0.121 V                             ; 2.69e-010 s                ; 2.76e-010 s                ; Yes                       ; Yes                       ;
; HEX0S[2]      ; 2.5 V        ; 0 s                 ; 0 s                 ; 2.62 V                       ; 4.11e-008 V                  ; 2.73 V              ; -0.0569 V           ; 0.191 V                              ; 0.121 V                              ; 2.69e-010 s                 ; 2.76e-010 s                 ; Yes                        ; Yes                        ; 2.62 V                      ; 4.11e-008 V                 ; 2.73 V             ; -0.0569 V          ; 0.191 V                             ; 0.121 V                             ; 2.69e-010 s                ; 2.76e-010 s                ; Yes                       ; Yes                       ;
; HEX0S[1]      ; 2.5 V        ; 0 s                 ; 0 s                 ; 2.62 V                       ; 4.11e-008 V                  ; 2.73 V              ; -0.0569 V           ; 0.191 V                              ; 0.121 V                              ; 2.69e-010 s                 ; 2.76e-010 s                 ; Yes                        ; Yes                        ; 2.62 V                      ; 4.11e-008 V                 ; 2.73 V             ; -0.0569 V          ; 0.191 V                             ; 0.121 V                             ; 2.69e-010 s                ; 2.76e-010 s                ; Yes                       ; Yes                       ;
; HEX0S[0]      ; 2.5 V        ; 0 s                 ; 0 s                 ; 2.62 V                       ; 4.11e-008 V                  ; 2.73 V              ; -0.0569 V           ; 0.191 V                              ; 0.121 V                              ; 2.69e-010 s                 ; 2.76e-010 s                 ; Yes                        ; Yes                        ; 2.62 V                      ; 4.11e-008 V                 ; 2.73 V             ; -0.0569 V          ; 0.191 V                             ; 0.121 V                             ; 2.69e-010 s                ; 2.76e-010 s                ; Yes                       ; Yes                       ;
; HEX1S[6]      ; 2.5 V        ; 0 s                 ; 0 s                 ; 2.62 V                       ; 4.11e-008 V                  ; 2.73 V              ; -0.0569 V           ; 0.191 V                              ; 0.121 V                              ; 2.69e-010 s                 ; 2.76e-010 s                 ; Yes                        ; Yes                        ; 2.62 V                      ; 4.11e-008 V                 ; 2.73 V             ; -0.0569 V          ; 0.191 V                             ; 0.121 V                             ; 2.69e-010 s                ; 2.76e-010 s                ; Yes                       ; Yes                       ;
; HEX1S[5]      ; 2.5 V        ; 0 s                 ; 0 s                 ; 2.62 V                       ; 4.11e-008 V                  ; 2.73 V              ; -0.0569 V           ; 0.191 V                              ; 0.121 V                              ; 2.69e-010 s                 ; 2.76e-010 s                 ; Yes                        ; Yes                        ; 2.62 V                      ; 4.11e-008 V                 ; 2.73 V             ; -0.0569 V          ; 0.191 V                             ; 0.121 V                             ; 2.69e-010 s                ; 2.76e-010 s                ; Yes                       ; Yes                       ;
; HEX1S[4]      ; 2.5 V        ; 0 s                 ; 0 s                 ; 2.62 V                       ; 4.11e-008 V                  ; 2.73 V              ; -0.0569 V           ; 0.191 V                              ; 0.121 V                              ; 2.69e-010 s                 ; 2.76e-010 s                 ; Yes                        ; Yes                        ; 2.62 V                      ; 4.11e-008 V                 ; 2.73 V             ; -0.0569 V          ; 0.191 V                             ; 0.121 V                             ; 2.69e-010 s                ; 2.76e-010 s                ; Yes                       ; Yes                       ;
; HEX1S[3]      ; 2.5 V        ; 0 s                 ; 0 s                 ; 2.62 V                       ; 4.11e-008 V                  ; 2.73 V              ; -0.0569 V           ; 0.191 V                              ; 0.121 V                              ; 2.69e-010 s                 ; 2.76e-010 s                 ; Yes                        ; Yes                        ; 2.62 V                      ; 4.11e-008 V                 ; 2.73 V             ; -0.0569 V          ; 0.191 V                             ; 0.121 V                             ; 2.69e-010 s                ; 2.76e-010 s                ; Yes                       ; Yes                       ;
; HEX1S[2]      ; 2.5 V        ; 0 s                 ; 0 s                 ; 2.62 V                       ; 4.11e-008 V                  ; 2.73 V              ; -0.0569 V           ; 0.191 V                              ; 0.121 V                              ; 2.69e-010 s                 ; 2.76e-010 s                 ; Yes                        ; Yes                        ; 2.62 V                      ; 4.11e-008 V                 ; 2.73 V             ; -0.0569 V          ; 0.191 V                             ; 0.121 V                             ; 2.69e-010 s                ; 2.76e-010 s                ; Yes                       ; Yes                       ;
; HEX1S[1]      ; 2.5 V        ; 0 s                 ; 0 s                 ; 2.62 V                       ; 4.11e-008 V                  ; 2.73 V              ; -0.0569 V           ; 0.191 V                              ; 0.121 V                              ; 2.69e-010 s                 ; 2.76e-010 s                 ; Yes                        ; Yes                        ; 2.62 V                      ; 4.11e-008 V                 ; 2.73 V             ; -0.0569 V          ; 0.191 V                             ; 0.121 V                             ; 2.69e-010 s                ; 2.76e-010 s                ; Yes                       ; Yes                       ;
; HEX1S[0]      ; 2.5 V        ; 0 s                 ; 0 s                 ; 2.62 V                       ; 4.11e-008 V                  ; 2.73 V              ; -0.0569 V           ; 0.191 V                              ; 0.121 V                              ; 2.69e-010 s                 ; 2.76e-010 s                 ; Yes                        ; Yes                        ; 2.62 V                      ; 4.11e-008 V                 ; 2.73 V             ; -0.0569 V          ; 0.191 V                             ; 0.121 V                             ; 2.69e-010 s                ; 2.76e-010 s                ; Yes                       ; Yes                       ;
; LEDR[7]       ; 2.5 V        ; 0 s                 ; 0 s                 ; 2.62 V                       ; 2.78e-008 V                  ; 2.71 V              ; -0.0352 V           ; 0.253 V                              ; 0.07 V                               ; 4.96e-010 s                 ; 5.19e-010 s                 ; No                         ; Yes                        ; 2.62 V                      ; 2.78e-008 V                 ; 2.71 V             ; -0.0352 V          ; 0.253 V                             ; 0.07 V                              ; 4.96e-010 s                ; 5.19e-010 s                ; No                        ; Yes                       ;
; LEDR[6]       ; 2.5 V        ; 0 s                 ; 0 s                 ; 2.62 V                       ; 2.78e-008 V                  ; 2.71 V              ; -0.0352 V           ; 0.253 V                              ; 0.07 V                               ; 4.96e-010 s                 ; 5.19e-010 s                 ; No                         ; Yes                        ; 2.62 V                      ; 2.78e-008 V                 ; 2.71 V             ; -0.0352 V          ; 0.253 V                             ; 0.07 V                              ; 4.96e-010 s                ; 5.19e-010 s                ; No                        ; Yes                       ;
; LEDR[5]       ; 2.5 V        ; 0 s                 ; 0 s                 ; 2.62 V                       ; 2.78e-008 V                  ; 2.71 V              ; -0.0352 V           ; 0.253 V                              ; 0.07 V                               ; 4.96e-010 s                 ; 5.19e-010 s                 ; No                         ; Yes                        ; 2.62 V                      ; 2.78e-008 V                 ; 2.71 V             ; -0.0352 V          ; 0.253 V                             ; 0.07 V                              ; 4.96e-010 s                ; 5.19e-010 s                ; No                        ; Yes                       ;
; LEDR[4]       ; 2.5 V        ; 0 s                 ; 0 s                 ; 2.62 V                       ; 2.78e-008 V                  ; 2.71 V              ; -0.0352 V           ; 0.253 V                              ; 0.07 V                               ; 4.96e-010 s                 ; 5.19e-010 s                 ; No                         ; Yes                        ; 2.62 V                      ; 2.78e-008 V                 ; 2.71 V             ; -0.0352 V          ; 0.253 V                             ; 0.07 V                              ; 4.96e-010 s                ; 5.19e-010 s                ; No                        ; Yes                       ;
; LEDR[3]       ; 2.5 V        ; 0 s                 ; 0 s                 ; 2.62 V                       ; 2.78e-008 V                  ; 2.71 V              ; -0.0352 V           ; 0.253 V                              ; 0.07 V                               ; 4.96e-010 s                 ; 5.19e-010 s                 ; No                         ; Yes                        ; 2.62 V                      ; 2.78e-008 V                 ; 2.71 V             ; -0.0352 V          ; 0.253 V                             ; 0.07 V                              ; 4.96e-010 s                ; 5.19e-010 s                ; No                        ; Yes                       ;
; LEDR[2]       ; 2.5 V        ; 0 s                 ; 0 s                 ; 2.62 V                       ; 2.78e-008 V                  ; 2.64 V              ; -0.0109 V           ; 0.244 V                              ; 0.16 V                               ; 2.42e-009 s                 ; 2.37e-009 s                 ; No                         ; Yes                        ; 2.62 V                      ; 2.78e-008 V                 ; 2.64 V             ; -0.0109 V          ; 0.244 V                             ; 0.16 V                              ; 2.42e-009 s                ; 2.37e-009 s                ; No                        ; Yes                       ;
; LEDR[1]       ; 2.5 V        ; 0 s                 ; 0 s                 ; 2.62 V                       ; 2.78e-008 V                  ; 2.71 V              ; -0.0352 V           ; 0.253 V                              ; 0.07 V                               ; 4.96e-010 s                 ; 5.19e-010 s                 ; No                         ; Yes                        ; 2.62 V                      ; 2.78e-008 V                 ; 2.71 V             ; -0.0352 V          ; 0.253 V                             ; 0.07 V                              ; 4.96e-010 s                ; 5.19e-010 s                ; No                        ; Yes                       ;
; LEDR[0]       ; 2.5 V        ; 0 s                 ; 0 s                 ; 2.62 V                       ; 2.78e-008 V                  ; 2.71 V              ; -0.0352 V           ; 0.253 V                              ; 0.07 V                               ; 4.96e-010 s                 ; 5.19e-010 s                 ; No                         ; Yes                        ; 2.62 V                      ; 2.78e-008 V                 ; 2.71 V             ; -0.0352 V          ; 0.253 V                             ; 0.07 V                              ; 4.96e-010 s                ; 5.19e-010 s                ; No                        ; Yes                       ;
; ~ALTERA_DCLK~ ; 2.5 V        ; 0 s                 ; 0 s                 ; 2.62 V                       ; 2.19e-008 V                  ; 2.72 V              ; -0.0747 V           ; 0.28 V                               ; 0.169 V                              ; 3.1e-010 s                  ; 3.01e-010 s                 ; No                         ; Yes                        ; 2.62 V                      ; 2.19e-008 V                 ; 2.72 V             ; -0.0747 V          ; 0.28 V                              ; 0.169 V                             ; 3.1e-010 s                 ; 3.01e-010 s                ; No                        ; Yes                       ;
+---------------+--------------+---------------------+---------------------+------------------------------+------------------------------+---------------------+---------------------+--------------------------------------+--------------------------------------+-----------------------------+-----------------------------+----------------------------+----------------------------+-----------------------------+-----------------------------+--------------------+--------------------+-------------------------------------+-------------------------------------+----------------------------+----------------------------+---------------------------+---------------------------+


+-------------------------------------------------------------------+
; Setup Transfers                                                   ;
+------------+----------+----------+----------+----------+----------+
; From Clock ; To Clock ; RR Paths ; FR Paths ; RF Paths ; FF Paths ;
+------------+----------+----------+----------+----------+----------+
; inst10     ; clk      ; 1        ; 1        ; 0        ; 0        ;
; inst10     ; inst10   ; 478      ; 0        ; 0        ; 0        ;
+------------+----------+----------+----------+----------+----------+
Entries labeled "false path" only account for clock-to-clock false paths and not path-based false paths. As a result, actual path counts may be lower than reported.


+-------------------------------------------------------------------+
; Hold Transfers                                                    ;
+------------+----------+----------+----------+----------+----------+
; From Clock ; To Clock ; RR Paths ; FR Paths ; RF Paths ; FF Paths ;
+------------+----------+----------+----------+----------+----------+
; inst10     ; clk      ; 1        ; 1        ; 0        ; 0        ;
; inst10     ; inst10   ; 478      ; 0        ; 0        ; 0        ;
+------------+----------+----------+----------+----------+----------+
Entries labeled "false path" only account for clock-to-clock false paths and not path-based false paths. As a result, actual path counts may be lower than reported.


---------------
; Report TCCS ;
---------------
No dedicated SERDES Transmitter circuitry present in device or used in design


---------------
; Report RSKM ;
---------------
No dedicated SERDES Receiver circuitry present in device or used in design


+------------------------------------------------+
; Unconstrained Paths                            ;
+---------------------------------+-------+------+
; Property                        ; Setup ; Hold ;
+---------------------------------+-------+------+
; Illegal Clocks                  ; 0     ; 0    ;
; Unconstrained Clocks            ; 0     ; 0    ;
; Unconstrained Input Ports       ; 10    ; 10   ;
; Unconstrained Input Port Paths  ; 107   ; 107  ;
; Unconstrained Output Ports      ; 23    ; 23   ;
; Unconstrained Output Port Paths ; 65    ; 65   ;
+---------------------------------+-------+------+


+------------------------------------+
; TimeQuest Timing Analyzer Messages ;
+------------------------------------+
Info: *******************************************************************
Info: Running Quartus II TimeQuest Timing Analyzer
    Info: Version 9.1 Build 350 03/24/2010 Service Pack 2 SJ Web Edition
    Info: Processing started: Fri Sep 15 10:01:00 2023
Info: Command: quartus_sta uart -c transmitter
Info: qsta_default_script.tcl version: #1
Info: Core supply voltage is 1.2V
Info: Low junction temperature is 0 degrees C
Info: High junction temperature is 85 degrees C
Critical Warning: Synopsys Design Constraints File file not found: 'transmitter.sdc'. A Synopsys Design Constraints File is required by the TimeQuest Timing Analyzer to get proper timing constraints. Without it, the Compiler will not properly optimize the design.
Info: No user constrained base clocks found in the design. Calling "derive_clocks -period 1.0"
Info: Deriving Clocks
    Info: create_clock -period 1.000 -name inst10 inst10
    Info: create_clock -period 1.000 -name clk clk
Info: No user constrained clock uncertainty found in the design. Calling "derive_clock_uncertainty"
Info: Deriving Clock Uncertainty
    Info: set_clock_uncertainty -rise_from [get_clocks {inst10}] -rise_to [get_clocks {inst10}] -setup 0.020
    Info: set_clock_uncertainty -rise_from [get_clocks {inst10}] -fall_to [get_clocks {inst10}] -setup 0.020
    Info: set_clock_uncertainty -fall_from [get_clocks {inst10}] -rise_to [get_clocks {inst10}] -setup 0.020
    Info: set_clock_uncertainty -fall_from [get_clocks {inst10}] -fall_to [get_clocks {inst10}] -setup 0.020
    Info: set_clock_uncertainty -rise_from [get_clocks {inst10}] -rise_to [get_clocks {inst10}] -hold 0.020
    Info: set_clock_uncertainty -rise_from [get_clocks {inst10}] -fall_to [get_clocks {inst10}] -hold 0.020
    Info: set_clock_uncertainty -fall_from [get_clocks {inst10}] -rise_to [get_clocks {inst10}] -hold 0.020
    Info: set_clock_uncertainty -fall_from [get_clocks {inst10}] -fall_to [get_clocks {inst10}] -hold 0.020
    Info: set_clock_uncertainty -rise_from [get_clocks {inst10}] -rise_to [get_clocks {clk}] -setup 0.030
    Info: set_clock_uncertainty -rise_from [get_clocks {inst10}] -fall_to [get_clocks {clk}] -setup 0.030
    Info: set_clock_uncertainty -fall_from [get_clocks {inst10}] -rise_to [get_clocks {clk}] -setup 0.030
    Info: set_clock_uncertainty -fall_from [get_clocks {inst10}] -fall_to [get_clocks {clk}] -setup 0.030
    Info: set_clock_uncertainty -rise_from [get_clocks {inst10}] -rise_to [get_clocks {clk}] -hold 0.030
    Info: set_clock_uncertainty -rise_from [get_clocks {inst10}] -fall_to [get_clocks {clk}] -hold 0.030
    Info: set_clock_uncertainty -fall_from [get_clocks {inst10}] -rise_to [get_clocks {clk}] -hold 0.030
    Info: set_clock_uncertainty -fall_from [get_clocks {inst10}] -fall_to [get_clocks {clk}] -hold 0.030
Info: Analyzing Slow 1200mV 85C Model
Critical Warning: Timing requirements not met
Info: Worst-case setup slack is -2.502
    Info:     Slack End Point TNS Clock 
    Info: ========= ============= =====================
    Info:    -2.502       -49.707 inst10 
    Info:     0.085         0.000 clk 
Info: Worst-case hold slack is -0.156
    Info:     Slack End Point TNS Clock 
    Info: ========= ============= =====================
    Info:    -0.156        -0.156 clk 
    Info:     0.337         0.000 inst10 
Info: No Recovery paths to report
Info: No Removal paths to report
Info: Worst-case minimum pulse width slack is -3.000
    Info:     Slack End Point TNS Clock 
    Info: ========= ============= =====================
    Info:    -3.000        -4.000 clk 
    Info:    -1.000       -34.000 inst10 
Info: Analyzing Slow 1200mV 0C Model
Info: Started post-fitting delay annotation
Info: Delay annotation completed successfully
Info: Deriving Clock Uncertainty
    Info: set_clock_uncertainty -rise_from [get_clocks {inst10}] -rise_to [get_clocks {inst10}] -setup 0.020
    Info: set_clock_uncertainty -rise_from [get_clocks {inst10}] -fall_to [get_clocks {inst10}] -setup 0.020
    Info: set_clock_uncertainty -fall_from [get_clocks {inst10}] -rise_to [get_clocks {inst10}] -setup 0.020
    Info: set_clock_uncertainty -fall_from [get_clocks {inst10}] -fall_to [get_clocks {inst10}] -setup 0.020
    Info: set_clock_uncertainty -rise_from [get_clocks {inst10}] -rise_to [get_clocks {inst10}] -hold 0.020
    Info: set_clock_uncertainty -rise_from [get_clocks {inst10}] -fall_to [get_clocks {inst10}] -hold 0.020
    Info: set_clock_uncertainty -fall_from [get_clocks {inst10}] -rise_to [get_clocks {inst10}] -hold 0.020
    Info: set_clock_uncertainty -fall_from [get_clocks {inst10}] -fall_to [get_clocks {inst10}] -hold 0.020
    Info: set_clock_uncertainty -rise_from [get_clocks {inst10}] -rise_to [get_clocks {clk}] -setup 0.030
    Info: set_clock_uncertainty -rise_from [get_clocks {inst10}] -fall_to [get_clocks {clk}] -setup 0.030
    Info: set_clock_uncertainty -fall_from [get_clocks {inst10}] -rise_to [get_clocks {clk}] -setup 0.030
    Info: set_clock_uncertainty -fall_from [get_clocks {inst10}] -fall_to [get_clocks {clk}] -setup 0.030
    Info: set_clock_uncertainty -rise_from [get_clocks {inst10}] -rise_to [get_clocks {clk}] -hold 0.030
    Info: set_clock_uncertainty -rise_from [get_clocks {inst10}] -fall_to [get_clocks {clk}] -hold 0.030
    Info: set_clock_uncertainty -fall_from [get_clocks {inst10}] -rise_to [get_clocks {clk}] -hold 0.030
    Info: set_clock_uncertainty -fall_from [get_clocks {inst10}] -fall_to [get_clocks {clk}] -hold 0.030
Critical Warning: Timing requirements not met
Info: Worst-case setup slack is -2.111
    Info:     Slack End Point TNS Clock 
    Info: ========= ============= =====================
    Info:    -2.111       -41.015 inst10 
    Info:     0.186         0.000 clk 
Info: Worst-case hold slack is -0.209
    Info:     Slack End Point TNS Clock 
    Info: ========= ============= =====================
    Info:    -0.209        -0.209 clk 
    Info:     0.292         0.000 inst10 
Info: No Recovery paths to report
Info: No Removal paths to report
Info: Worst-case minimum pulse width slack is -3.000
    Info:     Slack End Point TNS Clock 
    Info: ========= ============= =====================
    Info:    -3.000        -4.000 clk 
    Info:    -1.000       -34.000 inst10 
Info: Analyzing Fast 1200mV 0C Model
Info: Started post-fitting delay annotation
Info: Delay annotation completed successfully
Info: Deriving Clock Uncertainty
    Info: set_clock_uncertainty -rise_from [get_clocks {inst10}] -rise_to [get_clocks {inst10}] -setup 0.020
    Info: set_clock_uncertainty -rise_from [get_clocks {inst10}] -fall_to [get_clocks {inst10}] -setup 0.020
    Info: set_clock_uncertainty -fall_from [get_clocks {inst10}] -rise_to [get_clocks {inst10}] -setup 0.020
    Info: set_clock_uncertainty -fall_from [get_clocks {inst10}] -fall_to [get_clocks {inst10}] -setup 0.020
    Info: set_clock_uncertainty -rise_from [get_clocks {inst10}] -rise_to [get_clocks {inst10}] -hold 0.020
    Info: set_clock_uncertainty -rise_from [get_clocks {inst10}] -fall_to [get_clocks {inst10}] -hold 0.020
    Info: set_clock_uncertainty -fall_from [get_clocks {inst10}] -rise_to [get_clocks {inst10}] -hold 0.020
    Info: set_clock_uncertainty -fall_from [get_clocks {inst10}] -fall_to [get_clocks {inst10}] -hold 0.020
    Info: set_clock_uncertainty -rise_from [get_clocks {inst10}] -rise_to [get_clocks {clk}] -setup 0.030
    Info: set_clock_uncertainty -rise_from [get_clocks {inst10}] -fall_to [get_clocks {clk}] -setup 0.030
    Info: set_clock_uncertainty -fall_from [get_clocks {inst10}] -rise_to [get_clocks {clk}] -setup 0.030
    Info: set_clock_uncertainty -fall_from [get_clocks {inst10}] -fall_to [get_clocks {clk}] -setup 0.030
    Info: set_clock_uncertainty -rise_from [get_clocks {inst10}] -rise_to [get_clocks {clk}] -hold 0.030
    Info: set_clock_uncertainty -rise_from [get_clocks {inst10}] -fall_to [get_clocks {clk}] -hold 0.030
    Info: set_clock_uncertainty -fall_from [get_clocks {inst10}] -rise_to [get_clocks {clk}] -hold 0.030
    Info: set_clock_uncertainty -fall_from [get_clocks {inst10}] -fall_to [get_clocks {clk}] -hold 0.030
Critical Warning: Timing requirements not met
Info: Worst-case setup slack is -0.950
    Info:     Slack End Point TNS Clock 
    Info: ========= ============= =====================
    Info:    -0.950       -14.939 inst10 
    Info:     0.312         0.000 clk 
Info: Worst-case hold slack is -0.155
    Info:     Slack End Point TNS Clock 
    Info: ========= ============= =====================
    Info:    -0.155        -0.155 clk 
    Info:     0.166         0.000 inst10 
Info: No Recovery paths to report
Info: No Removal paths to report
Info: Worst-case minimum pulse width slack is -3.000
    Info:     Slack End Point TNS Clock 
    Info: ========= ============= =====================
    Info:    -3.000        -4.000 clk 
    Info:    -1.000       -34.000 inst10 
Info: Design is not fully constrained for setup requirements
Info: Design is not fully constrained for hold requirements
Info: Quartus II TimeQuest Timing Analyzer was successful. 0 errors, 4 warnings
    Info: Peak virtual memory: 235 megabytes
    Info: Processing ended: Fri Sep 15 10:01:04 2023
    Info: Elapsed time: 00:00:04
    Info: Total CPU time (on all processors): 00:00:03


